OrderID,Date,Region,Category,Product,CustomerSegment,Channel,UnitsSold,UnitPrice,DiscountPct,MarketingSpend,Sales,MarketingSpend_Missing,DayOfWeek,IsWeekend
100000,2024-01-01,West,Beauty,Moisturizer,Returning,Online,2,25.59,0.0,49.61,51.18,0,Monday,False
100001,2024-01-01,East,Home & Kitchen,Coffee Maker,New,Online,3,55.32,0.0,6.97,165.96,0,Monday,False
100002,2024-01-01,North,Beauty,Lipstick Set,Returning,In-Store,3,27.7,0.0,43.0,83.1,0,Monday,False
100003,2024-01-01,East,Electronics,Bluetooth Speaker,New,Marketplace,2,59.9,0.0,0.8,119.8,0,Monday,False
100004,2024-01-01,North,Beauty,Lipstick Set,Returning,In-Store,3,27.18,0.0,15.59,81.54,0,Monday,False
100005,2024-01-01,South,Home & Kitchen,Vacuum Cleaner,New,Marketplace,2,110.1,0.0,19.76,220.2,0,Monday,False
100006,2024-01-02,North,Electronics,Power Bank,New,Online,3,28.37,0.1,30.3,76.6,0,Tuesday,False
100007,2024-01-02,West,Home & Kitchen,Air Fryer,Loyalty,Marketplace,4,87.83,0.0,3.18,351.32,0,Tuesday,False
100008,2024-01-02,South,Beauty,Face Serum,Returning,In-Store,3,24.24,0.2,42.45,58.18,0,Tuesday,False
100009,2024-01-02,East,Apparel,Jacket,New,Online,2,94.81,0.0,5.39,189.62,0,Tuesday,False
100010,2024-01-02,North,Apparel,T-Shirt,New,Online,5,21.41,0.1,11.44,96.34,0,Tuesday,False
100012,2024-01-02,South,Beauty,Moisturizer,Returning,Marketplace,2,19.48,0.15,13.61,33.12,0,Tuesday,False
100013,2024-01-02,East,Electronics,Power Bank,New,Online,3,23.92,0.0,11.11,71.76,0,Tuesday,False
100014,2024-01-02,North,Beauty,Moisturizer,Loyalty,Online,1,23.4,0.0,12.34,23.4,0,Tuesday,False
100015,2024-01-02,East,Apparel,T-Shirt,New,Marketplace,3,19.85,0.0,25.13,59.55,0,Tuesday,False
100016,2024-01-02,North,Electronics,Power Bank,Loyalty,Online,2,24.06,0.0,29.63,48.12,0,Tuesday,False
100017,2024-01-02,North,Beauty,Lipstick Set,New,Marketplace,5,29.54,0.0,31.68,147.7,0,Tuesday,False
100018,2024-01-02,South,Beauty,Moisturizer,Loyalty,Online,5,19.39,0.0,35.56,96.95,0,Tuesday,False
100019,2024-01-02,West,Beauty,Moisturizer,New,Marketplace,2,26.38,0.1,33.78,47.48,0,Tuesday,False
100020,2024-01-03,West,Home & Kitchen,Vacuum Cleaner,Returning,Marketplace,1,144.66,0.1,42.82,130.19,0,Wednesday,False
100021,2024-01-03,South,Electronics,Power Bank,Loyalty,Marketplace,4,21.3,0.15,30.32,72.42,0,Wednesday,False
100022,2024-01-03,North,Home & Kitchen,Air Fryer,Returning,Online,2,75.33,0.2,8.8,120.53,0,Wednesday,False
100023,2024-01-03,North,Home & Kitchen,Air Fryer,New,Online,3,84.47,0.0,28.42,253.41,0,Wednesday,False
100024,2024-01-03,North,Apparel,Running Shoes,New,Online,5,80.51,0.0,17.5,402.55,0,Wednesday,False
100025,2024-01-03,East,Apparel,Backpack,Loyalty,Online,3,49.93,0.0,38.43,149.79,0,Wednesday,False
100026,2024-01-03,North,Beauty,Moisturizer,Returning,Online,3,24.93,0.0,49.02,74.79,0,Wednesday,False
100027,2024-01-03,North,Electronics,Wireless Earbuds,New,Online,3,44.69,0.0,27.84,134.07,0,Wednesday,False
100028,2024-01-04,North,Apparel,Running Shoes,Loyalty,Marketplace,5,72.44,0.0,19.84,362.2,0,Thursday,False
100029,2024-01-04,North,Apparel,Jacket,New,In-Store,3,101.45,0.0,27.13,304.35,0,Thursday,False
100030,2024-01-04,North,Home & Kitchen,Coffee Maker,New,Online,3,60.69,0.1,10.79,163.86,0,Thursday,False
100031,2024-01-04,East,Beauty,Shampoo,New,Online,3,11.35,0.0,36.3,34.05,0,Thursday,False
100032,2024-01-04,West,Beauty,Shampoo,New,In-Store,3,13.25,0.0,48.13,39.75,0,Thursday,False
100033,2024-01-04,West,Electronics,Power Bank,Returning,Online,1,28.59,0.0,11.99,28.59,0,Thursday,False
100034,2024-01-04,North,Electronics,Power Bank,Loyalty,In-Store,5,28.02,0.0,20.98,140.1,0,Thursday,False
100035,2024-01-04,North,Beauty,Lipstick Set,Returning,Online,4,29.77,0.0,2.04,119.08,0,Thursday,False
100036,2024-01-04,West,Beauty,Face Serum,Returning,Online,5,32.27,0.0,19.93,161.35,0,Thursday,False
100037,2024-01-04,East,Electronics,Power Bank,New,Online,2,24.87,0.15,25.05,42.28,0,Thursday,False
100038,2024-01-04,South,Electronics,Power Bank,Returning,Marketplace,2,22.58,0.15,28.77,38.39,0,Thursday,False
100039,2024-01-04,South,Beauty,Face Serum,Returning,Online,5,26.48,0.0,41.02,132.4,0,Thursday,False
100040,2024-01-05,East,Apparel,T-Shirt,Returning,Online,2,19.38,0.0,31.45,38.76,0,Friday,False
100041,2024-01-05,West,Beauty,Face Serum,Loyalty,Online,2,33.89,0.0,28.43,67.78,0,Friday,False
100042,2024-01-05,East,Apparel,Backpack,New,Online,5,51.91,0.0,11.91,259.55,0,Friday,False
100043,2024-01-05,South,Electronics,Smartphone Case,Returning,Online,5,12.75,0.15,19.46,54.19,0,Friday,False
100044,2024-01-05,North,Electronics,Bluetooth Speaker,New,Online,4,72.31,0.0,14.66,289.24,0,Friday,False
100045,2024-01-06,East,Apparel,Backpack,Returning,Online,2,52.66,0.2,49.8,84.26,0,Saturday,True
100046,2024-01-06,North,Apparel,Jacket,Returning,In-Store,4,103.4,0.15,41.92,351.56,0,Saturday,True
100047,2024-01-06,South,Beauty,Shampoo,New,Marketplace,2,11.07,0.0,4.24,22.14,0,Saturday,True
100048,2024-01-06,West,Beauty,Face Serum,New,Marketplace,1,31.49,0.0,24.08,31.49,0,Saturday,True
100049,2024-01-06,South,Apparel,Jacket,New,Online,3,85.33,0.0,20.26,255.99,0,Saturday,True
100050,2024-01-06,East,Beauty,Moisturizer,Returning,Marketplace,1,20.79,0.0,23.89,20.79,0,Saturday,True
100051,2024-01-06,North,Electronics,Smartphone Case,Returning,Marketplace,5,17.13,0.2,2.16,68.52,0,Saturday,True
100052,2024-01-06,West,Home & Kitchen,Air Fryer,Loyalty,Online,3,89.83,0.0,10.84,269.49,0,Saturday,True
100053,2024-01-06,North,Electronics,Wireless Earbuds,Returning,Online,1,50.04,0.15,47.94,42.53,0,Saturday,True
100054,2024-01-07,North,Electronics,Power Bank,New,In-Store,2,26.46,0.0,13.0,52.92,0,Sunday,True
100055,2024-01-07,South,Apparel,T-Shirt,New,Online,5,17.21,0.0,8.13,86.05,0,Sunday,True
100056,2024-01-07,West,Electronics,Smartphone Case,Loyalty,In-Store,1,17.85,0.15,0.0,121.36,1,Sunday,True
100057,2024-01-07,North,Electronics,Smartphone Case,Loyalty,Marketplace,1,16.39,0.0,37.48,16.39,0,Sunday,True
100058,2024-01-08,North,Apparel,Running Shoes,Returning,Online,5,77.02,0.1,47.24,346.59,0,Monday,False
100059,2024-01-08,West,Electronics,Wireless Earbuds,Returning,Online,3,51.87,0.0,10.36,155.61,0,Monday,False
100060,2024-01-08,West,Beauty,Moisturizer,New,Online,2,20.9,0.1,15.39,37.62,0,Monday,False
100061,2024-01-08,West,Beauty,Face Serum,New,In-Store,1,34.04,0.0,1.44,34.04,0,Monday,False
100062,2024-01-08,East,Electronics,Smartphone Case,Returning,Online,4,15.04,0.0,27.74,60.16,0,Monday,False
100063,2024-01-09,North,Home & Kitchen,Air Fryer,New,Online,3,89.06,0.0,3.79,267.18,0,Tuesday,False
100064,2024-01-09,North,Apparel,Backpack,New,Online,4,53.59,0.15,23.7,182.21,0,Tuesday,False
100065,2024-01-09,East,Home & Kitchen,Air Fryer,New,Online,5,75.76,0.0,17.38,378.8,0,Tuesday,False
100066,2024-01-09,North,Home & Kitchen,Air Fryer,Returning,Online,2,86.35,0.0,4.61,172.7,0,Tuesday,False
100067,2024-01-09,South,Home & Kitchen,Blender,Returning,Online,5,34.53,0.0,43.42,172.65,0,Tuesday,False
100068,2024-01-09,North,Apparel,T-Shirt,Loyalty,Online,2,22.21,0.0,3.12,44.42,0,Tuesday,False
100069,2024-01-09,North,Apparel,Jacket,Returning,Marketplace,3,106.91,0.0,5.36,320.73,0,Tuesday,False
100070,2024-01-09,South,Apparel,Jacket,New,Online,5,82.05,0.1,4.46,369.22,0,Tuesday,False
100071,2024-01-09,South,Electronics,Wireless Earbuds,New,Online,2,37.89,0.1,24.92,68.2,0,Tuesday,False
100072,2024-01-09,North,Apparel,Running Shoes,Returning,In-Store,1,69.27,0.0,44.98,69.27,0,Tuesday,False
100073,2024-01-09,East,Apparel,Backpack,Returning,Online,1,52.67,0.0,5.09,52.67,0,Tuesday,False
100074,2024-01-09,North,Apparel,Backpack,New,Online,1,55.13,0.0,49.12,55.13,0,Tuesday,False
100075,2024-01-10,North,Beauty,Face Serum,New,Online,3,31.63,0.0,36.81,94.89,0,Wednesday,False
100076,2024-01-10,South,Electronics,Smartphone Case,Returning,Online,3,13.37,0.0,18.46,40.11,0,Wednesday,False
100077,2024-01-10,South,Electronics,Bluetooth Speaker,Returning,Online,2,55.29,0.0,6.94,110.58,0,Wednesday,False
100078,2024-01-10,North,Electronics,Bluetooth Speaker,Returning,In-Store,3,67.9,0.1,48.25,183.33,0,Wednesday,False
100079,2024-01-10,North,Beauty,Lipstick Set,Loyalty,Online,3,27.22,0.15,36.08,69.41,0,Wednesday,False
100080,2024-01-10,North,Electronics,Power Bank,Loyalty,In-Store,4,27.06,0.1,33.26,97.42,0,Wednesday,False
100081,2024-01-10,South,Beauty,Face Serum,Loyalty,Online,3,26.57,0.0,0.0,79.71,1,Wednesday,False
100082,2024-01-10,South,Electronics,Wireless Earbuds,New,Online,2,42.31,0.0,5.84,84.62,0,Wednesday,False
100084,2024-01-10,East,Electronics,Smartphone Case,Returning,In-Store,3,16.13,0.15,17.1,41.13,0,Wednesday,False
100085,2024-01-11,East,Home & Kitchen,Blender,Returning,In-Store,4,40.8,0.0,29.95,163.2,0,Thursday,False
100086,2024-01-11,West,Home & Kitchen,Coffee Maker,New,Online,2,63.82,0.0,0.91,127.64,0,Thursday,False
100087,2024-01-11,West,Beauty,Moisturizer,Returning,In-Store,5,28.64,0.0,7.63,143.2,0,Thursday,False
100088,2024-01-11,East,Home & Kitchen,Air Fryer,Returning,In-Store,1,79.64,0.0,49.24,79.64,0,Thursday,False
100089,2024-01-11,West,Home & Kitchen,Blender,Loyalty,Marketplace,3,47.8,0.0,19.95,143.4,0,Thursday,False
100090,2024-01-11,North,Electronics,Smartphone Case,Loyalty,Online,1,16.33,0.15,46.15,13.88,0,Thursday,False
100091,2024-01-11,South,Apparel,Running Shoes,Loyalty,In-Store,3,60.02,0.0,7.04,180.06,0,Thursday,False
100092,2024-01-12,East,Apparel,T-Shirt,Loyalty,Online,4,18.66,0.0,15.5,74.64,0,Friday,False
100093,2024-01-12,South,Apparel,Jacket,Returning,Online,5,81.6,0.0,18.89,408.0,0,Friday,False
100094,2024-01-12,West,Apparel,Running Shoes,New,In-Store,2,69.83,0.0,27.98,139.66,0,Friday,False
100095,2024-01-12,North,Electronics,Power Bank,Loyalty,Marketplace,2,29.0,0.0,32.2,58.0,0,Friday,False
100097,2024-01-12,South,Beauty,Shampoo,New,In-Store,3,9.63,0.0,11.91,28.89,0,Friday,False
100098,2024-01-12,North,Beauty,Moisturizer,Returning,Marketplace,3,23.87,0.0,4.35,71.61,0,Friday,False
100099,2024-01-13,West,Beauty,Face Serum,Loyalty,In-Store,2,32.68,0.15,40.87,55.56,0,Saturday,True
100100,2024-01-13,South,Home & Kitchen,Blender,New,In-Store,4,35.14,0.1,18.14,126.5,0,Saturday,True
100101,2024-01-13,West,Apparel,Backpack,Loyalty,In-Store,1,60.42,0.15,24.37,51.36,0,Saturday,True
100102,2024-01-13,West,Beauty,Moisturizer,Returning,Online,1,28.03,0.0,6.97,28.03,0,Saturday,True
100103,2024-01-13,West,Beauty,Shampoo,Returning,Online,5,14.26,0.0,45.71,71.3,0,Saturday,True
100104,2024-01-13,North,Beauty,Face Serum,New,In-Store,1,35.99,0.0,7.0,35.99,0,Saturday,True
100105,2024-01-13,North,Apparel,Running Shoes,Returning,Online,5,76.92,0.0,8.77,384.6,0,Saturday,True
100106,2024-01-13,West,Home & Kitchen,Air Fryer,New,Online,2,94.38,0.0,30.16,188.76,0,Saturday,True
100107,2024-01-13,North,Electronics,Bluetooth Speaker,New,Online,1,63.61,0.0,30.52,63.61,0,Saturday,True
100108,2024-01-13,West,Apparel,Jacket,Loyalty,Online,1,105.04,0.0,42.08,105.04,0,Saturday,True
100109,2024-01-13,West,Apparel,T-Shirt,New,In-Store,2,21.02,0.0,3.76,42.04,0,Saturday,True
100110,2024-01-13,East,Electronics,Wireless Earbuds,Returning,Online,3,46.12,0.0,13.61,138.36,0,Saturday,True
100111,2024-01-14,North,Apparel,T-Shirt,New,Marketplace,1,22.59,0.0,27.1,22.59,0,Sunday,True
100112,2024-01-14,West,Beauty,Lipstick Set,Loyalty,In-Store,1,29.13,0.0,2.58,29.13,0,Sunday,True
100113,2024-01-14,East,Beauty,Shampoo,Returning,Marketplace,2,12.44,0.0,45.77,24.88,0,Sunday,True
100114,2024-01-14,North,Electronics,Bluetooth Speaker,New,Marketplace,2,70.48,0.0,2.74,140.96,0,Sunday,True
100115,2024-01-14,South,Apparel,Running Shoes,Returning,In-Store,3,61.87,0.0,24.05,185.61,0,Sunday,True
100116,2024-01-14,West,Apparel,Backpack,Returning,Online,1,63.37,0.0,26.01,63.37,0,Sunday,True
100117,2024-01-14,South,Beauty,Shampoo,Returning,Online,2,11.06,0.0,43.74,22.12,0,Sunday,True
100118,2024-01-14,South,Beauty,Moisturizer,Returning,Marketplace,4,19.78,0.0,13.58,79.12,0,Sunday,True
100119,2024-01-14,South,Home & Kitchen,Air Fryer,New,Online,1,70.0,0.0,5.52,70.0,0,Sunday,True
100120,2024-01-14,South,Home & Kitchen,Coffee Maker,New,Online,1,50.64,0.0,5.47,50.64,0,Sunday,True
100121,2024-01-14,South,Beauty,Moisturizer,Loyalty,In-Store,5,19.55,0.0,20.88,97.75,0,Sunday,True
100122,2024-01-15,North,Electronics,Smartphone Case,Returning,Online,5,15.47,0.0,29.86,77.35,0,Monday,False
100123,2024-01-15,South,Apparel,Running Shoes,Returning,Online,1,64.8,0.0,40.79,64.8,0,Monday,False
100124,2024-01-15,North,Beauty,Face Serum,Returning,In-Store,5,31.99,0.15,47.78,135.96,0,Monday,False
100125,2024-01-15,West,Electronics,Bluetooth Speaker,Returning,In-Store,3,67.66,0.0,12.63,202.98,0,Monday,False
100126,2024-01-15,North,Apparel,T-Shirt,New,Online,5,22.76,0.0,42.56,113.8,0,Monday,False
100127,2024-01-15,South,Beauty,Shampoo,Returning,Marketplace,2,10.23,0.0,43.22,20.46,0,Monday,False
100128,2024-01-15,East,Beauty,Lipstick Set,Loyalty,Online,3,25.51,0.1,34.87,68.88,0,Monday,False
100129,2024-01-15,East,Apparel,Jacket,Returning,Online,3,93.22,0.2,23.27,223.73,0,Monday,False
100130,2024-01-15,West,Home & Kitchen,Coffee Maker,Loyalty,Online,2,64.57,0.0,0.32,129.14,0,Monday,False
100131,2024-01-15,North,Home & Kitchen,Blender,Loyalty,In-Store,2,44.88,0.0,27.0,89.76,0,Monday,False
100132,2024-01-15,East,Home & Kitchen,Blender,Returning,Online,2,42.42,0.15,5.13,72.11,0,Monday,False
100133,2024-01-15,West,Beauty,Moisturizer,New,Online,1,23.48,0.1,35.43,21.13,0,Monday,False
100134,2024-01-16,South,Electronics,Bluetooth Speaker,Loyalty,Online,3,53.69,0.15,5.11,136.91,0,Tuesday,False
100135,2024-01-16,West,Apparel,Jacket,Loyalty,Online,2,97.16,0.1,11.5,174.89,0,Tuesday,False
100136,2024-01-16,North,Apparel,T-Shirt,Loyalty,Online,5,21.87,0.0,19.88,109.35,0,Tuesday,False
100137,2024-01-16,North,Apparel,Jacket,Returning,Marketplace,2,102.13,0.0,1.56,204.26,0,Tuesday,False
100138,2024-01-16,East,Beauty,Shampoo,Loyalty,Online,4,12.16,0.1,38.55,43.78,0,Tuesday,False
100139,2024-01-16,West,Beauty,Lipstick Set,Returning,Online,5,28.42,0.15,48.38,120.79,0,Tuesday,False
100140,2024-01-16,North,Apparel,T-Shirt,New,In-Store,4,22.4,0.0,8.04,89.6,0,Tuesday,False
100141,2024-01-16,East,Electronics,Wireless Earbuds,Returning,Online,5,41.45,0.0,23.23,207.25,0,Tuesday,False
100142,2024-01-17,South,Beauty,Moisturizer,New,In-Store,2,20.01,0.0,17.53,40.02,0,Wednesday,False
100143,2024-01-17,North,Beauty,Shampoo,New,Online,2,11.85,0.0,40.03,23.7,0,Wednesday,False
100144,2024-01-17,North,Apparel,Backpack,New,In-Store,3,55.58,0.0,30.65,166.74,0,Wednesday,False
100145,2024-01-17,North,Beauty,Moisturizer,Loyalty,In-Store,4,25.27,0.0,40.74,101.08,0,Wednesday,False
100146,2024-01-17,North,Beauty,Moisturizer,Returning,Marketplace,2,23.5,0.0,21.93,47.0,0,Wednesday,False
100147,2024-01-17,East,Beauty,Lipstick Set,Returning,Online,3,24.97,0.0,48.79,74.91,0,Wednesday,False
100148,2024-01-17,South,Beauty,Face Serum,Returning,In-Store,3,25.23,0.0,24.66,75.69,0,Wednesday,False
100149,2024-01-17,North,Apparel,Jacket,New,Online,1,104.93,0.1,8.71,94.44,0,Wednesday,False
100150,2024-01-17,West,Home & Kitchen,Air Fryer,Loyalty,In-Store,4,84.82,0.0,24.33,339.28,0,Wednesday,False
100152,2024-01-17,South,Home & Kitchen,Vacuum Cleaner,Loyalty,Online,2,110.67,0.0,11.88,221.34,0,Wednesday,False
100153,2024-01-17,West,Apparel,T-Shirt,Loyalty,Online,4,23.3,0.0,29.65,93.2,0,Wednesday,False
100154,2024-01-17,East,Beauty,Shampoo,New,In-Store,1,11.22,0.1,6.54,10.1,0,Wednesday,False
100155,2024-01-18,West,Electronics,Wireless Earbuds,New,In-Store,1,54.75,0.0,17.96,54.75,0,Thursday,False
100156,2024-01-18,South,Apparel,T-Shirt,New,Online,1,18.34,0.0,43.41,18.34,0,Thursday,False
100157,2024-01-18,North,Electronics,Power Bank,New,Online,5,28.09,0.15,1.97,119.38,0,Thursday,False
100158,2024-01-18,North,Home & Kitchen,Air Fryer,Loyalty,Online,1,95.55,0.0,23.99,95.55,0,Thursday,False
100159,2024-01-18,East,Home & Kitchen,Coffee Maker,New,Marketplace,3,57.12,0.0,33.34,171.36,0,Thursday,False
100160,2024-01-18,North,Beauty,Shampoo,New,In-Store,2,12.72,0.0,36.54,25.44,0,Thursday,False
100161,2024-01-19,North,Home & Kitchen,Vacuum Cleaner,Loyalty,In-Store,3,135.34,0.15,34.48,345.12,0,Friday,False
100162,2024-01-19,East,Apparel,Jacket,Returning,Online,5,81.67,0.0,30.25,408.35,0,Friday,False
100163,2024-01-19,South,Electronics,Wireless Earbuds,Loyalty,In-Store,5,42.41,0.0,36.92,212.05,0,Friday,False
100164,2024-01-19,West,Electronics,Smartphone Case,New,In-Store,2,17.87,0.0,40.89,35.74,0,Friday,False
100165,2024-01-19,North,Home & Kitchen,Blender,New,Online,4,45.4,0.0,28.17,181.6,0,Friday,False
100166,2024-01-19,South,Electronics,Wireless Earbuds,Returning,Online,3,43.83,0.0,23.17,131.49,0,Friday,False
100168,2024-01-20,North,Beauty,Lipstick Set,New,Online,2,27.75,0.1,21.54,49.95,0,Saturday,True
100169,2024-01-20,West,Electronics,Power Bank,Loyalty,In-Store,3,31.37,0.0,46.72,94.11,0,Saturday,True
100170,2024-01-20,South,Home & Kitchen,Coffee Maker,Returning,Online,4,50.79,0.0,29.05,203.16,0,Saturday,True
100171,2024-01-20,North,Home & Kitchen,Coffee Maker,New,Marketplace,2,61.13,0.0,9.06,122.26,0,Saturday,True
100172,2024-01-20,East,Home & Kitchen,Blender,Returning,In-Store,1,36.81,0.2,24.18,29.45,0,Saturday,True
100173,2024-01-20,West,Electronics,Power Bank,New,In-Store,3,29.38,0.0,31.9,88.14,0,Saturday,True
100174,2024-01-21,East,Apparel,Running Shoes,New,Online,2,69.04,0.0,39.03,138.08,0,Sunday,True
100175,2024-01-21,North,Apparel,Backpack,Returning,In-Store,2,57.07,0.1,7.49,102.73,0,Sunday,True
100176,2024-01-21,South,Electronics,Bluetooth Speaker,New,Marketplace,1,53.5,0.0,32.1,53.5,0,Sunday,True
100177,2024-01-21,East,Beauty,Lipstick Set,New,Online,5,24.84,0.0,7.09,124.2,0,Sunday,True
100178,2024-01-21,North,Apparel,T-Shirt,Returning,Online,5,23.07,0.2,6.42,92.28,0,Sunday,True
100179,2024-01-21,North,Home & Kitchen,Coffee Maker,Returning,Online,4,63.84,0.0,44.71,255.36,0,Sunday,True
100180,2024-01-21,North,Beauty,Face Serum,New,Online,4,35.04,0.0,3.5,140.16,0,Sunday,True
100181,2024-01-21,East,Beauty,Shampoo,Returning,In-Store,4,11.87,0.0,16.65,47.48,0,Sunday,True
100182,2024-01-21,East,Apparel,Backpack,Returning,In-Store,2,45.12,0.0,4.44,90.24,0,Sunday,True
100183,2024-01-21,West,Electronics,Bluetooth Speaker,Returning,Online,2,66.83,0.0,22.52,133.66,0,Sunday,True
100184,2024-01-22,North,Apparel,Backpack,New,Marketplace,4,52.06,0.0,4.38,208.24,0,Monday,False
100185,2024-01-22,West,Electronics,Wireless Earbuds,New,Online,2,49.45,0.0,25.78,98.9,0,Monday,False
100186,2024-01-22,West,Apparel,Jacket,Loyalty,Marketplace,2,90.48,0.0,31.4,180.96,0,Monday,False
100187,2024-01-22,East,Home & Kitchen,Coffee Maker,Returning,Online,4,55.08,0.1,16.13,198.29,0,Monday,False
100188,2024-01-22,North,Apparel,Running Shoes,New,Marketplace,2,81.18,0.0,43.1,162.36,0,Monday,False
100190,2024-01-22,West,Electronics,Wireless Earbuds,New,Online,4,53.06,0.0,15.59,212.24,0,Monday,False
100191,2024-01-22,South,Home & Kitchen,Air Fryer,New,In-Store,5,72.19,0.0,0.0,360.95,1,Monday,False
100192,2024-01-22,South,Apparel,Jacket,Returning,Online,1,81.6,0.2,11.96,65.28,0,Monday,False
100193,2024-01-22,North,Electronics,Power Bank,New,Online,4,27.04,0.0,31.66,108.16,0,Monday,False
100194,2024-01-22,North,Electronics,Bluetooth Speaker,New,Online,4,57.57,0.0,44.33,230.28,0,Monday,False
100195,2024-01-22,South,Electronics,Bluetooth Speaker,New,Online,5,56.52,0.0,48.19,282.6,0,Monday,False
100196,2024-01-22,North,Home & Kitchen,Blender,Returning,In-Store,5,42.8,0.0,10.76,214.0,0,Monday,False
100197,2024-01-23,South,Apparel,T-Shirt,Loyalty,Online,2,18.35,0.0,43.23,36.7,0,Tuesday,False
100199,2024-01-23,East,Electronics,Wireless Earbuds,Returning,Online,5,44.53,0.0,46.52,222.65,0,Tuesday,False
100200,2024-01-23,North,Beauty,Face Serum,Loyalty,Online,3,30.51,0.15,22.53,77.8,0,Tuesday,False
100201,2024-01-23,West,Electronics,Power Bank,Loyalty,Online,5,28.35,0.0,37.31,141.75,0,Tuesday,False
100202,2024-01-23,East,Apparel,Backpack,New,Online,4,47.99,0.0,17.49,191.96,0,Tuesday,False
100203,2024-01-24,North,Beauty,Moisturizer,Loyalty,Online,1,25.77,0.2,33.37,20.62,0,Wednesday,False
100204,2024-01-24,North,Beauty,Shampoo,New,Online,1,12.81,0.2,39.94,10.25,0,Wednesday,False
100205,2024-01-24,North,Beauty,Shampoo,Returning,In-Store,4,13.23,0.0,2.19,52.92,0,Wednesday,False
100206,2024-01-24,North,Home & Kitchen,Blender,New,Online,4,41.55,0.0,0.0,166.2,1,Wednesday,False
100207,2024-01-24,East,Apparel,Running Shoes,New,Marketplace,2,68.71,0.1,43.07,123.68,0,Wednesday,False
100208,2024-01-24,West,Electronics,Bluetooth Speaker,New,In-Store,5,64.54,0.0,16.0,322.7,0,Wednesday,False
100209,2024-01-24,East,Electronics,Smartphone Case,Returning,In-Store,2,15.18,0.0,36.3,30.36,0,Wednesday,False
100210,2024-01-25,South,Beauty,Moisturizer,New,In-Store,1,18.95,0.15,32.88,16.11,0,Thursday,False
100211,2024-01-25,South,Electronics,Power Bank,Loyalty,In-Store,2,21.8,0.0,39.19,43.6,0,Thursday,False
100212,2024-01-25,East,Home & Kitchen,Coffee Maker,Returning,Online,1,57.13,0.1,42.1,51.42,0,Thursday,False
100213,2024-01-25,South,Apparel,T-Shirt,New,Online,4,19.01,0.0,44.31,76.04,0,Thursday,False
100214,2024-01-25,East,Electronics,Smartphone Case,Returning,In-Store,5,14.69,0.0,43.71,73.45,0,Thursday,False
100215,2024-01-25,South,Apparel,Backpack,New,Online,4,42.34,0.0,30.17,169.36,0,Thursday,False
100216,2024-01-25,East,Home & Kitchen,Blender,New,Marketplace,1,38.02,0.0,37.3,38.02,0,Thursday,False
100217,2024-01-25,West,Electronics,Bluetooth Speaker,Loyalty,Online,5,70.33,0.0,16.41,351.65,0,Thursday,False
100218,2024-01-25,South,Home & Kitchen,Blender,New,In-Store,3,37.39,0.0,8.67,112.17,0,Thursday,False
100219,2024-01-25,East,Beauty,Moisturizer,New,In-Store,4,22.97,0.0,28.59,91.88,0,Thursday,False
100220,2024-01-25,East,Electronics,Power Bank,New,Online,5,25.9,0.0,34.88,129.5,0,Thursday,False
100221,2024-01-25,West,Apparel,T-Shirt,New,Marketplace,2,24.93,0.15,42.1,42.38,0,Thursday,False
100222,2024-01-25,North,Electronics,Wireless Earbuds,Returning,Online,2,50.01,0.0,21.84,100.02,0,Thursday,False
100223,2024-01-25,East,Home & Kitchen,Air Fryer,New,In-Store,4,78.49,0.0,46.13,313.96,0,Thursday,False
100224,2024-01-26,North,Apparel,Jacket,New,In-Store,2,103.52,0.0,38.84,207.04,0,Friday,False
100225,2024-01-26,North,Electronics,Power Bank,New,Online,2,26.4,0.0,17.3,52.8,0,Friday,False
100226,2024-01-26,South,Apparel,Jacket,New,Online,3,81.27,0.15,2.61,207.24,0,Friday,False
100227,2024-01-27,East,Home & Kitchen,Air Fryer,New,In-Store,2,82.06,0.0,16.91,164.12,0,Saturday,True
100228,2024-01-27,South,Electronics,Power Bank,Loyalty,Online,1,22.02,0.0,42.53,22.02,0,Saturday,True
100229,2024-01-27,East,Electronics,Power Bank,New,Marketplace,2,24.32,0.0,39.58,48.64,0,Saturday,True
100230,2024-01-27,South,Home & Kitchen,Coffee Maker,New,Marketplace,2,50.58,0.0,20.59,101.16,0,Saturday,True
100232,2024-01-27,East,Electronics,Power Bank,New,Marketplace,2,26.45,0.0,10.24,52.9,0,Saturday,True
100233,2024-01-27,West,Home & Kitchen,Vacuum Cleaner,Loyalty,Online,1,132.7,0.0,37.54,132.7,0,Saturday,True
100234,2024-01-27,East,Home & Kitchen,Air Fryer,New,Online,4,79.28,0.0,32.84,317.12,0,Saturday,True
100235,2024-01-27,West,Home & Kitchen,Blender,Returning,Marketplace,4,53.34,0.0,14.36,213.36,0,Saturday,True
100236,2024-01-27,East,Beauty,Face Serum,Returning,In-Store,2,30.73,0.1,15.84,55.31,0,Saturday,True
100237,2024-01-28,North,Electronics,Power Bank,Returning,Online,4,26.34,0.1,48.39,94.82,0,Sunday,True
100238,2024-01-28,West,Electronics,Power Bank,Returning,Online,1,29.13,0.0,31.73,29.13,0,Sunday,True
100239,2024-01-28,North,Home & Kitchen,Coffee Maker,Returning,Online,3,60.36,0.0,4.65,181.08,0,Sunday,True
100240,2024-01-28,North,Beauty,Shampoo,New,Online,3,13.42,0.1,27.04,36.23,0,Sunday,True
100241,2024-01-28,East,Beauty,Face Serum,Returning,Marketplace,4,29.56,0.0,12.72,118.24,0,Sunday,True
100242,2024-01-28,West,Beauty,Moisturizer,Returning,Online,4,24.58,0.0,22.52,98.32,0,Sunday,True
100243,2024-01-29,North,Electronics,Power Bank,New,Marketplace,3,26.94,0.0,25.63,80.82,0,Monday,False
100244,2024-01-29,South,Apparel,T-Shirt,New,Online,4,18.65,0.0,13.01,74.6,0,Monday,False
100246,2024-01-29,South,Apparel,Running Shoes,Returning,Online,2,64.7,0.1,49.09,116.46,0,Monday,False
100247,2024-01-29,East,Electronics,Bluetooth Speaker,Returning,Online,3,62.65,0.15,5.63,159.76,0,Monday,False
100248,2024-01-29,East,Electronics,Power Bank,New,Online,1,22.64,0.0,14.86,22.64,0,Monday,False
100249,2024-01-29,North,Home & Kitchen,Air Fryer,New,Marketplace,2,86.7,0.0,29.66,173.4,0,Monday,False
100250,2024-01-29,West,Apparel,Jacket,New,Online,1,100.61,0.0,39.46,100.61,0,Monday,False
100251,2024-01-29,East,Electronics,Wireless Earbuds,New,Online,4,41.19,0.0,4.69,164.76,0,Monday,False
100252,2024-01-29,West,Beauty,Lipstick Set,Loyalty,Marketplace,1,27.14,0.0,8.24,27.14,0,Monday,False
100253,2024-01-29,North,Electronics,Bluetooth Speaker,Returning,In-Store,3,65.64,0.0,25.62,196.92,0,Monday,False
100254,2024-01-29,North,Home & Kitchen,Vacuum Cleaner,Returning,In-Store,2,130.63,0.2,13.45,209.01,0,Monday,False
100255,2024-01-30,East,Apparel,Backpack,New,Online,1,45.63,0.0,24.1,45.63,0,Tuesday,False
100256,2024-01-30,North,Apparel,Backpack,New,Online,5,58.19,0.0,41.67,290.95,0,Tuesday,False
100257,2024-01-30,West,Electronics,Smartphone Case,Returning,Online,2,17.35,0.0,46.59,34.7,0,Tuesday,False
100258,2024-01-31,East,Apparel,Jacket,New,Online,1,96.66,0.15,33.55,82.16,0,Wednesday,False
100259,2024-01-31,North,Electronics,Power Bank,New,In-Store,4,26.52,0.1,0.08,95.47,0,Wednesday,False
100260,2024-01-31,East,Apparel,Running Shoes,New,Online,4,67.52,0.0,22.81,270.08,0,Wednesday,False
100261,2024-01-31,South,Apparel,Jacket,Returning,In-Store,1,82.39,0.0,16.05,82.39,0,Wednesday,False
100262,2024-01-31,East,Home & Kitchen,Blender,Returning,In-Store,3,39.8,0.0,45.66,119.4,0,Wednesday,False
100263,2024-01-31,East,Beauty,Lipstick Set,Returning,Online,2,25.02,0.0,41.45,50.04,0,Wednesday,False
100264,2024-01-31,West,Home & Kitchen,Air Fryer,Returning,Online,3,104.32,0.0,6.15,312.96,0,Wednesday,False
100265,2024-02-01,West,Apparel,T-Shirt,Returning,Online,2,22.44,0.0,0.0,44.88,1,Thursday,False
100266,2024-02-01,South,Beauty,Lipstick Set,Returning,Online,4,22.33,0.0,18.95,89.32,0,Thursday,False
100267,2024-02-01,North,Apparel,Jacket,Returning,In-Store,1,101.13,0.0,30.29,101.13,0,Thursday,False
100268,2024-02-01,South,Beauty,Moisturizer,Loyalty,Online,4,18.7,0.0,10.44,74.8,0,Thursday,False
100269,2024-02-01,West,Apparel,Running Shoes,New,Online,5,80.89,0.0,14.46,404.45,0,Thursday,False
100271,2024-02-01,North,Electronics,Wireless Earbuds,Loyalty,In-Store,5,49.89,0.0,27.69,249.45,0,Thursday,False
100272,2024-02-01,South,Home & Kitchen,Air Fryer,Loyalty,Online,2,73.95,0.0,25.37,147.9,0,Thursday,False
100273,2024-02-01,East,Electronics,Power Bank,Loyalty,Online,1,26.06,0.0,6.96,26.06,0,Thursday,False
100274,2024-02-01,South,Apparel,Running Shoes,Returning,Online,1,60.16,0.0,39.63,60.16,0,Thursday,False
100275,2024-02-01,South,Apparel,T-Shirt,New,Marketplace,5,18.95,0.0,11.39,94.75,0,Thursday,False
100276,2024-02-01,West,Electronics,Smartphone Case,Returning,Online,4,16.66,0.0,23.34,66.64,0,Thursday,False
100277,2024-02-01,North,Home & Kitchen,Air Fryer,Loyalty,Online,4,88.33,0.0,43.18,353.32,0,Thursday,False
100278,2024-02-02,West,Apparel,Jacket,Returning,Marketplace,1,96.33,0.0,15.59,96.33,0,Friday,False
100279,2024-02-02,North,Electronics,Wireless Earbuds,Loyalty,Online,2,51.88,0.0,34.39,103.76,0,Friday,False
100280,2024-02-02,East,Home & Kitchen,Coffee Maker,New,Online,4,53.28,0.0,47.87,213.12,0,Friday,False
100281,2024-02-02,North,Apparel,Running Shoes,Returning,Marketplace,3,80.32,0.0,41.71,240.96,0,Friday,False
100282,2024-02-02,East,Electronics,Wireless Earbuds,Returning,In-Store,1,46.32,0.0,4.43,46.32,0,Friday,False
100283,2024-02-02,South,Home & Kitchen,Coffee Maker,Returning,Online,3,50.61,0.0,5.55,151.83,0,Friday,False
100284,2024-02-02,West,Electronics,Power Bank,New,Marketplace,3,29.31,0.0,42.1,87.93,0,Friday,False
100286,2024-02-02,North,Beauty,Shampoo,New,Online,5,13.31,0.0,1.68,66.55,0,Friday,False
100287,2024-02-02,North,Apparel,T-Shirt,Returning,Online,2,23.32,0.0,31.24,46.64,0,Friday,False
100288,2024-02-02,North,Beauty,Shampoo,New,In-Store,4,12.48,0.0,6.0,49.92,0,Friday,False
100289,2024-02-03,West,Beauty,Shampoo,Returning,Online,1,13.1,0.0,0.01,13.1,0,Saturday,True
100290,2024-02-03,South,Home & Kitchen,Coffee Maker,New,In-Store,2,44.37,0.15,4.14,75.43,0,Saturday,True
100291,2024-02-03,West,Electronics,Wireless Earbuds,New,In-Store,2,50.64,0.0,39.45,101.28,0,Saturday,True
100292,2024-02-03,West,Electronics,Bluetooth Speaker,Loyalty,Online,4,66.42,0.0,28.23,265.68,0,Saturday,True
100293,2024-02-03,West,Electronics,Power Bank,Returning,Online,5,29.24,0.0,33.32,146.2,0,Saturday,True
100294,2024-02-03,West,Beauty,Lipstick Set,Loyalty,In-Store,1,29.04,0.0,2.41,29.04,0,Saturday,True
100295,2024-02-03,South,Beauty,Lipstick Set,Returning,Online,2,22.18,0.0,38.54,44.36,0,Saturday,True
100296,2024-02-03,North,Apparel,T-Shirt,New,In-Store,4,21.56,0.0,23.61,86.24,0,Saturday,True
100297,2024-02-03,West,Electronics,Power Bank,Returning,In-Store,2,29.44,0.0,46.54,58.88,0,Saturday,True
100298,2024-02-04,West,Beauty,Face Serum,Returning,Online,1,33.93,0.0,2.9,33.93,0,Sunday,True
100300,2024-02-04,North,Beauty,Shampoo,Returning,Online,1,13.03,0.0,43.88,13.03,0,Sunday,True
100301,2024-02-04,North,Home & Kitchen,Coffee Maker,Returning,Online,1,61.84,0.0,0.0,61.84,1,Sunday,True
100302,2024-02-04,North,Electronics,Smartphone Case,Returning,Marketplace,2,16.28,0.0,17.09,32.56,0,Sunday,True
100303,2024-02-04,East,Apparel,Backpack,Returning,In-Store,3,46.78,0.0,27.42,140.34,0,Sunday,True
100304,2024-02-05,North,Beauty,Shampoo,Returning,Marketplace,5,14.6,0.0,28.06,73.0,0,Monday,False
100305,2024-02-05,East,Electronics,Bluetooth Speaker,Returning,In-Store,1,61.3,0.0,39.07,61.3,0,Monday,False
100306,2024-02-05,East,Apparel,T-Shirt,Loyalty,In-Store,4,21.12,0.15,16.87,71.81,0,Monday,False
100307,2024-02-05,East,Electronics,Bluetooth Speaker,New,In-Store,2,61.55,0.0,0.39,123.1,0,Monday,False
100308,2024-02-05,East,Apparel,Backpack,New,Marketplace,3,48.25,0.15,48.12,123.04,0,Monday,False
100309,2024-02-05,East,Home & Kitchen,Coffee Maker,Returning,Online,5,58.44,0.0,28.04,292.2,0,Monday,False
100310,2024-02-05,West,Beauty,Moisturizer,Loyalty,In-Store,1,24.76,0.2,9.85,19.81,0,Monday,False
100311,2024-02-05,West,Beauty,Moisturizer,Returning,Marketplace,1,26.04,0.0,22.95,26.04,0,Monday,False
100313,2024-02-05,South,Beauty,Shampoo,Loyalty,Online,2,11.21,0.0,35.92,22.42,0,Monday,False
100314,2024-02-05,North,Electronics,Bluetooth Speaker,Returning,Online,2,65.98,0.0,0.45,131.96,0,Monday,False
100315,2024-02-05,South,Beauty,Moisturizer,New,In-Store,2,21.35,0.0,42.4,42.7,0,Monday,False
100316,2024-02-06,North,Electronics,Smartphone Case,New,Marketplace,3,19.38,0.0,31.77,58.14,0,Tuesday,False
100317,2024-02-06,North,Home & Kitchen,Blender,New,Online,2,40.78,0.0,39.38,81.56,0,Tuesday,False
100318,2024-02-06,North,Beauty,Face Serum,New,In-Store,2,33.8,0.0,47.82,67.6,0,Tuesday,False
100319,2024-02-06,North,Beauty,Face Serum,New,Online,3,34.08,0.0,21.38,102.24,0,Tuesday,False
100320,2024-02-06,South,Apparel,Jacket,New,Online,2,80.23,0.1,23.82,144.41,0,Tuesday,False
100321,2024-02-07,North,Apparel,Jacket,Returning,Online,3,103.56,0.1,16.61,279.61,0,Wednesday,False
100322,2024-02-07,East,Beauty,Moisturizer,Returning,Online,1,21.34,0.0,46.55,21.34,0,Wednesday,False
100323,2024-02-07,South,Electronics,Smartphone Case,Returning,In-Store,4,13.47,0.0,2.73,53.88,0,Wednesday,False
100324,2024-02-07,West,Apparel,Jacket,New,Online,3,100.43,0.0,32.03,301.29,0,Wednesday,False
100325,2024-02-07,South,Electronics,Bluetooth Speaker,Returning,Marketplace,5,51.39,0.0,40.84,256.95,0,Wednesday,False
100327,2024-02-07,East,Beauty,Lipstick Set,New,Online,1,25.18,0.2,2.12,20.14,0,Wednesday,False
100328,2024-02-08,West,Beauty,Shampoo,Returning,In-Store,3,13.61,0.0,42.52,40.83,0,Thursday,False
100329,2024-02-08,South,Home & Kitchen,Blender,New,Online,4,36.4,0.2,42.83,116.48,0,Thursday,False
100330,2024-02-08,East,Beauty,Moisturizer,Returning,Marketplace,1,21.8,0.0,19.36,21.8,0,Thursday,False
100331,2024-02-08,West,Electronics,Bluetooth Speaker,Returning,Online,2,62.22,0.0,42.16,124.44,0,Thursday,False
100332,2024-02-08,North,Beauty,Lipstick Set,Returning,In-Store,1,30.0,0.15,8.96,25.5,0,Thursday,False
100333,2024-02-08,West,Apparel,Jacket,New,Online,2,103.71,0.1,33.86,186.68,0,Thursday,False
100334,2024-02-08,East,Home & Kitchen,Vacuum Cleaner,Loyalty,Online,3,111.93,0.0,0.0,335.79,1,Thursday,False
100335,2024-02-08,North,Electronics,Bluetooth Speaker,New,Online,1,68.25,0.0,43.9,68.25,0,Thursday,False
100336,2024-02-09,North,Apparel,Backpack,Loyalty,In-Store,3,56.3,0.2,16.26,135.12,0,Friday,False
100337,2024-02-09,West,Electronics,Wireless Earbuds,New,Online,2,55.21,0.0,48.53,110.42,0,Friday,False
100338,2024-02-09,North,Home & Kitchen,Air Fryer,Returning,In-Store,1,88.42,0.0,30.27,88.42,0,Friday,False
100339,2024-02-09,South,Apparel,Backpack,Returning,Online,2,41.75,0.0,3.85,83.5,0,Friday,False
100341,2024-02-09,East,Home & Kitchen,Blender,Returning,Online,1,39.82,0.0,12.48,39.82,0,Friday,False
100342,2024-02-10,East,Apparel,Running Shoes,Loyalty,Online,4,73.67,0.0,0.77,294.68,0,Saturday,True
100343,2024-02-10,East,Electronics,Wireless Earbuds,Returning,Marketplace,4,47.63,0.0,30.86,190.52,0,Saturday,True
100344,2024-02-10,East,Home & Kitchen,Vacuum Cleaner,Returning,Online,3,114.81,0.0,45.73,344.43,0,Saturday,True
100345,2024-02-10,South,Apparel,Backpack,Returning,In-Store,2,44.68,0.2,11.46,71.49,0,Saturday,True
100346,2024-02-10,South,Electronics,Smartphone Case,Returning,Online,1,12.84,0.0,29.85,12.84,0,Saturday,True
100347,2024-02-10,East,Home & Kitchen,Vacuum Cleaner,New,Marketplace,3,108.74,0.0,14.17,326.22,0,Saturday,True
100348,2024-02-11,South,Apparel,Backpack,Loyalty,Online,2,41.9,0.1,16.68,75.42,0,Sunday,True
100349,2024-02-11,West,Electronics,Smartphone Case,Loyalty,Online,3,16.96,0.0,31.51,50.88,0,Sunday,True
100350,2024-02-11,North,Beauty,Shampoo,Returning,Online,4,13.45,0.0,25.0,53.8,0,Sunday,True
100351,2024-02-11,East,Home & Kitchen,Air Fryer,New,In-Store,5,78.08,0.0,1.42,390.4,0,Sunday,True
100352,2024-02-11,North,Electronics,Bluetooth Speaker,Returning,Online,1,63.69,0.0,3.52,63.69,0,Sunday,True
100353,2024-02-11,North,Electronics,Smartphone Case,Loyalty,Marketplace,4,16.09,0.0,40.29,64.36,0,Sunday,True
100354,2024-02-11,North,Beauty,Moisturizer,Returning,In-Store,1,22.57,0.1,39.46,20.31,0,Sunday,True
100355,2024-02-11,South,Beauty,Lipstick Set,Loyalty,Online,2,21.01,0.0,13.57,42.02,0,Sunday,True
100356,2024-02-11,North,Electronics,Wireless Earbuds,Loyalty,Online,5,46.03,0.15,33.85,195.63,0,Sunday,True
100357,2024-02-11,West,Apparel,Backpack,Returning,Online,1,57.54,0.0,33.68,57.54,0,Sunday,True
100358,2024-02-11,North,Home & Kitchen,Vacuum Cleaner,New,Online,1,136.09,0.0,39.47,136.09,0,Sunday,True
100359,2024-02-11,North,Home & Kitchen,Air Fryer,New,Online,2,89.81,0.15,6.07,152.68,0,Sunday,True
100360,2024-02-11,East,Apparel,Backpack,New,Online,3,46.56,0.0,47.99,139.68,0,Sunday,True
100361,2024-02-12,South,Electronics,Power Bank,Returning,Online,5,21.86,0.0,49.02,109.3,0,Monday,False
100362,2024-02-12,South,Electronics,Wireless Earbuds,Returning,In-Store,2,35.06,0.0,39.64,70.12,0,Monday,False
100363,2024-02-12,North,Electronics,Bluetooth Speaker,Returning,In-Store,2,66.86,0.0,0.5,133.72,0,Monday,False
100364,2024-02-12,East,Beauty,Moisturizer,Loyalty,Marketplace,1,19.71,0.1,22.56,17.74,0,Monday,False
100366,2024-02-12,North,Beauty,Moisturizer,New,Online,4,24.89,0.1,0.0,89.6,1,Monday,False
100367,2024-02-12,West,Home & Kitchen,Coffee Maker,Returning,Marketplace,4,60.88,0.2,27.95,194.82,0,Monday,False
100368,2024-02-12,South,Apparel,Jacket,New,Online,3,77.42,0.0,2.27,232.26,0,Monday,False
100369,2024-02-12,South,Beauty,Lipstick Set,New,Marketplace,1,24.14,0.0,31.6,24.14,0,Monday,False
100370,2024-02-12,North,Beauty,Lipstick Set,New,In-Store,1,29.42,0.1,40.15,26.48,0,Monday,False
100371,2024-02-12,South,Electronics,Bluetooth Speaker,Returning,In-Store,5,55.12,0.0,33.12,275.6,0,Monday,False
100372,2024-02-13,South,Apparel,Running Shoes,New,In-Store,1,60.61,0.0,45.39,60.61,0,Tuesday,False
100373,2024-02-13,South,Apparel,Backpack,New,In-Store,4,43.45,0.0,22.54,173.8,0,Tuesday,False
100374,2024-02-13,West,Electronics,Power Bank,Returning,Online,3,29.0,0.0,13.48,87.0,0,Tuesday,False
100375,2024-02-13,North,Home & Kitchen,Coffee Maker,New,In-Store,2,62.17,0.0,40.75,124.34,0,Tuesday,False
100377,2024-02-13,North,Electronics,Wireless Earbuds,Loyalty,Marketplace,4,50.63,0.0,33.34,202.52,0,Tuesday,False
100378,2024-02-13,South,Beauty,Shampoo,Loyalty,Online,5,11.82,0.0,37.4,59.1,0,Tuesday,False
100379,2024-02-13,West,Electronics,Power Bank,Loyalty,Marketplace,4,27.71,0.0,37.41,110.84,0,Tuesday,False
100380,2024-02-13,West,Home & Kitchen,Blender,Loyalty,Online,5,46.4,0.15,42.46,197.2,0,Tuesday,False
100381,2024-02-13,South,Home & Kitchen,Blender,New,Online,2,35.88,0.0,15.45,71.76,0,Tuesday,False
100382,2024-02-14,South,Apparel,T-Shirt,New,In-Store,3,19.59,0.0,11.44,58.77,0,Wednesday,False
100383,2024-02-14,East,Beauty,Lipstick Set,Loyalty,Online,5,24.38,0.0,23.46,121.9,0,Wednesday,False
100384,2024-02-14,South,Home & Kitchen,Vacuum Cleaner,Loyalty,Online,1,111.53,0.1,18.12,100.38,0,Wednesday,False
100385,2024-02-14,West,Beauty,Lipstick Set,Loyalty,In-Store,1,28.76,0.0,48.71,28.76,0,Wednesday,False
100386,2024-02-15,East,Electronics,Wireless Earbuds,Loyalty,Online,2,46.18,0.0,41.91,92.36,0,Thursday,False
100387,2024-02-15,West,Home & Kitchen,Coffee Maker,Returning,Online,5,67.46,0.0,28.63,337.3,0,Thursday,False
100388,2024-02-15,North,Beauty,Shampoo,Returning,In-Store,3,12.67,0.0,0.0,38.01,1,Thursday,False
100389,2024-02-15,West,Home & Kitchen,Blender,New,Marketplace,3,45.66,0.0,14.33,136.98,0,Thursday,False
100390,2024-02-15,West,Apparel,Jacket,New,Marketplace,1,109.67,0.0,16.76,109.67,0,Thursday,False
100391,2024-02-15,North,Apparel,Backpack,Loyalty,Marketplace,5,54.67,0.0,19.28,273.35,0,Thursday,False
100392,2024-02-16,North,Electronics,Power Bank,Loyalty,In-Store,4,28.7,0.0,14.97,114.8,0,Friday,False
100393,2024-02-16,North,Beauty,Shampoo,New,Online,5,12.77,0.0,48.77,63.85,0,Friday,False
100394,2024-02-16,North,Beauty,Lipstick Set,Returning,Online,2,28.23,0.0,7.8,56.46,0,Friday,False
100396,2024-02-16,North,Apparel,Jacket,New,Marketplace,2,94.72,0.0,17.35,189.44,0,Friday,False
100397,2024-02-17,North,Apparel,Jacket,Returning,In-Store,4,92.15,0.0,26.14,368.6,0,Saturday,True
100398,2024-02-17,South,Electronics,Bluetooth Speaker,Returning,In-Store,4,56.57,0.0,16.41,226.28,0,Saturday,True
100399,2024-02-17,South,Electronics,Power Bank,New,Online,1,22.09,0.1,25.51,19.88,0,Saturday,True
100400,2024-02-17,East,Beauty,Shampoo,Loyalty,Online,4,10.74,0.0,7.06,42.96,0,Saturday,True
100401,2024-02-17,East,Beauty,Face Serum,New,Online,5,31.3,0.0,45.16,156.5,0,Saturday,True
100402,2024-02-17,East,Home & Kitchen,Vacuum Cleaner,Returning,Online,3,127.43,0.0,16.88,382.29,0,Saturday,True
100403,2024-02-17,West,Apparel,T-Shirt,New,Online,4,21.99,0.0,13.16,87.96,0,Saturday,True
100404,2024-02-17,North,Apparel,Running Shoes,Returning,In-Store,5,74.05,0.0,9.98,370.25,0,Saturday,True
100405,2024-02-17,North,Beauty,Shampoo,Loyalty,Marketplace,3,12.62,0.0,45.42,37.86,0,Saturday,True
100406,2024-02-17,South,Electronics,Power Bank,Returning,Online,2,22.59,0.0,46.76,45.18,0,Saturday,True
100407,2024-02-17,South,Home & Kitchen,Coffee Maker,Returning,In-Store,5,53.49,0.0,32.33,267.45,0,Saturday,True
100408,2024-02-17,North,Apparel,T-Shirt,Returning,In-Store,5,19.71,0.1,8.03,88.7,0,Saturday,True
100409,2024-02-18,East,Home & Kitchen,Air Fryer,Returning,Online,4,86.9,0.0,40.07,347.6,0,Sunday,True
100410,2024-02-18,South,Apparel,Jacket,New,In-Store,2,83.78,0.15,19.37,142.43,0,Sunday,True
100411,2024-02-18,North,Electronics,Wireless Earbuds,Loyalty,Online,1,54.08,0.0,20.93,54.08,0,Sunday,True
100412,2024-02-18,North,Electronics,Bluetooth Speaker,New,Online,4,71.61,0.0,14.78,286.44,0,Sunday,True
100413,2024-02-18,East,Electronics,Bluetooth Speaker,Returning,Online,1,63.23,0.0,48.17,63.23,0,Sunday,True
100414,2024-02-18,North,Beauty,Face Serum,Returning,In-Store,3,31.2,0.0,22.14,93.6,0,Sunday,True
100415,2024-02-18,North,Home & Kitchen,Vacuum Cleaner,Loyalty,Marketplace,2,123.56,0.15,3.09,210.05,0,Sunday,True
100416,2024-02-18,North,Beauty,Moisturizer,Returning,Online,5,24.3,0.0,23.55,121.5,0,Sunday,True
100417,2024-02-19,North,Electronics,Power Bank,Returning,Online,2,23.39,0.15,45.46,39.76,0,Monday,False
100418,2024-02-19,South,Apparel,Backpack,New,Online,3,43.12,0.1,5.99,116.42,0,Monday,False
100419,2024-02-19,East,Electronics,Power Bank,New,Online,2,22.64,0.0,36.69,45.28,0,Monday,False
100420,2024-02-19,East,Beauty,Face Serum,New,Online,3,31.9,0.0,46.58,95.7,0,Monday,False
100421,2024-02-19,West,Home & Kitchen,Vacuum Cleaner,Returning,Marketplace,2,132.16,0.0,47.13,264.32,0,Monday,False
100422,2024-02-19,North,Apparel,T-Shirt,Returning,Online,5,20.87,0.2,10.73,83.48,0,Monday,False
100423,2024-02-19,North,Beauty,Shampoo,Returning,Online,3,13.14,0.0,5.16,39.42,0,Monday,False
100424,2024-02-19,North,Apparel,Backpack,New,Marketplace,4,54.82,0.0,2.52,219.28,0,Monday,False
100425,2024-02-20,West,Electronics,Smartphone Case,Returning,Online,1,17.64,0.0,10.45,17.64,0,Tuesday,False
100426,2024-02-20,North,Electronics,Power Bank,Returning,Marketplace,5,29.55,0.1,13.79,132.98,0,Tuesday,False
100427,2024-02-20,North,Beauty,Shampoo,Returning,Online,1,13.49,0.0,46.86,13.49,0,Tuesday,False
100428,2024-02-20,South,Home & Kitchen,Coffee Maker,Returning,In-Store,4,53.77,0.0,20.88,215.08,0,Tuesday,False
100429,2024-02-20,North,Apparel,Jacket,Loyalty,In-Store,1,101.47,0.0,11.57,101.47,0,Tuesday,False
100432,2024-02-21,South,Home & Kitchen,Vacuum Cleaner,New,Online,2,101.79,0.0,15.74,203.58,0,Wednesday,False
100433,2024-02-21,North,Electronics,Wireless Earbuds,New,Online,5,47.06,0.0,0.4,235.3,0,Wednesday,False
100434,2024-02-21,West,Electronics,Smartphone Case,New,In-Store,2,17.2,0.0,15.42,34.4,0,Wednesday,False
100435,2024-02-21,East,Beauty,Moisturizer,New,Online,3,23.34,0.0,34.83,70.02,0,Wednesday,False
100436,2024-02-21,South,Electronics,Wireless Earbuds,New,Marketplace,3,40.24,0.1,13.3,108.65,0,Wednesday,False
100437,2024-02-21,West,Apparel,T-Shirt,Returning,In-Store,1,23.67,0.0,15.22,23.67,0,Wednesday,False
100438,2024-02-21,North,Home & Kitchen,Blender,Loyalty,Online,4,39.05,0.0,8.55,156.2,0,Wednesday,False
100439,2024-02-21,South,Electronics,Smartphone Case,Loyalty,Online,2,14.35,0.0,40.25,28.7,0,Wednesday,False
100440,2024-02-22,North,Electronics,Wireless Earbuds,Loyalty,Online,1,50.72,0.15,20.98,43.11,0,Thursday,False
100441,2024-02-22,North,Apparel,Backpack,Returning,Online,5,54.02,0.0,47.34,270.1,0,Thursday,False
100442,2024-02-22,East,Apparel,Jacket,New,In-Store,4,91.55,0.0,13.76,366.2,0,Thursday,False
100443,2024-02-23,North,Electronics,Power Bank,Loyalty,Online,4,27.4,0.0,31.32,109.6,0,Friday,False
100444,2024-02-23,North,Apparel,Backpack,New,In-Store,4,47.01,0.0,19.73,188.04,0,Friday,False
100445,2024-02-23,South,Apparel,T-Shirt,Returning,Marketplace,3,17.66,0.15,27.37,45.03,0,Friday,False
100446,2024-02-23,East,Apparel,Backpack,Returning,Online,2,53.92,0.0,32.08,107.84,0,Friday,False
100447,2024-02-23,North,Home & Kitchen,Vacuum Cleaner,Loyalty,Online,3,126.33,0.0,12.03,378.99,0,Friday,False
100448,2024-02-23,East,Electronics,Power Bank,Returning,Marketplace,2,25.16,0.0,4.1,50.32,0,Friday,False
100449,2024-02-23,North,Beauty,Shampoo,New,Online,4,12.95,0.2,39.69,41.44,0,Friday,False
100450,2024-02-23,East,Electronics,Wireless Earbuds,Loyalty,Online,5,44.17,0.0,30.94,220.85,0,Friday,False
100451,2024-02-23,East,Beauty,Moisturizer,Returning,Online,3,23.65,0.0,0.0,70.95,1,Friday,False
100452,2024-02-24,South,Beauty,Lipstick Set,Returning,Online,1,23.82,0.1,30.12,21.44,0,Saturday,True
100453,2024-02-24,South,Apparel,Running Shoes,New,Online,3,65.01,0.1,16.22,175.53,0,Saturday,True
100454,2024-02-24,East,Electronics,Smartphone Case,Returning,In-Store,4,15.51,0.0,33.06,62.04,0,Saturday,True
100455,2024-02-24,East,Apparel,T-Shirt,Returning,Online,1,19.94,0.1,2.25,17.95,0,Saturday,True
100456,2024-02-24,East,Home & Kitchen,Vacuum Cleaner,Returning,Marketplace,1,118.1,0.0,12.93,118.1,0,Saturday,True
100457,2024-02-25,North,Apparel,Running Shoes,Returning,Marketplace,5,76.91,0.1,29.6,346.1,0,Sunday,True
100458,2024-02-25,North,Apparel,Backpack,New,Online,5,50.41,0.15,20.33,214.24,0,Sunday,True
100459,2024-02-25,North,Beauty,Face Serum,New,Online,5,34.75,0.15,39.61,147.69,0,Sunday,True
100460,2024-02-25,East,Beauty,Moisturizer,Loyalty,Online,5,21.03,0.0,31.69,105.15,0,Sunday,True
100461,2024-02-25,East,Apparel,Running Shoes,Returning,Online,5,67.51,0.1,6.37,303.8,0,Sunday,True
100462,2024-02-25,North,Apparel,Backpack,Loyalty,Online,4,52.91,0.0,36.45,211.64,0,Sunday,True
100463,2024-02-25,East,Apparel,Jacket,New,In-Store,1,91.29,0.0,7.41,91.29,0,Sunday,True
100464,2024-02-25,North,Beauty,Moisturizer,Loyalty,Marketplace,5,23.16,0.0,19.0,115.8,0,Sunday,True
100465,2024-02-25,East,Beauty,Lipstick Set,New,Online,4,25.04,0.0,4.05,100.16,0,Sunday,True
100467,2024-02-26,West,Apparel,Running Shoes,Loyalty,Online,3,84.43,0.0,1.28,253.29,0,Monday,False
100468,2024-02-26,North,Beauty,Lipstick Set,Returning,Marketplace,3,27.89,0.0,14.11,83.67,0,Monday,False
100469,2024-02-26,North,Electronics,Power Bank,Returning,In-Store,3,25.43,0.0,27.22,76.29,0,Monday,False
100470,2024-02-26,North,Home & Kitchen,Coffee Maker,Loyalty,Online,3,58.46,0.0,32.65,175.38,0,Monday,False
100471,2024-02-26,North,Apparel,Backpack,Returning,Online,3,50.81,0.15,49.83,129.57,0,Monday,False
100472,2024-02-26,East,Home & Kitchen,Coffee Maker,New,Marketplace,5,52.18,0.0,19.8,260.9,0,Monday,False
100473,2024-02-26,East,Home & Kitchen,Coffee Maker,Returning,Marketplace,5,58.38,0.0,29.23,291.9,0,Monday,False
100474,2024-02-26,West,Home & Kitchen,Air Fryer,New,Online,4,87.5,0.0,47.05,350.0,0,Monday,False
100476,2024-02-26,East,Home & Kitchen,Vacuum Cleaner,Loyalty,Marketplace,1,134.67,0.0,20.07,134.67,0,Monday,False
100477,2024-02-27,East,Home & Kitchen,Coffee Maker,Loyalty,In-Store,5,53.51,0.0,14.77,267.55,0,Tuesday,False
100478,2024-02-27,South,Apparel,Jacket,Returning,Online,4,77.88,0.0,21.64,311.52,0,Tuesday,False
100479,2024-02-27,East,Electronics,Bluetooth Speaker,Loyalty,In-Store,1,58.68,0.1,4.01,52.81,0,Tuesday,False
100480,2024-02-27,South,Beauty,Moisturizer,Loyalty,In-Store,5,20.39,0.0,49.39,101.95,0,Tuesday,False
100481,2024-02-27,South,Home & Kitchen,Coffee Maker,Returning,Marketplace,3,46.98,0.0,29.03,140.94,0,Tuesday,False
100482,2024-02-27,West,Electronics,Smartphone Case,Returning,Marketplace,3,17.98,0.0,11.33,53.94,0,Tuesday,False
100484,2024-02-28,West,Home & Kitchen,Vacuum Cleaner,New,In-Store,2,141.06,0.1,29.93,253.91,0,Wednesday,False
100485,2024-02-28,South,Beauty,Lipstick Set,Returning,In-Store,4,23.74,0.0,23.92,94.96,0,Wednesday,False
100487,2024-02-28,South,Apparel,Jacket,New,Online,3,81.54,0.0,19.89,244.62,0,Wednesday,False
100488,2024-02-29,East,Electronics,Bluetooth Speaker,Loyalty,In-Store,5,61.83,0.15,26.24,262.78,0,Thursday,False
100489,2024-02-29,South,Home & Kitchen,Blender,Returning,Online,1,36.94,0.0,8.49,36.94,0,Thursday,False
100490,2024-02-29,North,Home & Kitchen,Coffee Maker,Returning,Online,1,60.98,0.0,2.35,60.98,0,Thursday,False
100491,2024-02-29,West,Apparel,Running Shoes,New,In-Store,1,79.02,0.0,16.56,79.02,0,Thursday,False
100492,2024-02-29,East,Electronics,Power Bank,Returning,In-Store,4,25.14,0.0,15.77,100.56,0,Thursday,False
100493,2024-02-29,South,Electronics,Wireless Earbuds,New,Online,2,41.53,0.0,27.35,83.06,0,Thursday,False
100494,2024-02-29,South,Apparel,Backpack,New,Online,1,47.23,0.0,34.36,47.23,0,Thursday,False
100495,2024-03-01,West,Beauty,Moisturizer,Returning,Online,4,25.84,0.1,43.32,93.02,0,Friday,False
100496,2024-03-01,North,Home & Kitchen,Blender,New,Online,5,46.51,0.0,31.64,232.55,0,Friday,False
100497,2024-03-01,East,Electronics,Smartphone Case,New,In-Store,5,16.48,0.0,6.38,82.4,0,Friday,False
100498,2024-03-01,South,Home & Kitchen,Blender,New,In-Store,3,32.7,0.0,28.78,98.1,0,Friday,False
100499,2024-03-01,North,Electronics,Bluetooth Speaker,Returning,In-Store,2,62.53,0.0,41.37,125.06,0,Friday,False
100500,2024-03-01,North,Apparel,Running Shoes,New,In-Store,3,79.37,0.1,36.75,214.3,0,Friday,False
100501,2024-03-01,East,Electronics,Wireless Earbuds,New,Online,5,49.0,0.0,34.7,245.0,0,Friday,False
100502,2024-03-02,South,Apparel,T-Shirt,New,Online,3,18.58,0.0,23.58,55.74,0,Saturday,True
100504,2024-03-02,North,Electronics,Power Bank,New,In-Store,2,29.12,0.0,14.79,58.24,0,Saturday,True
100505,2024-03-02,North,Home & Kitchen,Blender,New,Online,2,45.07,0.0,27.76,90.14,0,Saturday,True
100506,2024-03-02,East,Home & Kitchen,Coffee Maker,Returning,Online,2,57.06,0.0,0.73,114.12,0,Saturday,True
100507,2024-03-02,South,Apparel,Jacket,New,Marketplace,5,84.84,0.1,46.64,381.78,0,Saturday,True
100508,2024-03-02,North,Apparel,T-Shirt,Loyalty,Online,4,22.2,0.1,0.95,79.92,0,Saturday,True
100509,2024-03-03,North,Apparel,Backpack,New,Online,5,55.39,0.0,45.16,276.95,0,Sunday,True
100510,2024-03-03,North,Beauty,Moisturizer,Returning,Online,4,25.16,0.0,20.53,100.64,0,Sunday,True
100511,2024-03-03,North,Beauty,Moisturizer,Returning,Marketplace,2,25.15,0.1,38.29,45.27,0,Sunday,True
100512,2024-03-03,East,Home & Kitchen,Vacuum Cleaner,New,Online,2,119.55,0.0,36.31,239.1,0,Sunday,True
100513,2024-03-03,South,Apparel,Running Shoes,New,Online,5,64.53,0.0,20.27,322.65,0,Sunday,True
100514,2024-03-03,North,Apparel,Running Shoes,Returning,Marketplace,4,74.58,0.1,7.16,268.49,0,Sunday,True
100515,2024-03-03,East,Beauty,Lipstick Set,New,In-Store,3,26.31,0.0,15.85,78.93,0,Sunday,True
100516,2024-03-03,West,Home & Kitchen,Air Fryer,New,Marketplace,3,88.78,0.15,4.88,226.39,0,Sunday,True
100517,2024-03-03,West,Home & Kitchen,Air Fryer,New,In-Store,3,96.06,0.0,6.0,288.18,0,Sunday,True
100518,2024-03-03,South,Apparel,Jacket,Loyalty,Online,2,82.01,0.0,47.18,164.02,0,Sunday,True
100519,2024-03-03,West,Beauty,Moisturizer,Returning,Marketplace,5,24.58,0.0,37.1,122.9,0,Sunday,True
100520,2024-03-03,East,Beauty,Lipstick Set,Loyalty,Online,3,25.67,0.0,20.09,77.01,0,Sunday,True
100521,2024-03-03,East,Apparel,Jacket,Returning,In-Store,3,94.4,0.0,5.27,283.2,0,Sunday,True
100522,2024-03-04,West,Apparel,Running Shoes,Returning,Online,3,84.36,0.0,48.88,253.08,0,Monday,False
100523,2024-03-04,East,Beauty,Shampoo,Loyalty,Online,2,12.21,0.0,17.86,24.42,0,Monday,False
100524,2024-03-04,South,Home & Kitchen,Coffee Maker,Returning,Marketplace,5,47.84,0.0,23.7,239.2,0,Monday,False
100525,2024-03-04,South,Electronics,Power Bank,Returning,Online,5,22.35,0.1,9.79,100.58,0,Monday,False
100526,2024-03-04,West,Home & Kitchen,Vacuum Cleaner,Returning,Online,2,146.42,0.0,42.28,292.84,0,Monday,False
100527,2024-03-04,North,Beauty,Moisturizer,New,In-Store,1,25.16,0.0,10.98,25.16,0,Monday,False
100528,2024-03-04,North,Beauty,Shampoo,Loyalty,In-Store,5,13.41,0.0,5.96,67.05,0,Monday,False
100529,2024-03-04,South,Home & Kitchen,Blender,New,In-Store,4,36.3,0.0,37.47,145.2,0,Monday,False
100530,2024-03-04,West,Home & Kitchen,Vacuum Cleaner,New,In-Store,1,146.64,0.0,22.21,146.64,0,Monday,False
100531,2024-03-05,North,Electronics,Power Bank,Loyalty,Marketplace,3,26.88,0.0,26.73,80.64,0,Tuesday,False
100532,2024-03-05,West,Apparel,Backpack,Loyalty,Online,4,54.44,0.0,3.41,217.76,0,Tuesday,False
100533,2024-03-05,North,Apparel,T-Shirt,New,Online,5,21.13,0.15,45.26,89.8,0,Tuesday,False
100534,2024-03-05,South,Electronics,Smartphone Case,New,Marketplace,2,12.79,0.0,8.21,25.58,0,Tuesday,False
100535,2024-03-05,East,Home & Kitchen,Blender,Returning,Online,4,37.88,0.0,38.04,151.52,0,Tuesday,False
100536,2024-03-05,North,Electronics,Wireless Earbuds,New,Online,1,50.95,0.0,42.7,50.95,0,Tuesday,False
100537,2024-03-05,North,Beauty,Moisturizer,Returning,Marketplace,3,23.7,0.0,40.15,71.1,0,Tuesday,False
100538,2024-03-05,West,Electronics,Bluetooth Speaker,Returning,Marketplace,5,72.22,0.0,34.56,361.1,0,Tuesday,False
100539,2024-03-05,North,Electronics,Wireless Earbuds,Returning,In-Store,1,43.97,0.0,7.79,43.97,0,Tuesday,False
100540,2024-03-05,South,Home & Kitchen,Blender,New,Online,2,34.78,0.2,36.74,55.65,0,Tuesday,False
100541,2024-03-06,South,Apparel,Jacket,Loyalty,In-Store,3,77.66,0.0,16.74,232.98,0,Wednesday,False
100542,2024-03-06,South,Beauty,Shampoo,New,Online,2,11.08,0.0,21.3,22.16,0,Wednesday,False
100543,2024-03-06,West,Apparel,Running Shoes,Returning,Marketplace,1,88.01,0.0,37.97,88.01,0,Wednesday,False
100544,2024-03-06,East,Beauty,Shampoo,Returning,Online,4,10.45,0.0,20.62,41.8,0,Wednesday,False
100545,2024-03-06,North,Home & Kitchen,Air Fryer,Loyalty,In-Store,3,90.26,0.0,10.11,270.78,0,Wednesday,False
100546,2024-03-06,South,Home & Kitchen,Vacuum Cleaner,Returning,Online,1,107.96,0.0,15.38,107.96,0,Wednesday,False
100547,2024-03-06,West,Electronics,Smartphone Case,Loyalty,Online,3,17.06,0.0,22.19,51.18,0,Wednesday,False
100548,2024-03-06,North,Home & Kitchen,Air Fryer,Loyalty,In-Store,4,86.92,0.0,37.99,347.68,0,Wednesday,False
100549,2024-03-06,South,Home & Kitchen,Blender,Returning,In-Store,3,37.07,0.0,0.0,111.21,1,Wednesday,False
100550,2024-03-06,South,Beauty,Face Serum,Loyalty,Online,2,24.51,0.2,22.24,39.22,0,Wednesday,False
100551,2024-03-06,South,Home & Kitchen,Air Fryer,Loyalty,In-Store,1,68.79,0.0,15.61,68.79,0,Wednesday,False
100552,2024-03-06,East,Electronics,Bluetooth Speaker,Loyalty,Marketplace,4,60.48,0.0,40.25,241.92,0,Wednesday,False
100553,2024-03-06,West,Home & Kitchen,Air Fryer,New,Online,2,94.63,0.0,23.21,189.26,0,Wednesday,False
100554,2024-03-07,South,Apparel,Backpack,Returning,Online,2,43.01,0.15,26.25,73.12,0,Thursday,False
100555,2024-03-07,East,Beauty,Shampoo,Returning,Online,4,10.45,0.0,2.69,41.8,0,Thursday,False
100556,2024-03-07,North,Apparel,Jacket,New,Online,4,102.22,0.15,24.62,347.55,0,Thursday,False
100557,2024-03-07,East,Beauty,Moisturizer,Returning,Online,4,22.48,0.0,3.42,89.92,0,Thursday,False
100558,2024-03-07,West,Home & Kitchen,Coffee Maker,New,Marketplace,5,61.36,0.15,17.0,260.78,0,Thursday,False
100559,2024-03-07,West,Apparel,T-Shirt,Returning,Marketplace,3,20.25,0.0,41.38,60.75,0,Thursday,False
100560,2024-03-07,East,Electronics,Wireless Earbuds,New,Online,1,48.75,0.1,35.22,43.88,0,Thursday,False
100561,2024-03-08,North,Apparel,Running Shoes,Loyalty,Online,4,77.47,0.0,35.37,309.88,0,Friday,False
100562,2024-03-08,East,Electronics,Power Bank,Returning,Online,4,25.63,0.0,33.33,102.52,0,Friday,False
100563,2024-03-08,East,Apparel,Backpack,Returning,Online,3,53.62,0.0,36.4,160.86,0,Friday,False
100564,2024-03-08,West,Beauty,Moisturizer,Returning,Online,5,24.34,0.0,27.91,121.7,0,Friday,False
100565,2024-03-08,South,Apparel,Backpack,Loyalty,Online,1,49.35,0.0,41.82,49.35,0,Friday,False
100566,2024-03-08,West,Home & Kitchen,Vacuum Cleaner,Loyalty,Online,1,133.88,0.0,33.64,133.88,0,Friday,False
100567,2024-03-08,South,Home & Kitchen,Air Fryer,New,Online,1,72.61,0.0,3.74,72.61,0,Friday,False
100568,2024-03-08,North,Beauty,Moisturizer,New,Online,1,23.01,0.0,2.64,23.01,0,Friday,False
100569,2024-03-09,North,Beauty,Face Serum,Loyalty,Online,1,33.33,0.0,30.84,33.33,0,Saturday,True
100570,2024-03-09,West,Electronics,Smartphone Case,Returning,Online,5,17.0,0.0,49.66,85.0,0,Saturday,True
100571,2024-03-09,West,Home & Kitchen,Vacuum Cleaner,Returning,Online,1,140.85,0.0,31.54,140.85,0,Saturday,True
100572,2024-03-09,South,Apparel,Running Shoes,Returning,Online,1,62.46,0.0,8.6,62.46,0,Saturday,True
100573,2024-03-09,South,Home & Kitchen,Coffee Maker,New,Online,3,47.37,0.15,27.96,120.79,0,Saturday,True
100574,2024-03-09,South,Beauty,Shampoo,New,Marketplace,5,11.03,0.0,19.7,55.15,0,Saturday,True
100575,2024-03-09,West,Beauty,Moisturizer,New,In-Store,1,26.29,0.0,43.99,26.29,0,Saturday,True
100576,2024-03-09,East,Home & Kitchen,Vacuum Cleaner,Returning,Online,2,119.5,0.0,20.12,239.0,0,Saturday,True
100577,2024-03-09,North,Apparel,Backpack,New,Online,4,58.33,0.0,30.83,233.32,0,Saturday,True
100578,2024-03-09,North,Electronics,Wireless Earbuds,Returning,Online,3,48.52,0.2,17.09,116.45,0,Saturday,True
100579,2024-03-09,West,Beauty,Moisturizer,Loyalty,Online,4,25.89,0.0,40.83,103.56,0,Saturday,True
100580,2024-03-09,West,Beauty,Face Serum,Returning,Marketplace,4,34.19,0.15,37.57,116.25,0,Saturday,True
100581,2024-03-09,West,Beauty,Shampoo,New,Marketplace,4,13.91,0.0,10.76,55.64,0,Saturday,True
100582,2024-03-09,East,Electronics,Power Bank,Loyalty,Online,5,23.21,0.0,47.73,116.05,0,Saturday,True
100583,2024-03-10,South,Apparel,Backpack,New,In-Store,1,43.74,0.15,9.03,37.18,0,Sunday,True
100584,2024-03-10,West,Apparel,T-Shirt,New,In-Store,4,21.72,0.0,14.58,86.88,0,Sunday,True
100585,2024-03-10,West,Beauty,Face Serum,New,Online,2,34.44,0.0,47.7,68.88,0,Sunday,True
100586,2024-03-10,West,Home & Kitchen,Coffee Maker,Returning,Online,4,60.92,0.0,0.37,243.68,0,Sunday,True
100587,2024-03-10,East,Apparel,Running Shoes,New,Online,3,75.8,0.0,42.84,227.4,0,Sunday,True
100588,2024-03-10,South,Home & Kitchen,Vacuum Cleaner,Returning,In-Store,3,99.8,0.0,48.34,299.4,0,Sunday,True
100589,2024-03-10,East,Home & Kitchen,Coffee Maker,Loyalty,Online,1,47.77,0.0,1.52,47.77,0,Sunday,True
100590,2024-03-10,East,Beauty,Lipstick Set,New,Online,4,22.67,0.0,42.89,90.68,0,Sunday,True
100591,2024-03-10,South,Home & Kitchen,Coffee Maker,New,Online,4,49.78,0.2,10.07,159.3,0,Sunday,True
100592,2024-03-10,North,Electronics,Power Bank,New,Marketplace,2,24.78,0.0,22.51,49.56,0,Sunday,True
100593,2024-03-10,North,Apparel,Backpack,Returning,Online,1,53.62,0.0,14.09,53.62,0,Sunday,True
100594,2024-03-10,North,Electronics,Wireless Earbuds,New,In-Store,1,48.63,0.15,22.85,41.34,0,Sunday,True
100595,2024-03-10,North,Home & Kitchen,Air Fryer,New,In-Store,5,82.39,0.1,49.33,370.76,0,Sunday,True
100596,2024-03-10,North,Apparel,Running Shoes,Loyalty,In-Store,3,79.61,0.2,25.45,191.06,0,Sunday,True
100597,2024-03-10,South,Home & Kitchen,Air Fryer,Loyalty,Online,2,72.66,0.0,47.61,145.32,0,Sunday,True
100598,2024-03-10,West,Electronics,Wireless Earbuds,Returning,Marketplace,3,53.03,0.0,15.82,159.09,0,Sunday,True
100599,2024-03-11,West,Apparel,Backpack,New,Online,2,49.29,0.15,39.41,83.79,0,Monday,False
100600,2024-03-11,North,Home & Kitchen,Blender,Returning,In-Store,5,48.37,0.0,8.46,241.85,0,Monday,False
100601,2024-03-11,West,Electronics,Smartphone Case,Returning,In-Store,1,19.22,0.0,5.19,19.22,0,Monday,False
100602,2024-03-11,North,Home & Kitchen,Air Fryer,Returning,Online,3,86.26,0.0,21.59,258.78,0,Monday,False
100603,2024-03-11,East,Beauty,Moisturizer,Returning,In-Store,3,20.76,0.0,35.27,62.28,0,Monday,False
100605,2024-03-11,East,Electronics,Wireless Earbuds,New,Online,2,45.1,0.0,4.62,90.2,0,Monday,False
100606,2024-03-12,East,Apparel,Backpack,Returning,Online,4,49.32,0.0,2.4,197.28,0,Tuesday,False
100607,2024-03-12,West,Beauty,Shampoo,New,In-Store,2,13.97,0.1,26.12,25.15,0,Tuesday,False
100608,2024-03-12,East,Electronics,Power Bank,Returning,Online,3,24.03,0.0,3.2,72.09,0,Tuesday,False
100609,2024-03-12,East,Home & Kitchen,Blender,New,Marketplace,2,40.41,0.0,15.48,80.82,0,Tuesday,False
100610,2024-03-12,West,Home & Kitchen,Coffee Maker,New,Online,5,67.07,0.0,6.28,335.35,0,Tuesday,False
100611,2024-03-12,North,Electronics,Power Bank,New,Online,2,25.4,0.0,25.46,50.8,0,Tuesday,False
100613,2024-03-12,West,Home & Kitchen,Air Fryer,New,In-Store,1,87.89,0.0,35.08,87.89,0,Tuesday,False
100614,2024-03-12,North,Beauty,Shampoo,New,In-Store,2,12.48,0.15,40.8,21.22,0,Tuesday,False
100615,2024-03-12,West,Electronics,Power Bank,Loyalty,Online,1,28.51,0.0,30.48,28.51,0,Tuesday,False
100616,2024-03-12,West,Electronics,Wireless Earbuds,Returning,In-Store,5,56.38,0.0,27.34,281.9,0,Tuesday,False
100617,2024-03-12,East,Apparel,Backpack,New,Online,5,50.37,0.0,9.09,251.85,0,Tuesday,False
100619,2024-03-13,West,Electronics,Bluetooth Speaker,Loyalty,Online,5,67.04,0.0,14.63,335.2,0,Wednesday,False
100620,2024-03-13,South,Home & Kitchen,Blender,Returning,In-Store,1,36.34,0.0,26.21,36.34,0,Wednesday,False
100621,2024-03-13,East,Beauty,Lipstick Set,Loyalty,Online,5,23.88,0.0,32.16,119.4,0,Wednesday,False
100622,2024-03-13,South,Electronics,Bluetooth Speaker,New,Online,5,53.18,0.1,48.47,239.31,0,Wednesday,False
100623,2024-03-13,South,Beauty,Lipstick Set,Returning,Marketplace,5,21.39,0.0,21.84,106.95,0,Wednesday,False
100624,2024-03-13,South,Beauty,Moisturizer,Returning,In-Store,2,18.08,0.0,4.59,36.16,0,Wednesday,False
100625,2024-03-13,East,Apparel,T-Shirt,Returning,Online,4,18.95,0.2,45.59,60.64,0,Wednesday,False
100626,2024-03-14,South,Beauty,Shampoo,Loyalty,In-Store,4,11.16,0.0,45.69,44.64,0,Thursday,False
100627,2024-03-14,West,Electronics,Smartphone Case,Loyalty,In-Store,2,17.11,0.0,13.41,34.22,0,Thursday,False
100628,2024-03-14,South,Home & Kitchen,Blender,Returning,Online,5,36.77,0.2,49.15,147.08,0,Thursday,False
100629,2024-03-14,South,Home & Kitchen,Coffee Maker,Returning,Online,3,47.73,0.0,46.88,143.19,0,Thursday,False
100630,2024-03-14,South,Electronics,Wireless Earbuds,Returning,Online,3,40.03,0.0,25.7,120.09,0,Thursday,False
100631,2024-03-14,East,Home & Kitchen,Air Fryer,Returning,In-Store,2,80.26,0.1,36.37,144.47,0,Thursday,False
100632,2024-03-15,North,Electronics,Wireless Earbuds,Returning,Online,3,51.35,0.0,37.08,154.05,0,Friday,False
100633,2024-03-15,East,Apparel,Running Shoes,New,Online,2,74.9,0.0,42.93,149.8,0,Friday,False
100634,2024-03-15,West,Home & Kitchen,Coffee Maker,New,Online,3,58.07,0.1,3.54,156.79,0,Friday,False
100636,2024-03-15,West,Beauty,Face Serum,Returning,Online,3,35.45,0.0,24.18,106.35,0,Friday,False
100637,2024-03-15,North,Home & Kitchen,Blender,Loyalty,Online,3,41.18,0.0,11.64,123.54,0,Friday,False
100638,2024-03-15,North,Electronics,Smartphone Case,Returning,In-Store,3,15.13,0.15,9.83,38.58,0,Friday,False
100639,2024-03-16,East,Beauty,Moisturizer,Returning,In-Store,4,21.68,0.0,23.45,86.72,0,Saturday,True
100640,2024-03-16,North,Home & Kitchen,Coffee Maker,New,In-Store,2,57.53,0.0,22.62,115.06,0,Saturday,True
100641,2024-03-16,East,Electronics,Wireless Earbuds,Returning,Online,4,45.07,0.1,17.7,162.25,0,Saturday,True
100642,2024-03-16,East,Home & Kitchen,Coffee Maker,Returning,In-Store,5,54.85,0.15,28.47,233.11,0,Saturday,True
100643,2024-03-16,West,Home & Kitchen,Air Fryer,New,In-Store,3,89.47,0.0,11.31,268.41,0,Saturday,True
100644,2024-03-16,North,Apparel,Backpack,New,Online,3,54.4,0.0,21.51,163.2,0,Saturday,True
100645,2024-03-16,South,Apparel,T-Shirt,Returning,Marketplace,2,18.69,0.15,47.64,31.77,0,Saturday,True
100646,2024-03-16,North,Electronics,Wireless Earbuds,Returning,Marketplace,1,46.2,0.1,34.03,41.58,0,Saturday,True
100647,2024-03-16,North,Home & Kitchen,Air Fryer,New,Marketplace,3,83.2,0.0,20.26,249.6,0,Saturday,True
100648,2024-03-16,East,Beauty,Shampoo,New,Marketplace,4,11.59,0.0,48.27,46.36,0,Saturday,True
100649,2024-03-16,West,Beauty,Shampoo,Returning,Online,5,13.22,0.2,8.19,52.88,0,Saturday,True
100650,2024-03-16,North,Home & Kitchen,Coffee Maker,New,Marketplace,1,59.26,0.0,20.95,59.26,0,Saturday,True
100651,2024-03-16,South,Apparel,T-Shirt,Loyalty,Online,1,17.78,0.0,7.18,17.78,0,Saturday,True
100652,2024-03-16,East,Apparel,Backpack,Returning,Online,5,49.53,0.0,36.59,247.65,0,Saturday,True
100653,2024-03-16,North,Electronics,Smartphone Case,Returning,Online,3,17.48,0.2,23.73,41.95,0,Saturday,True
100654,2024-03-16,West,Electronics,Smartphone Case,Returning,In-Store,2,17.76,0.0,45.51,35.52,0,Saturday,True
100655,2024-03-16,North,Beauty,Moisturizer,New,In-Store,5,25.24,0.0,10.58,126.2,0,Saturday,True
100656,2024-03-17,South,Electronics,Bluetooth Speaker,Loyalty,Marketplace,1,50.69,0.0,34.49,50.69,0,Sunday,True
100657,2024-03-17,West,Beauty,Shampoo,Returning,Online,2,14.69,0.0,21.13,29.38,0,Sunday,True
100658,2024-03-17,East,Apparel,T-Shirt,Returning,Online,2,19.51,0.0,3.47,39.02,0,Sunday,True
100659,2024-03-17,East,Electronics,Smartphone Case,Returning,Online,3,14.2,0.0,24.4,42.6,0,Sunday,True
100660,2024-03-17,North,Home & Kitchen,Coffee Maker,New,Marketplace,2,57.28,0.0,43.45,114.56,0,Sunday,True
100662,2024-03-17,North,Home & Kitchen,Coffee Maker,New,Marketplace,4,62.63,0.0,18.79,250.52,0,Sunday,True
100663,2024-03-17,North,Electronics,Wireless Earbuds,Returning,In-Store,3,54.83,0.0,23.42,164.49,0,Sunday,True
100664,2024-03-17,West,Home & Kitchen,Blender,Loyalty,Online,3,43.16,0.0,5.47,129.48,0,Sunday,True
100665,2024-03-17,West,Beauty,Moisturizer,Returning,Online,4,26.51,0.1,33.67,95.44,0,Sunday,True
100667,2024-03-17,West,Electronics,Bluetooth Speaker,Returning,Online,2,67.41,0.15,18.31,114.6,0,Sunday,True
100668,2024-03-17,North,Beauty,Moisturizer,New,Online,2,25.35,0.0,0.0,50.7,1,Sunday,True
100669,2024-03-18,East,Beauty,Moisturizer,Loyalty,Marketplace,2,22.58,0.15,41.28,38.39,0,Monday,False
100670,2024-03-18,East,Beauty,Shampoo,Loyalty,Marketplace,1,10.81,0.2,13.68,8.65,0,Monday,False
100671,2024-03-18,South,Apparel,Backpack,Returning,Online,1,47.44,0.0,28.34,47.44,0,Monday,False
100672,2024-03-18,West,Apparel,T-Shirt,Loyalty,Online,5,23.33,0.1,33.37,104.98,0,Monday,False
100673,2024-03-18,North,Electronics,Power Bank,New,Online,3,28.23,0.0,8.62,84.69,0,Monday,False
100674,2024-03-18,West,Beauty,Moisturizer,New,Marketplace,4,25.9,0.0,1.57,103.6,0,Monday,False
100675,2024-03-18,North,Beauty,Face Serum,Loyalty,Online,1,35.42,0.0,27.35,35.42,0,Monday,False
100676,2024-03-18,South,Home & Kitchen,Vacuum Cleaner,Returning,Marketplace,1,111.16,0.0,36.0,111.16,0,Monday,False
100677,2024-03-18,North,Electronics,Power Bank,New,In-Store,4,26.99,0.0,13.71,107.96,0,Monday,False
100679,2024-03-19,West,Apparel,Backpack,Returning,Online,5,58.22,0.0,45.89,291.1,0,Tuesday,False
100680,2024-03-19,West,Beauty,Face Serum,Returning,In-Store,2,32.97,0.0,15.35,65.94,0,Tuesday,False
100681,2024-03-19,North,Beauty,Lipstick Set,Returning,In-Store,4,26.78,0.0,33.62,107.12,0,Tuesday,False
100682,2024-03-19,South,Beauty,Face Serum,New,Online,3,26.0,0.0,1.06,78.0,0,Tuesday,False
100683,2024-03-19,South,Home & Kitchen,Blender,New,In-Store,5,37.17,0.0,2.61,185.85,0,Tuesday,False
100684,2024-03-19,West,Home & Kitchen,Coffee Maker,Loyalty,Online,2,59.12,0.0,13.38,118.24,0,Tuesday,False
100685,2024-03-19,South,Beauty,Moisturizer,New,Online,3,19.5,0.0,46.16,58.5,0,Tuesday,False
100686,2024-03-19,South,Home & Kitchen,Air Fryer,Returning,In-Store,4,72.77,0.0,5.5,291.08,0,Tuesday,False
100687,2024-03-19,South,Apparel,Jacket,Loyalty,In-Store,3,88.08,0.0,14.23,264.24,0,Tuesday,False
100688,2024-03-19,South,Apparel,T-Shirt,Returning,Online,2,19.36,0.0,5.6,38.72,0,Tuesday,False
100690,2024-03-19,North,Home & Kitchen,Coffee Maker,Returning,Marketplace,3,64.07,0.0,3.15,192.21,0,Tuesday,False
100691,2024-03-19,North,Apparel,T-Shirt,Returning,In-Store,3,24.58,0.0,24.67,73.74,0,Tuesday,False
100692,2024-03-20,North,Apparel,T-Shirt,Returning,Online,3,21.08,0.0,44.28,63.24,0,Wednesday,False
100693,2024-03-20,North,Beauty,Moisturizer,Returning,Online,5,22.5,0.0,5.82,112.5,0,Wednesday,False
100694,2024-03-20,West,Beauty,Shampoo,Loyalty,In-Store,3,13.65,0.0,5.05,40.95,0,Wednesday,False
100695,2024-03-20,North,Beauty,Lipstick Set,New,In-Store,1,26.98,0.15,4.68,22.93,0,Wednesday,False
100696,2024-03-20,West,Beauty,Moisturizer,New,Marketplace,3,24.42,0.15,12.93,62.27,0,Wednesday,False
100697,2024-03-21,South,Electronics,Wireless Earbuds,Loyalty,Online,2,41.02,0.0,39.92,82.04,0,Thursday,False
100698,2024-03-21,East,Beauty,Lipstick Set,New,Online,5,24.35,0.0,45.57,121.75,0,Thursday,False
100699,2024-03-21,East,Apparel,Jacket,New,Marketplace,4,95.96,0.0,43.34,383.84,0,Thursday,False
100700,2024-03-21,West,Electronics,Bluetooth Speaker,New,Online,2,59.81,0.0,9.38,119.62,0,Thursday,False
100701,2024-03-21,North,Home & Kitchen,Vacuum Cleaner,Returning,Marketplace,3,132.06,0.0,20.02,396.18,0,Thursday,False
100702,2024-03-22,West,Apparel,Jacket,New,In-Store,2,114.91,0.0,12.78,229.82,0,Friday,False
100703,2024-03-22,South,Apparel,Running Shoes,New,Marketplace,3,66.78,0.0,3.12,200.34,0,Friday,False
100704,2024-03-22,South,Home & Kitchen,Vacuum Cleaner,New,Online,1,106.65,0.0,48.22,106.65,0,Friday,False
100705,2024-03-22,East,Home & Kitchen,Vacuum Cleaner,Returning,Online,2,116.84,0.0,39.15,233.68,0,Friday,False
100706,2024-03-22,South,Apparel,Jacket,Returning,Online,5,75.04,0.0,40.44,375.2,0,Friday,False
100707,2024-03-22,South,Apparel,Running Shoes,Returning,Online,1,58.67,0.0,0.0,58.67,1,Friday,False
100708,2024-03-22,East,Home & Kitchen,Air Fryer,New,In-Store,3,92.06,0.0,4.07,276.18,0,Friday,False
100709,2024-03-22,North,Electronics,Wireless Earbuds,Returning,Online,1,51.05,0.0,48.95,51.05,0,Friday,False
100710,2024-03-22,South,Beauty,Lipstick Set,Returning,Online,1,22.31,0.0,12.37,22.31,0,Friday,False
100711,2024-03-22,East,Apparel,Running Shoes,Loyalty,Online,5,65.24,0.2,29.81,260.96,0,Friday,False
100712,2024-03-23,South,Beauty,Lipstick Set,Returning,Marketplace,2,20.13,0.15,33.68,34.22,0,Saturday,True
100713,2024-03-23,North,Beauty,Moisturizer,New,Online,5,26.67,0.0,40.04,133.35,0,Saturday,True
100714,2024-03-23,East,Beauty,Lipstick Set,New,Marketplace,5,25.64,0.15,10.47,108.97,0,Saturday,True
100715,2024-03-23,North,Electronics,Wireless Earbuds,Loyalty,Marketplace,3,49.03,0.0,8.68,147.09,0,Saturday,True
100716,2024-03-23,East,Apparel,Jacket,Loyalty,In-Store,3,88.81,0.0,36.36,266.43,0,Saturday,True
100717,2024-03-23,East,Electronics,Smartphone Case,Returning,In-Store,3,15.91,0.0,22.03,47.73,0,Saturday,True
100718,2024-03-23,West,Electronics,Power Bank,Loyalty,Online,4,28.9,0.0,1.18,115.6,0,Saturday,True
100719,2024-03-23,South,Electronics,Wireless Earbuds,Returning,Online,4,41.11,0.15,19.8,139.77,0,Saturday,True
100720,2024-03-23,North,Home & Kitchen,Vacuum Cleaner,New,Marketplace,2,127.69,0.15,6.87,217.07,0,Saturday,True
100721,2024-03-23,South,Beauty,Shampoo,New,In-Store,1,11.26,0.0,29.54,11.26,0,Saturday,True
100722,2024-03-23,East,Apparel,Running Shoes,Loyalty,Online,4,75.41,0.0,47.72,301.64,0,Saturday,True
100723,2024-03-23,West,Home & Kitchen,Coffee Maker,Returning,Online,4,66.72,0.0,29.76,266.88,0,Saturday,True
100724,2024-03-24,East,Home & Kitchen,Coffee Maker,Loyalty,Online,1,52.45,0.0,49.09,52.45,0,Sunday,True
100725,2024-03-24,East,Home & Kitchen,Air Fryer,Loyalty,Online,2,83.05,0.15,17.83,141.18,0,Sunday,True
100726,2024-03-24,North,Electronics,Power Bank,Returning,Online,3,27.84,0.0,46.23,83.52,0,Sunday,True
100727,2024-03-24,South,Beauty,Moisturizer,Returning,Online,3,19.88,0.0,17.99,59.64,0,Sunday,True
100728,2024-03-24,South,Apparel,Running Shoes,New,Online,4,59.11,0.0,30.19,236.44,0,Sunday,True
100729,2024-03-24,North,Home & Kitchen,Blender,New,Marketplace,5,39.82,0.15,20.57,169.24,0,Sunday,True
100730,2024-03-24,North,Home & Kitchen,Air Fryer,Loyalty,In-Store,2,82.38,0.0,13.97,164.76,0,Sunday,True
100731,2024-03-24,South,Electronics,Bluetooth Speaker,New,Marketplace,2,56.56,0.1,25.42,101.81,0,Sunday,True
100732,2024-03-24,North,Electronics,Bluetooth Speaker,Returning,Marketplace,3,68.46,0.0,47.99,205.38,0,Sunday,True
100733,2024-03-24,East,Electronics,Wireless Earbuds,Returning,In-Store,5,48.12,0.15,11.63,204.51,0,Sunday,True
100734,2024-03-25,East,Beauty,Shampoo,Loyalty,In-Store,5,11.98,0.0,27.96,59.9,0,Monday,False
100735,2024-03-25,South,Home & Kitchen,Coffee Maker,Returning,Online,5,45.16,0.0,14.73,225.8,0,Monday,False
100736,2024-03-25,North,Electronics,Smartphone Case,New,In-Store,5,17.02,0.0,30.39,85.1,0,Monday,False
100737,2024-03-25,South,Home & Kitchen,Air Fryer,New,Marketplace,5,70.71,0.0,19.32,353.55,0,Monday,False
100738,2024-03-25,South,Apparel,Jacket,New,Online,4,81.85,0.1,3.0,294.66,0,Monday,False
100739,2024-03-25,South,Beauty,Moisturizer,Returning,In-Store,2,19.86,0.0,4.33,39.72,0,Monday,False
100740,2024-03-26,South,Apparel,T-Shirt,Returning,Online,4,18.24,0.0,26.67,72.96,0,Tuesday,False
100741,2024-03-26,East,Beauty,Moisturizer,Loyalty,Online,2,21.83,0.0,40.93,43.66,0,Tuesday,False
100742,2024-03-26,West,Beauty,Lipstick Set,New,Online,1,29.17,0.0,18.56,29.17,0,Tuesday,False
100743,2024-03-26,South,Apparel,Backpack,New,Online,3,43.86,0.0,40.92,131.58,0,Tuesday,False
100744,2024-03-26,North,Beauty,Shampoo,Returning,In-Store,3,13.33,0.15,47.39,33.99,0,Tuesday,False
100745,2024-03-26,North,Electronics,Power Bank,Returning,Online,2,29.31,0.0,37.82,58.62,0,Tuesday,False
100746,2024-03-26,East,Apparel,Running Shoes,Loyalty,Online,5,72.87,0.0,43.25,364.35,0,Tuesday,False
100748,2024-03-27,North,Beauty,Shampoo,New,In-Store,1,13.78,0.0,41.53,13.78,0,Wednesday,False
100749,2024-03-27,East,Beauty,Moisturizer,Returning,Marketplace,2,22.38,0.0,32.77,44.76,0,Wednesday,False
100750,2024-03-27,North,Apparel,Jacket,New,In-Store,2,91.07,0.0,10.39,182.14,0,Wednesday,False
100751,2024-03-27,East,Home & Kitchen,Coffee Maker,Returning,Online,2,52.84,0.0,0.0,105.68,1,Wednesday,False
100752,2024-03-27,South,Home & Kitchen,Coffee Maker,New,In-Store,4,48.31,0.15,39.92,164.25,0,Wednesday,False
100753,2024-03-28,North,Apparel,T-Shirt,New,In-Store,5,20.46,0.0,44.34,102.3,0,Thursday,False
100757,2024-03-28,South,Apparel,Jacket,Loyalty,In-Store,2,82.56,0.0,15.22,165.12,0,Thursday,False
100758,2024-03-28,North,Apparel,Backpack,Returning,Marketplace,2,52.88,0.0,14.26,105.76,0,Thursday,False
100759,2024-03-29,North,Home & Kitchen,Air Fryer,Returning,Marketplace,2,85.81,0.0,21.31,171.62,0,Friday,False
100760,2024-03-29,East,Apparel,Backpack,New,Online,1,45.0,0.0,6.25,45.0,0,Friday,False
100761,2024-03-29,North,Electronics,Power Bank,New,Online,5,29.47,0.0,26.34,147.35,0,Friday,False
100762,2024-03-29,North,Apparel,Backpack,New,Online,3,56.59,0.2,41.21,135.82,0,Friday,False
100763,2024-03-29,East,Home & Kitchen,Air Fryer,New,Online,3,82.1,0.1,23.86,221.67,0,Friday,False
100764,2024-03-29,North,Beauty,Moisturizer,Loyalty,Marketplace,1,24.85,0.15,0.0,21.12,1,Friday,False
100765,2024-03-29,East,Home & Kitchen,Coffee Maker,New,Online,4,56.52,0.2,14.5,180.86,0,Friday,False
100766,2024-03-29,West,Apparel,T-Shirt,New,Marketplace,5,22.54,0.0,7.97,112.7,0,Friday,False
100767,2024-03-29,West,Electronics,Smartphone Case,New,Online,2,16.36,0.0,16.55,32.72,0,Friday,False
100768,2024-03-29,West,Apparel,Backpack,Returning,Online,4,57.8,0.0,16.35,231.2,0,Friday,False
100769,2024-03-30,West,Beauty,Lipstick Set,New,Marketplace,3,28.96,0.1,11.7,78.19,0,Saturday,True
100770,2024-03-30,North,Apparel,T-Shirt,New,Online,1,22.0,0.0,31.0,22.0,0,Saturday,True
100771,2024-03-30,South,Beauty,Lipstick Set,Returning,Online,2,23.17,0.0,38.36,46.34,0,Saturday,True
100772,2024-03-30,North,Apparel,Backpack,Returning,Marketplace,3,54.83,0.0,25.53,164.49,0,Saturday,True
100773,2024-03-30,South,Beauty,Lipstick Set,Returning,Online,2,23.88,0.0,40.08,47.76,0,Saturday,True
100774,2024-03-30,South,Electronics,Bluetooth Speaker,Returning,Marketplace,3,55.86,0.15,24.15,142.44,0,Saturday,True
100775,2024-03-30,South,Electronics,Power Bank,New,Online,3,21.81,0.1,33.62,58.89,0,Saturday,True
100776,2024-03-30,South,Home & Kitchen,Blender,Loyalty,Marketplace,3,36.58,0.0,1.98,109.74,0,Saturday,True
100777,2024-03-30,South,Beauty,Face Serum,Returning,In-Store,2,25.1,0.0,21.36,50.2,0,Saturday,True
100778,2024-03-30,North,Apparel,T-Shirt,Returning,Online,5,23.51,0.0,29.65,117.55,0,Saturday,True
100779,2024-03-30,South,Beauty,Moisturizer,New,Online,5,19.18,0.0,48.67,95.9,0,Saturday,True
100780,2024-03-30,East,Electronics,Power Bank,Loyalty,Online,5,24.4,0.0,33.87,122.0,0,Saturday,True
100781,2024-03-31,West,Apparel,Running Shoes,New,Online,1,84.92,0.15,20.72,72.18,0,Sunday,True
100782,2024-03-31,North,Home & Kitchen,Coffee Maker,Returning,In-Store,1,53.86,0.0,41.4,53.86,0,Sunday,True
100783,2024-03-31,East,Electronics,Bluetooth Speaker,New,Online,1,64.8,0.1,42.13,58.32,0,Sunday,True
100784,2024-03-31,South,Apparel,T-Shirt,Returning,Online,5,17.8,0.15,28.99,75.65,0,Sunday,True
100785,2024-03-31,East,Apparel,Running Shoes,New,In-Store,3,69.5,0.0,19.6,208.5,0,Sunday,True
100786,2024-03-31,South,Apparel,T-Shirt,New,Online,5,18.27,0.0,0.77,91.35,0,Sunday,True
100787,2024-03-31,North,Home & Kitchen,Coffee Maker,Returning,Online,1,58.45,0.15,3.67,49.68,0,Sunday,True
100788,2024-03-31,West,Electronics,Smartphone Case,Returning,Online,3,17.65,0.0,2.0,52.95,0,Sunday,True
100789,2024-03-31,West,Electronics,Power Bank,New,In-Store,2,30.62,0.0,31.81,61.24,0,Sunday,True
100790,2024-03-31,South,Apparel,Backpack,Loyalty,Marketplace,5,44.07,0.0,25.29,220.35,0,Sunday,True
100791,2024-03-31,North,Home & Kitchen,Coffee Maker,New,In-Store,1,62.45,0.1,6.77,56.21,0,Sunday,True
100792,2024-04-01,North,Apparel,Backpack,Returning,In-Store,3,51.17,0.15,26.09,130.48,0,Monday,False
100793,2024-04-01,North,Apparel,Backpack,Loyalty,Online,5,53.34,0.0,28.7,266.7,0,Monday,False
100794,2024-04-01,East,Electronics,Smartphone Case,Returning,Online,4,14.52,0.0,0.92,58.08,0,Monday,False
100795,2024-04-01,East,Apparel,Running Shoes,New,Online,4,60.41,0.0,37.8,241.64,0,Monday,False
100796,2024-04-01,South,Apparel,Backpack,New,Online,5,41.75,0.0,1.41,208.75,0,Monday,False
100797,2024-04-01,North,Beauty,Face Serum,Returning,In-Store,3,34.13,0.0,9.56,102.39,0,Monday,False
100798,2024-04-01,South,Beauty,Moisturizer,Loyalty,Online,2,19.15,0.1,24.59,34.47,0,Monday,False
100799,2024-04-01,East,Apparel,Running Shoes,New,In-Store,1,71.2,0.0,8.62,71.2,0,Monday,False
100800,2024-04-01,East,Home & Kitchen,Coffee Maker,Returning,Online,2,56.85,0.0,28.58,113.7,0,Monday,False
100801,2024-04-01,North,Electronics,Bluetooth Speaker,Returning,Marketplace,5,69.89,0.0,15.31,349.45,0,Monday,False
100802,2024-04-02,West,Electronics,Bluetooth Speaker,Returning,In-Store,5,68.55,0.0,12.09,342.75,0,Tuesday,False
100803,2024-04-02,South,Beauty,Lipstick Set,New,In-Store,3,23.77,0.0,48.09,71.31,0,Tuesday,False
100805,2024-04-02,West,Apparel,Running Shoes,New,Online,2,78.7,0.15,5.65,133.79,0,Tuesday,False
100806,2024-04-02,East,Electronics,Wireless Earbuds,Loyalty,Marketplace,4,45.81,0.15,47.37,155.75,0,Tuesday,False
100807,2024-04-02,South,Home & Kitchen,Blender,Returning,Online,1,35.1,0.0,24.53,35.1,0,Tuesday,False
100808,2024-04-02,South,Apparel,Jacket,Returning,Marketplace,2,78.83,0.0,7.37,157.66,0,Tuesday,False
100809,2024-04-02,East,Apparel,T-Shirt,Returning,Marketplace,3,19.24,0.0,48.67,57.72,0,Tuesday,False
100810,2024-04-02,South,Beauty,Face Serum,Loyalty,Online,5,26.86,0.0,22.12,134.3,0,Tuesday,False
100811,2024-04-02,North,Electronics,Bluetooth Speaker,New,Online,3,68.02,0.0,8.23,204.06,0,Tuesday,False
100812,2024-04-03,South,Apparel,Running Shoes,New,Online,1,62.31,0.15,16.03,52.96,0,Wednesday,False
100813,2024-04-03,East,Beauty,Moisturizer,New,In-Store,5,22.42,0.1,16.29,100.89,0,Wednesday,False
100815,2024-04-03,South,Beauty,Moisturizer,Returning,Online,2,18.6,0.15,15.07,31.62,0,Wednesday,False
100816,2024-04-03,North,Electronics,Wireless Earbuds,Returning,In-Store,2,52.73,0.15,46.38,89.64,0,Wednesday,False
100817,2024-04-03,West,Beauty,Face Serum,New,Marketplace,1,34.69,0.0,32.14,34.69,0,Wednesday,False
100818,2024-04-03,East,Apparel,T-Shirt,Returning,Online,2,19.1,0.0,13.74,38.2,0,Wednesday,False
100819,2024-04-04,West,Apparel,T-Shirt,New,Online,5,23.39,0.2,30.34,93.56,0,Thursday,False
100820,2024-04-04,North,Beauty,Moisturizer,Loyalty,Online,1,22.6,0.1,37.14,20.34,0,Thursday,False
100821,2024-04-04,East,Apparel,Jacket,New,In-Store,1,88.02,0.0,2.81,88.02,0,Thursday,False
100822,2024-04-04,North,Electronics,Smartphone Case,Returning,Marketplace,4,16.88,0.15,19.81,57.39,0,Thursday,False
100823,2024-04-04,East,Apparel,T-Shirt,Returning,Online,1,22.1,0.0,33.78,22.1,0,Thursday,False
100824,2024-04-04,East,Apparel,T-Shirt,Returning,Online,5,20.51,0.2,47.29,82.04,0,Thursday,False
100825,2024-04-05,West,Home & Kitchen,Coffee Maker,Returning,Online,2,61.2,0.0,13.15,122.4,0,Friday,False
100826,2024-04-05,North,Home & Kitchen,Vacuum Cleaner,New,In-Store,3,123.75,0.2,28.06,297.0,0,Friday,False
100827,2024-04-05,East,Apparel,Jacket,New,Marketplace,1,88.81,0.0,36.09,88.81,0,Friday,False
100828,2024-04-05,North,Beauty,Shampoo,Returning,In-Store,5,13.41,0.0,3.28,67.05,0,Friday,False
100829,2024-04-05,East,Apparel,Running Shoes,Returning,Online,4,72.33,0.0,24.78,289.32,0,Friday,False
100830,2024-04-05,South,Electronics,Wireless Earbuds,New,Online,5,41.96,0.0,27.17,209.8,0,Friday,False
100831,2024-04-05,South,Electronics,Wireless Earbuds,New,In-Store,5,39.4,0.0,32.66,197.0,0,Friday,False
100832,2024-04-05,North,Electronics,Power Bank,Returning,In-Store,2,29.21,0.0,23.01,58.42,0,Friday,False
100834,2024-04-05,North,Electronics,Smartphone Case,Returning,Online,2,15.38,0.0,27.87,30.76,0,Friday,False
100835,2024-04-06,North,Electronics,Smartphone Case,Returning,Online,3,17.51,0.15,49.95,44.65,0,Saturday,True
100836,2024-04-06,East,Electronics,Power Bank,New,Online,1,25.43,0.0,45.07,25.43,0,Saturday,True
100837,2024-04-06,East,Home & Kitchen,Air Fryer,Loyalty,Marketplace,1,84.31,0.0,16.81,84.31,0,Saturday,True
100838,2024-04-06,South,Apparel,T-Shirt,Returning,In-Store,4,17.86,0.0,6.91,71.44,0,Saturday,True
100839,2024-04-06,South,Apparel,T-Shirt,Returning,In-Store,1,18.95,0.1,47.89,17.06,0,Saturday,True
100840,2024-04-06,West,Apparel,Backpack,Loyalty,In-Store,4,59.36,0.0,41.64,237.44,0,Saturday,True
100841,2024-04-06,North,Electronics,Smartphone Case,Returning,Marketplace,4,15.59,0.0,44.19,62.36,0,Saturday,True
100842,2024-04-06,East,Beauty,Moisturizer,New,Online,2,23.3,0.0,11.96,46.6,0,Saturday,True
100843,2024-04-07,South,Electronics,Smartphone Case,Returning,In-Store,5,13.77,0.0,29.27,68.85,0,Sunday,True
100844,2024-04-07,South,Electronics,Smartphone Case,New,Online,3,13.34,0.0,24.62,40.02,0,Sunday,True
100845,2024-04-07,North,Beauty,Moisturizer,Loyalty,Marketplace,1,24.48,0.0,3.06,24.48,0,Sunday,True
100846,2024-04-07,East,Home & Kitchen,Air Fryer,New,Online,4,76.51,0.0,25.03,306.04,0,Sunday,True
100847,2024-04-07,West,Electronics,Bluetooth Speaker,New,In-Store,3,69.79,0.0,0.0,209.37,1,Sunday,True
100848,2024-04-07,West,Beauty,Shampoo,Returning,Online,1,13.25,0.0,41.61,13.25,0,Sunday,True
100849,2024-04-07,North,Beauty,Shampoo,New,Marketplace,1,12.18,0.0,0.42,12.18,0,Sunday,True
100850,2024-04-07,North,Apparel,Backpack,Returning,Marketplace,4,52.9,0.0,33.8,211.6,0,Sunday,True
100851,2024-04-07,East,Beauty,Face Serum,New,Online,5,32.08,0.0,3.71,160.4,0,Sunday,True
100852,2024-04-07,North,Apparel,T-Shirt,Returning,Marketplace,2,22.12,0.0,11.57,44.24,0,Sunday,True
100853,2024-04-07,East,Apparel,Backpack,New,In-Store,1,50.35,0.15,42.03,42.8,0,Sunday,True
100854,2024-04-07,West,Apparel,Backpack,Loyalty,Marketplace,3,59.34,0.1,23.64,160.22,0,Sunday,True
100855,2024-04-07,North,Electronics,Power Bank,New,Marketplace,3,27.04,0.0,43.05,81.12,0,Sunday,True
100856,2024-04-08,South,Electronics,Wireless Earbuds,New,Online,1,38.09,0.1,32.01,34.28,0,Monday,False
100857,2024-04-08,North,Electronics,Wireless Earbuds,Returning,In-Store,2,48.02,0.0,3.66,96.04,0,Monday,False
100858,2024-04-08,West,Apparel,T-Shirt,Returning,In-Store,5,22.13,0.1,36.31,99.58,0,Monday,False
100859,2024-04-08,West,Electronics,Wireless Earbuds,New,In-Store,3,53.01,0.0,34.64,159.03,0,Monday,False
100860,2024-04-08,West,Apparel,T-Shirt,Returning,In-Store,3,23.01,0.15,26.14,58.68,0,Monday,False
100861,2024-04-08,North,Electronics,Bluetooth Speaker,Loyalty,Online,4,67.09,0.0,24.12,268.36,0,Monday,False
100862,2024-04-08,North,Apparel,Running Shoes,Returning,Online,1,83.18,0.0,44.12,83.18,0,Monday,False
100863,2024-04-08,East,Electronics,Wireless Earbuds,Returning,Marketplace,4,46.05,0.0,35.56,184.2,0,Monday,False
100864,2024-04-08,North,Home & Kitchen,Blender,Returning,In-Store,4,43.22,0.0,16.33,172.88,0,Monday,False
100865,2024-04-08,South,Home & Kitchen,Coffee Maker,Returning,Online,3,49.46,0.0,7.11,148.38,0,Monday,False
100866,2024-04-08,East,Apparel,Running Shoes,Returning,Online,5,75.9,0.0,40.32,379.5,0,Monday,False
100867,2024-04-08,North,Apparel,Backpack,New,Online,5,53.25,0.15,10.43,226.31,0,Monday,False
100868,2024-04-08,East,Home & Kitchen,Vacuum Cleaner,Returning,Online,2,114.35,0.0,0.69,228.7,0,Monday,False
100869,2024-04-08,West,Beauty,Face Serum,Returning,Marketplace,4,30.9,0.0,28.25,123.6,0,Monday,False
100870,2024-04-09,East,Apparel,Backpack,Loyalty,Marketplace,2,47.96,0.0,35.95,95.92,0,Tuesday,False
100871,2024-04-09,South,Electronics,Smartphone Case,New,Online,2,12.52,0.0,37.48,25.04,0,Tuesday,False
100872,2024-04-09,East,Home & Kitchen,Blender,Returning,Marketplace,4,39.97,0.0,46.21,159.88,0,Tuesday,False
100873,2024-04-09,North,Electronics,Bluetooth Speaker,Returning,Online,4,68.25,0.0,46.7,273.0,0,Tuesday,False
100874,2024-04-09,North,Beauty,Shampoo,Loyalty,In-Store,1,13.68,0.0,1.05,13.68,0,Tuesday,False
100875,2024-04-10,South,Beauty,Shampoo,Loyalty,Marketplace,3,11.04,0.0,47.66,33.12,0,Wednesday,False
100876,2024-04-10,South,Apparel,Running Shoes,Returning,Marketplace,4,62.49,0.0,4.75,249.96,0,Wednesday,False
100877,2024-04-10,North,Home & Kitchen,Blender,New,Marketplace,1,44.96,0.0,45.29,44.96,0,Wednesday,False
100878,2024-04-10,West,Home & Kitchen,Coffee Maker,Returning,Online,5,63.06,0.1,30.73,283.77,0,Wednesday,False
100879,2024-04-11,East,Apparel,Backpack,New,Online,2,48.13,0.0,20.39,96.26,0,Thursday,False
100880,2024-04-11,East,Apparel,Jacket,Returning,Online,2,87.51,0.0,0.42,175.02,0,Thursday,False
100881,2024-04-11,West,Apparel,Jacket,Loyalty,Marketplace,2,97.82,0.15,0.77,166.29,0,Thursday,False
100882,2024-04-11,South,Home & Kitchen,Vacuum Cleaner,New,Online,2,119.66,0.15,5.23,203.42,0,Thursday,False
100883,2024-04-12,South,Beauty,Lipstick Set,Returning,Online,5,20.41,0.15,28.85,86.74,0,Friday,False
100884,2024-04-12,North,Apparel,Jacket,Loyalty,Online,3,93.47,0.1,4.38,252.37,0,Friday,False
100885,2024-04-12,West,Beauty,Shampoo,Returning,Online,1,13.09,0.0,38.45,13.09,0,Friday,False
100886,2024-04-12,South,Electronics,Bluetooth Speaker,Returning,Online,4,50.91,0.0,5.29,203.64,0,Friday,False
100887,2024-04-12,East,Beauty,Face Serum,New,In-Store,5,28.3,0.2,1.87,113.2,0,Friday,False
100888,2024-04-12,South,Apparel,Jacket,New,Marketplace,2,76.28,0.0,45.22,152.56,0,Friday,False
100889,2024-04-12,West,Beauty,Shampoo,Returning,In-Store,2,14.21,0.2,3.16,22.74,0,Friday,False
100890,2024-04-12,East,Beauty,Shampoo,Loyalty,Online,2,12.48,0.0,13.06,24.96,0,Friday,False
100891,2024-04-13,East,Electronics,Smartphone Case,Loyalty,Online,3,14.42,0.0,0.95,43.26,0,Saturday,True
100892,2024-04-13,North,Apparel,T-Shirt,New,Online,1,23.01,0.0,10.55,23.01,0,Saturday,True
100893,2024-04-13,East,Beauty,Moisturizer,Returning,In-Store,5,23.12,0.0,39.61,115.6,0,Saturday,True
100894,2024-04-13,West,Electronics,Smartphone Case,New,Online,2,17.71,0.0,12.98,35.42,0,Saturday,True
100895,2024-04-13,North,Home & Kitchen,Vacuum Cleaner,Returning,Online,3,132.46,0.0,46.13,397.38,0,Saturday,True
100896,2024-04-13,East,Beauty,Moisturizer,Returning,Online,3,22.18,0.1,19.94,59.89,0,Saturday,True
100897,2024-04-14,South,Home & Kitchen,Blender,New,In-Store,2,35.26,0.0,42.09,70.52,0,Sunday,True
100898,2024-04-14,West,Electronics,Wireless Earbuds,New,Online,5,47.72,0.1,43.72,214.74,0,Sunday,True
100899,2024-04-14,West,Apparel,Running Shoes,New,Marketplace,3,86.21,0.2,48.99,206.9,0,Sunday,True
100900,2024-04-14,North,Home & Kitchen,Coffee Maker,Returning,Online,5,60.07,0.2,34.66,240.28,0,Sunday,True
100901,2024-04-14,West,Electronics,Bluetooth Speaker,New,Online,1,68.43,0.0,43.0,68.43,0,Sunday,True
100902,2024-04-14,North,Beauty,Shampoo,New,Marketplace,1,12.86,0.0,6.49,12.86,0,Sunday,True
100903,2024-04-14,East,Home & Kitchen,Air Fryer,New,Online,2,82.26,0.0,29.26,164.52,0,Sunday,True
100904,2024-04-14,South,Electronics,Wireless Earbuds,New,Online,1,41.5,0.0,26.52,41.5,0,Sunday,True
100905,2024-04-14,South,Home & Kitchen,Coffee Maker,New,Online,5,50.24,0.0,29.29,251.2,0,Sunday,True
100906,2024-04-14,West,Apparel,Backpack,Loyalty,Online,5,56.09,0.0,0.0,280.45,1,Sunday,True
100907,2024-04-14,East,Electronics,Power Bank,Loyalty,Marketplace,2,25.39,0.0,24.74,50.78,0,Sunday,True
100908,2024-04-15,South,Home & Kitchen,Blender,Returning,Online,1,35.93,0.0,13.12,35.93,0,Monday,False
100909,2024-04-15,West,Beauty,Lipstick Set,Returning,In-Store,5,28.59,0.0,39.53,142.95,0,Monday,False
100910,2024-04-15,North,Apparel,Backpack,Returning,In-Store,3,53.21,0.0,32.24,159.63,0,Monday,False
100911,2024-04-15,South,Electronics,Wireless Earbuds,New,Online,3,39.76,0.0,12.61,119.28,0,Monday,False
100912,2024-04-15,South,Electronics,Power Bank,New,Marketplace,3,23.14,0.0,20.11,69.42,0,Monday,False
100913,2024-04-15,East,Electronics,Bluetooth Speaker,New,Online,1,57.42,0.15,4.56,48.81,0,Monday,False
100914,2024-04-15,North,Apparel,Jacket,New,Marketplace,1,101.5,0.0,14.92,101.5,0,Monday,False
100916,2024-04-15,North,Apparel,Jacket,New,Online,4,96.82,0.15,26.01,329.19,0,Monday,False
100917,2024-04-15,South,Beauty,Shampoo,New,Online,2,10.48,0.0,15.83,20.96,0,Monday,False
100918,2024-04-16,East,Home & Kitchen,Air Fryer,New,Online,2,80.83,0.2,46.33,129.33,0,Tuesday,False
100919,2024-04-16,West,Beauty,Face Serum,New,Online,3,34.93,0.0,14.76,104.79,0,Tuesday,False
100920,2024-04-16,East,Home & Kitchen,Air Fryer,New,Online,3,75.99,0.0,48.77,227.97,0,Tuesday,False
100921,2024-04-16,East,Apparel,Running Shoes,New,Online,1,68.33,0.0,5.55,68.33,0,Tuesday,False
100922,2024-04-16,South,Electronics,Bluetooth Speaker,Loyalty,Online,2,57.37,0.0,34.22,114.74,0,Tuesday,False
100923,2024-04-16,South,Electronics,Wireless Earbuds,New,Online,4,42.26,0.1,35.81,152.14,0,Tuesday,False
100924,2024-04-16,North,Beauty,Face Serum,Loyalty,Online,1,33.08,0.1,4.28,29.77,0,Tuesday,False
100925,2024-04-17,East,Beauty,Face Serum,Returning,In-Store,2,30.31,0.0,3.48,60.62,0,Wednesday,False
100926,2024-04-17,East,Electronics,Power Bank,Returning,Online,1,24.56,0.0,48.8,24.56,0,Wednesday,False
100927,2024-04-17,West,Apparel,Running Shoes,Returning,Marketplace,4,80.2,0.15,33.61,272.68,0,Wednesday,False
100928,2024-04-17,West,Electronics,Smartphone Case,Returning,In-Store,5,18.33,0.1,47.81,82.48,0,Wednesday,False
100929,2024-04-18,North,Electronics,Power Bank,Returning,Marketplace,3,27.61,0.0,23.84,82.83,0,Thursday,False
100930,2024-04-18,North,Electronics,Smartphone Case,Returning,Online,3,16.82,0.15,24.75,42.89,0,Thursday,False
100932,2024-04-18,West,Beauty,Moisturizer,Returning,In-Store,5,24.92,0.1,23.12,112.14,0,Thursday,False
100933,2024-04-18,West,Apparel,T-Shirt,Returning,In-Store,3,24.55,0.0,6.25,73.65,0,Thursday,False
100934,2024-04-19,West,Beauty,Lipstick Set,Returning,Marketplace,2,30.25,0.0,42.62,60.5,0,Friday,False
100935,2024-04-20,South,Apparel,T-Shirt,Returning,Online,1,18.42,0.2,42.17,14.74,0,Saturday,True
100936,2024-04-20,South,Beauty,Shampoo,Returning,In-Store,4,11.57,0.0,5.65,46.28,0,Saturday,True
100937,2024-04-20,North,Beauty,Lipstick Set,New,In-Store,3,27.14,0.0,14.69,81.42,0,Saturday,True
100938,2024-04-20,North,Beauty,Lipstick Set,New,Online,5,28.18,0.15,12.9,119.76,0,Saturday,True
100939,2024-04-20,South,Beauty,Moisturizer,New,In-Store,3,18.81,0.2,38.34,45.14,0,Saturday,True
100940,2024-04-20,West,Apparel,Backpack,New,Online,4,53.97,0.15,47.84,183.5,0,Saturday,True
100941,2024-04-20,South,Home & Kitchen,Blender,Returning,Online,5,39.95,0.0,0.19,199.75,0,Saturday,True
100942,2024-04-20,North,Apparel,Backpack,New,Online,3,54.08,0.0,37.29,162.24,0,Saturday,True
100943,2024-04-20,South,Beauty,Shampoo,Returning,Marketplace,3,11.18,0.1,13.42,30.19,0,Saturday,True
100944,2024-04-20,East,Electronics,Power Bank,Loyalty,Online,3,21.62,0.0,16.69,64.86,0,Saturday,True
100945,2024-04-20,East,Beauty,Lipstick Set,New,In-Store,5,24.88,0.0,20.81,124.4,0,Saturday,True
100946,2024-04-21,East,Beauty,Moisturizer,New,In-Store,1,21.4,0.15,7.08,18.19,0,Sunday,True
100947,2024-04-21,East,Apparel,Backpack,Loyalty,Online,5,54.54,0.15,13.52,231.8,0,Sunday,True
100948,2024-04-21,West,Apparel,T-Shirt,New,Online,3,23.48,0.0,1.13,70.44,0,Sunday,True
100949,2024-04-21,North,Beauty,Face Serum,Loyalty,In-Store,2,33.17,0.0,39.1,66.34,0,Sunday,True
100950,2024-04-21,North,Electronics,Smartphone Case,Returning,Online,4,17.27,0.0,25.69,69.08,0,Sunday,True
100951,2024-04-21,North,Beauty,Moisturizer,Loyalty,Online,5,25.14,0.15,9.29,106.84,0,Sunday,True
100952,2024-04-21,West,Beauty,Moisturizer,Returning,Online,1,25.5,0.0,46.35,25.5,0,Sunday,True
100953,2024-04-22,North,Electronics,Wireless Earbuds,Returning,Online,5,52.15,0.0,24.46,260.75,0,Monday,False
100954,2024-04-22,East,Electronics,Smartphone Case,New,Online,1,13.23,0.0,48.43,13.23,0,Monday,False
100955,2024-04-22,North,Apparel,T-Shirt,Returning,In-Store,2,22.72,0.0,6.81,45.44,0,Monday,False
100956,2024-04-22,West,Beauty,Shampoo,Loyalty,In-Store,5,12.62,0.1,40.13,56.79,0,Monday,False
100957,2024-04-22,West,Electronics,Power Bank,Loyalty,Marketplace,3,30.16,0.0,20.66,90.48,0,Monday,False
100958,2024-04-22,South,Beauty,Moisturizer,New,In-Store,3,20.61,0.0,48.27,61.83,0,Monday,False
100959,2024-04-22,East,Beauty,Lipstick Set,New,Online,4,23.49,0.15,22.41,79.87,0,Monday,False
100960,2024-04-22,North,Beauty,Face Serum,New,Online,2,31.55,0.0,14.7,63.1,0,Monday,False
100961,2024-04-22,North,Home & Kitchen,Blender,New,Online,1,41.37,0.1,6.89,37.23,0,Monday,False
100962,2024-04-22,East,Electronics,Wireless Earbuds,Returning,Online,4,44.99,0.15,37.02,152.97,0,Monday,False
100963,2024-04-23,East,Electronics,Power Bank,Returning,Marketplace,5,24.99,0.0,28.58,124.95,0,Tuesday,False
100965,2024-04-23,North,Beauty,Shampoo,New,In-Store,2,13.21,0.0,0.0,26.42,1,Tuesday,False
100966,2024-04-23,South,Home & Kitchen,Blender,Loyalty,Marketplace,2,37.82,0.0,18.93,75.64,0,Tuesday,False
100967,2024-04-23,South,Beauty,Face Serum,Returning,Online,5,27.02,0.15,29.43,114.84,0,Tuesday,False
100968,2024-04-23,South,Electronics,Bluetooth Speaker,Returning,Marketplace,4,49.08,0.0,26.86,196.32,0,Tuesday,False
100969,2024-04-23,North,Beauty,Shampoo,Loyalty,Online,3,13.98,0.0,24.9,41.94,0,Tuesday,False
100971,2024-04-23,South,Home & Kitchen,Blender,Returning,Online,5,33.97,0.15,49.94,144.37,0,Tuesday,False
100972,2024-04-23,West,Beauty,Lipstick Set,New,In-Store,3,27.92,0.0,9.4,83.76,0,Tuesday,False
100973,2024-04-24,West,Beauty,Moisturizer,Returning,In-Store,4,24.97,0.0,31.38,99.88,0,Wednesday,False
100974,2024-04-24,East,Electronics,Smartphone Case,Returning,Marketplace,3,15.64,0.0,33.21,46.92,0,Wednesday,False
100975,2024-04-24,South,Home & Kitchen,Blender,Loyalty,Online,5,37.12,0.0,45.03,185.6,0,Wednesday,False
100976,2024-04-24,West,Beauty,Face Serum,Returning,In-Store,4,35.2,0.0,10.69,140.8,0,Wednesday,False
100977,2024-04-24,East,Apparel,T-Shirt,New,Marketplace,4,21.1,0.0,49.1,84.4,0,Wednesday,False
100978,2024-04-25,North,Apparel,Backpack,Returning,Online,3,57.1,0.0,37.4,171.3,0,Thursday,False
100979,2024-04-25,North,Electronics,Smartphone Case,Loyalty,Online,3,16.47,0.0,16.38,49.41,0,Thursday,False
100980,2024-04-25,North,Beauty,Lipstick Set,New,In-Store,4,26.34,0.0,3.51,105.36,0,Thursday,False
100981,2024-04-25,North,Electronics,Smartphone Case,Returning,Marketplace,3,15.81,0.0,20.57,47.43,0,Thursday,False
100982,2024-04-25,West,Electronics,Power Bank,Loyalty,Online,4,30.33,0.0,8.18,121.32,0,Thursday,False
100983,2024-04-25,South,Apparel,Backpack,New,Online,5,43.82,0.0,17.08,219.1,0,Thursday,False
100984,2024-04-26,North,Electronics,Bluetooth Speaker,Returning,Online,2,71.26,0.0,10.94,142.52,0,Friday,False
100985,2024-04-26,South,Home & Kitchen,Vacuum Cleaner,Returning,In-Store,3,109.77,0.0,31.01,329.31,0,Friday,False
100986,2024-04-26,North,Beauty,Face Serum,Returning,Online,3,34.05,0.0,48.4,102.15,0,Friday,False
100987,2024-04-26,East,Home & Kitchen,Coffee Maker,Returning,Online,5,51.37,0.0,13.11,256.85,0,Friday,False
100988,2024-04-26,South,Beauty,Moisturizer,Returning,Online,5,19.8,0.0,46.01,99.0,0,Friday,False
100989,2024-04-26,North,Beauty,Face Serum,Loyalty,Online,1,32.02,0.0,6.31,32.02,0,Friday,False
100990,2024-04-26,North,Home & Kitchen,Coffee Maker,Loyalty,In-Store,2,60.32,0.0,34.49,120.64,0,Friday,False
100991,2024-04-27,North,Apparel,Jacket,Returning,In-Store,3,103.09,0.1,43.05,278.34,0,Saturday,True
100992,2024-04-27,East,Home & Kitchen,Blender,Returning,Online,3,43.74,0.0,35.82,131.22,0,Saturday,True
100993,2024-04-27,North,Home & Kitchen,Air Fryer,Loyalty,In-Store,3,85.94,0.0,16.65,257.82,0,Saturday,True
100994,2024-04-27,South,Electronics,Smartphone Case,Returning,Online,1,13.56,0.0,0.36,13.56,0,Saturday,True
100995,2024-04-27,North,Electronics,Bluetooth Speaker,New,Online,2,68.8,0.0,42.44,137.6,0,Saturday,True
100996,2024-04-27,North,Beauty,Face Serum,Returning,Online,1,34.18,0.1,37.77,30.76,0,Saturday,True
100997,2024-04-27,East,Apparel,Running Shoes,Returning,In-Store,1,69.18,0.0,21.41,69.18,0,Saturday,True
100998,2024-04-27,North,Beauty,Shampoo,Loyalty,Online,1,14.05,0.0,28.54,14.05,0,Saturday,True
100999,2024-04-27,South,Apparel,Jacket,Returning,Marketplace,3,81.22,0.0,29.68,243.66,0,Saturday,True
101000,2024-04-27,North,Apparel,Running Shoes,Loyalty,Online,4,74.92,0.0,7.38,299.68,0,Saturday,True
101001,2024-04-28,East,Electronics,Smartphone Case,Returning,Marketplace,1,15.23,0.15,46.46,12.95,0,Sunday,True
101002,2024-04-28,South,Apparel,Jacket,Returning,Marketplace,4,74.07,0.0,8.51,296.28,0,Sunday,True
101003,2024-04-28,East,Home & Kitchen,Air Fryer,Loyalty,Online,5,81.75,0.0,17.04,408.75,0,Sunday,True
101005,2024-04-28,East,Apparel,Jacket,New,In-Store,1,93.09,0.0,13.27,93.09,0,Sunday,True
101006,2024-04-28,North,Beauty,Moisturizer,Returning,In-Store,4,25.26,0.1,22.78,90.94,0,Sunday,True
101007,2024-04-28,East,Beauty,Moisturizer,Returning,Marketplace,2,21.12,0.0,22.93,42.24,0,Sunday,True
101008,2024-04-28,East,Beauty,Face Serum,Returning,In-Store,4,31.51,0.0,2.06,126.04,0,Sunday,True
101009,2024-04-28,North,Electronics,Wireless Earbuds,Loyalty,In-Store,1,44.51,0.0,8.08,44.51,0,Sunday,True
101010,2024-04-28,North,Electronics,Smartphone Case,Loyalty,Online,3,15.46,0.15,24.25,39.42,0,Sunday,True
101011,2024-04-28,South,Home & Kitchen,Blender,New,In-Store,5,37.58,0.0,14.08,187.9,0,Sunday,True
101012,2024-04-28,North,Apparel,T-Shirt,New,Online,2,21.08,0.0,15.81,42.16,0,Sunday,True
101013,2024-04-28,West,Home & Kitchen,Vacuum Cleaner,Returning,Online,2,142.74,0.0,21.62,285.48,0,Sunday,True
101014,2024-04-28,West,Beauty,Shampoo,New,Online,1,14.16,0.0,14.78,14.16,0,Sunday,True
101015,2024-04-29,East,Beauty,Lipstick Set,Returning,Online,1,24.79,0.0,16.9,24.79,0,Monday,False
101016,2024-04-29,South,Home & Kitchen,Blender,Returning,Online,5,37.82,0.1,2.07,170.19,0,Monday,False
101017,2024-04-29,South,Beauty,Shampoo,New,In-Store,5,10.99,0.15,14.45,46.71,0,Monday,False
101018,2024-04-29,North,Apparel,Running Shoes,New,In-Store,4,74.98,0.15,39.98,254.93,0,Monday,False
101019,2024-04-29,South,Electronics,Wireless Earbuds,New,In-Store,4,38.28,0.0,23.05,153.12,0,Monday,False
101020,2024-04-29,South,Beauty,Moisturizer,Returning,Marketplace,4,19.21,0.0,44.01,76.84,0,Monday,False
101021,2024-04-29,West,Home & Kitchen,Air Fryer,Returning,In-Store,2,85.31,0.0,47.53,170.62,0,Monday,False
101022,2024-04-29,North,Electronics,Power Bank,Returning,Online,4,30.22,0.0,24.06,120.88,0,Monday,False
101023,2024-04-29,East,Beauty,Shampoo,New,Marketplace,2,12.39,0.0,31.65,24.78,0,Monday,False
101024,2024-04-29,South,Home & Kitchen,Air Fryer,New,Marketplace,1,73.74,0.1,32.04,66.37,0,Monday,False
101025,2024-04-29,South,Electronics,Smartphone Case,New,Online,4,12.74,0.0,45.45,50.96,0,Monday,False
101026,2024-04-29,East,Apparel,Running Shoes,New,Marketplace,5,70.97,0.0,6.6,354.85,0,Monday,False
101027,2024-04-29,North,Home & Kitchen,Air Fryer,New,In-Store,1,80.25,0.0,9.99,80.25,0,Monday,False
101028,2024-04-30,South,Home & Kitchen,Coffee Maker,Returning,In-Store,3,47.7,0.2,41.59,114.48,0,Tuesday,False
101029,2024-04-30,South,Apparel,Backpack,Loyalty,Online,3,42.63,0.1,26.89,115.1,0,Tuesday,False
101030,2024-04-30,North,Home & Kitchen,Air Fryer,Returning,Marketplace,4,85.43,0.15,3.8,290.46,0,Tuesday,False
101031,2024-04-30,South,Home & Kitchen,Coffee Maker,Returning,In-Store,5,55.57,0.0,39.81,277.85,0,Tuesday,False
101032,2024-05-01,North,Home & Kitchen,Air Fryer,Returning,Online,4,80.44,0.15,46.37,273.5,0,Wednesday,False
101033,2024-05-01,South,Home & Kitchen,Vacuum Cleaner,New,In-Store,2,109.28,0.0,37.87,218.56,0,Wednesday,False
101034,2024-05-01,North,Apparel,Running Shoes,Returning,Online,4,76.97,0.0,16.74,307.88,0,Wednesday,False
101035,2024-05-01,East,Apparel,Jacket,Returning,Online,2,85.74,0.0,9.44,171.48,0,Wednesday,False
101036,2024-05-02,East,Apparel,Jacket,New,Online,1,89.81,0.0,7.3,89.81,0,Thursday,False
101038,2024-05-02,East,Electronics,Bluetooth Speaker,Loyalty,Marketplace,4,60.26,0.0,42.32,241.04,0,Thursday,False
101040,2024-05-02,South,Electronics,Wireless Earbuds,Returning,In-Store,5,40.99,0.15,4.92,174.21,0,Thursday,False
101041,2024-05-02,North,Apparel,T-Shirt,Loyalty,Online,5,22.33,0.0,38.28,111.65,0,Thursday,False
101042,2024-05-02,South,Home & Kitchen,Air Fryer,New,Online,5,76.77,0.0,27.76,383.85,0,Thursday,False
101043,2024-05-02,North,Beauty,Lipstick Set,New,In-Store,3,26.19,0.0,30.81,78.57,0,Thursday,False
101044,2024-05-02,South,Electronics,Smartphone Case,Returning,Online,3,13.08,0.1,34.78,35.32,0,Thursday,False
101046,2024-05-02,East,Home & Kitchen,Coffee Maker,New,In-Store,3,56.28,0.0,49.92,168.84,0,Thursday,False
101047,2024-05-02,East,Electronics,Wireless Earbuds,Returning,Marketplace,3,46.37,0.0,0.0,139.11,1,Thursday,False
101048,2024-05-03,North,Beauty,Moisturizer,Returning,Online,5,24.66,0.1,9.59,110.97,0,Friday,False
101049,2024-05-03,North,Electronics,Power Bank,New,Online,3,29.38,0.0,46.13,88.14,0,Friday,False
101050,2024-05-03,North,Apparel,T-Shirt,New,Marketplace,1,21.44,0.15,40.64,18.22,0,Friday,False
101051,2024-05-03,East,Home & Kitchen,Blender,New,In-Store,1,40.26,0.0,18.9,40.26,0,Friday,False
101052,2024-05-03,North,Apparel,Running Shoes,Returning,Online,3,72.63,0.0,15.05,217.89,0,Friday,False
101053,2024-05-03,North,Home & Kitchen,Coffee Maker,New,Online,5,63.61,0.0,4.34,318.05,0,Friday,False
101054,2024-05-03,East,Beauty,Face Serum,New,Online,5,31.87,0.0,41.71,159.35,0,Friday,False
101055,2024-05-03,North,Beauty,Lipstick Set,Returning,Online,5,28.4,0.15,38.86,120.7,0,Friday,False
101056,2024-05-03,North,Beauty,Moisturizer,Returning,Marketplace,2,23.94,0.0,49.97,47.88,0,Friday,False
101057,2024-05-04,East,Beauty,Shampoo,New,Online,2,12.37,0.0,3.48,24.74,0,Saturday,True
101058,2024-05-04,West,Electronics,Bluetooth Speaker,Returning,In-Store,2,64.93,0.0,31.31,129.86,0,Saturday,True
101059,2024-05-04,North,Apparel,Backpack,Loyalty,Online,1,51.83,0.1,15.24,46.65,0,Saturday,True
101060,2024-05-04,West,Home & Kitchen,Coffee Maker,Returning,Online,4,67.57,0.2,46.29,216.22,0,Saturday,True
101061,2024-05-04,West,Electronics,Wireless Earbuds,New,Online,1,51.6,0.0,45.91,51.6,0,Saturday,True
101062,2024-05-04,West,Beauty,Lipstick Set,Loyalty,Online,5,30.34,0.0,0.39,151.7,0,Saturday,True
101063,2024-05-04,East,Home & Kitchen,Blender,New,Online,4,42.43,0.0,18.17,169.72,0,Saturday,True
101064,2024-05-04,South,Beauty,Lipstick Set,New,Online,3,24.6,0.0,3.71,73.8,0,Saturday,True
101065,2024-05-05,North,Home & Kitchen,Vacuum Cleaner,Loyalty,Online,2,142.55,0.0,29.38,285.1,0,Sunday,True
101066,2024-05-05,North,Apparel,T-Shirt,New,Online,1,20.71,0.0,36.02,20.71,0,Sunday,True
101067,2024-05-05,South,Home & Kitchen,Vacuum Cleaner,New,In-Store,3,110.53,0.0,18.17,331.59,0,Sunday,True
101068,2024-05-05,South,Beauty,Moisturizer,New,Online,2,20.81,0.0,22.04,41.62,0,Sunday,True
101069,2024-05-05,East,Apparel,T-Shirt,New,In-Store,3,19.6,0.0,14.51,58.8,0,Sunday,True
101070,2024-05-05,East,Home & Kitchen,Coffee Maker,New,Online,2,56.68,0.0,47.31,113.36,0,Sunday,True
101071,2024-05-05,East,Home & Kitchen,Coffee Maker,Returning,Marketplace,2,54.89,0.0,25.36,109.78,0,Sunday,True
101072,2024-05-05,East,Home & Kitchen,Blender,Loyalty,In-Store,4,35.47,0.0,31.04,141.88,0,Sunday,True
101073,2024-05-05,West,Beauty,Face Serum,Loyalty,Online,3,35.6,0.0,10.32,106.8,0,Sunday,True
101074,2024-05-05,East,Home & Kitchen,Coffee Maker,Returning,Online,2,50.3,0.0,7.67,100.6,0,Sunday,True
101075,2024-05-06,East,Apparel,Running Shoes,Loyalty,Online,2,66.52,0.0,19.93,133.04,0,Monday,False
101076,2024-05-06,North,Apparel,Backpack,New,Online,5,57.93,0.0,12.19,289.65,0,Monday,False
101077,2024-05-06,North,Beauty,Face Serum,Returning,Online,3,32.24,0.2,42.51,77.38,0,Monday,False
101078,2024-05-06,East,Home & Kitchen,Coffee Maker,New,Marketplace,4,52.92,0.0,37.08,211.68,0,Monday,False
101079,2024-05-06,South,Apparel,Jacket,Returning,Marketplace,3,80.59,0.2,47.83,193.42,0,Monday,False
101080,2024-05-06,West,Home & Kitchen,Blender,New,Marketplace,2,45.9,0.0,24.18,91.8,0,Monday,False
101081,2024-05-06,South,Home & Kitchen,Coffee Maker,New,Online,5,48.66,0.0,41.65,243.3,0,Monday,False
101082,2024-05-06,West,Electronics,Wireless Earbuds,Returning,Online,4,49.67,0.0,28.13,198.68,0,Monday,False
101083,2024-05-07,South,Home & Kitchen,Coffee Maker,New,Online,4,47.69,0.0,28.89,190.76,0,Tuesday,False
101084,2024-05-07,South,Apparel,T-Shirt,Returning,Online,4,18.54,0.0,25.37,74.16,0,Tuesday,False
101085,2024-05-07,South,Apparel,T-Shirt,New,Online,4,18.1,0.0,48.12,72.4,0,Tuesday,False
101086,2024-05-07,South,Beauty,Shampoo,New,Online,1,10.97,0.0,38.36,10.97,0,Tuesday,False
101087,2024-05-07,North,Apparel,Backpack,Returning,Online,1,52.9,0.1,39.04,47.61,0,Tuesday,False
101088,2024-05-07,North,Beauty,Moisturizer,Loyalty,Online,4,21.72,0.0,9.4,86.88,0,Tuesday,False
101090,2024-05-08,South,Beauty,Face Serum,Returning,Online,4,27.55,0.0,39.15,110.2,0,Wednesday,False
101091,2024-05-08,East,Home & Kitchen,Vacuum Cleaner,Returning,Online,3,116.42,0.0,0.47,349.26,0,Wednesday,False
101092,2024-05-08,North,Beauty,Lipstick Set,Returning,Online,2,29.33,0.0,46.55,58.66,0,Wednesday,False
101093,2024-05-08,West,Home & Kitchen,Vacuum Cleaner,New,In-Store,3,129.88,0.0,0.0,389.64,1,Wednesday,False
101094,2024-05-08,North,Electronics,Wireless Earbuds,New,In-Store,1,52.62,0.0,41.02,52.62,0,Wednesday,False
101095,2024-05-08,North,Electronics,Power Bank,New,Online,1,28.67,0.0,8.78,28.67,0,Wednesday,False
101096,2024-05-08,South,Apparel,Jacket,Returning,Online,4,87.63,0.0,19.64,350.52,0,Wednesday,False
101097,2024-05-09,North,Electronics,Power Bank,New,Online,4,25.53,0.0,46.29,102.12,0,Thursday,False
101098,2024-05-09,East,Apparel,Jacket,Loyalty,In-Store,4,81.45,0.0,15.24,325.8,0,Thursday,False
101099,2024-05-09,North,Electronics,Power Bank,New,Online,2,27.05,0.0,38.87,54.1,0,Thursday,False
101101,2024-05-09,South,Apparel,Jacket,Loyalty,Marketplace,2,75.69,0.0,38.56,151.38,0,Thursday,False
101102,2024-05-09,East,Beauty,Lipstick Set,Loyalty,Online,2,25.52,0.0,5.92,51.04,0,Thursday,False
101103,2024-05-09,West,Apparel,Running Shoes,Returning,Marketplace,4,78.5,0.1,40.76,282.6,0,Thursday,False
101105,2024-05-10,West,Electronics,Power Bank,Loyalty,Marketplace,1,27.61,0.0,16.75,27.61,0,Friday,False
101106,2024-05-10,North,Electronics,Power Bank,Returning,Online,1,26.35,0.0,4.45,26.35,0,Friday,False
101107,2024-05-11,East,Home & Kitchen,Coffee Maker,Returning,In-Store,5,53.13,0.0,35.71,265.65,0,Saturday,True
101108,2024-05-11,South,Apparel,Backpack,New,In-Store,5,46.42,0.1,48.45,208.89,0,Saturday,True
101109,2024-05-11,East,Home & Kitchen,Vacuum Cleaner,Loyalty,In-Store,1,124.6,0.0,7.44,124.6,0,Saturday,True
101110,2024-05-11,East,Electronics,Power Bank,New,Marketplace,4,25.8,0.0,30.32,103.2,0,Saturday,True
101111,2024-05-12,North,Home & Kitchen,Vacuum Cleaner,New,Marketplace,1,130.22,0.0,26.6,130.22,0,Sunday,True
101112,2024-05-12,North,Beauty,Shampoo,Loyalty,Marketplace,4,12.77,0.0,33.86,51.08,0,Sunday,True
101113,2024-05-12,West,Electronics,Smartphone Case,Loyalty,Online,4,16.97,0.0,4.57,67.88,0,Sunday,True
101114,2024-05-12,South,Beauty,Shampoo,Loyalty,Online,1,11.91,0.0,12.57,11.91,0,Sunday,True
101115,2024-05-12,North,Beauty,Lipstick Set,Returning,In-Store,5,27.7,0.1,48.88,124.65,0,Sunday,True
101116,2024-05-12,East,Apparel,Running Shoes,Loyalty,Online,4,75.98,0.0,37.48,303.92,0,Sunday,True
101117,2024-05-13,North,Apparel,Running Shoes,Loyalty,Marketplace,3,79.0,0.0,30.17,237.0,0,Monday,False
101118,2024-05-13,South,Apparel,T-Shirt,Loyalty,In-Store,1,18.54,0.0,45.31,18.54,0,Monday,False
101120,2024-05-13,South,Electronics,Power Bank,Returning,Online,1,22.31,0.0,38.15,22.31,0,Monday,False
101121,2024-05-13,East,Electronics,Power Bank,Returning,Online,3,25.7,0.0,28.01,77.1,0,Monday,False
101122,2024-05-14,East,Electronics,Bluetooth Speaker,Returning,Online,1,61.34,0.0,46.81,61.34,0,Tuesday,False
101124,2024-05-14,North,Apparel,Running Shoes,Returning,In-Store,3,75.85,0.0,32.14,227.55,0,Tuesday,False
101125,2024-05-14,West,Electronics,Power Bank,Returning,Online,4,27.51,0.0,23.86,110.04,0,Tuesday,False
101126,2024-05-14,South,Beauty,Shampoo,Returning,Online,1,10.47,0.0,35.14,10.47,0,Tuesday,False
101127,2024-05-14,South,Beauty,Shampoo,Loyalty,In-Store,3,11.0,0.15,46.82,28.05,0,Tuesday,False
101128,2024-05-14,West,Home & Kitchen,Coffee Maker,New,Marketplace,4,66.73,0.0,45.44,266.92,0,Tuesday,False
101129,2024-05-15,East,Beauty,Lipstick Set,New,In-Store,4,27.34,0.0,24.34,109.36,0,Wednesday,False
101130,2024-05-15,West,Beauty,Face Serum,Returning,Online,1,33.37,0.2,30.88,26.7,0,Wednesday,False
101131,2024-05-15,West,Electronics,Smartphone Case,Returning,Online,4,16.81,0.0,33.76,67.24,0,Wednesday,False
101132,2024-05-15,East,Home & Kitchen,Air Fryer,Returning,Online,3,74.52,0.0,37.35,223.56,0,Wednesday,False
101133,2024-05-15,West,Electronics,Power Bank,New,Marketplace,3,29.75,0.0,41.06,89.25,0,Wednesday,False
101134,2024-05-16,North,Beauty,Shampoo,Returning,In-Store,2,13.51,0.15,18.51,22.97,0,Thursday,False
101135,2024-05-16,North,Beauty,Moisturizer,Loyalty,Marketplace,4,23.91,0.0,44.43,95.64,0,Thursday,False
101137,2024-05-16,South,Electronics,Bluetooth Speaker,Loyalty,Online,3,50.36,0.0,33.72,151.08,0,Thursday,False
101138,2024-05-16,South,Home & Kitchen,Vacuum Cleaner,Loyalty,Online,3,107.25,0.0,43.02,321.75,0,Thursday,False
101139,2024-05-16,South,Apparel,Running Shoes,Returning,Online,2,58.13,0.0,23.53,116.26,0,Thursday,False
101140,2024-05-16,South,Apparel,Running Shoes,Returning,Online,3,58.94,0.0,26.0,176.82,0,Thursday,False
101141,2024-05-16,East,Beauty,Moisturizer,Returning,In-Store,5,21.65,0.1,10.07,97.42,0,Thursday,False
101142,2024-05-16,North,Apparel,Jacket,New,Online,2,101.53,0.0,32.23,203.06,0,Thursday,False
101143,2024-05-17,North,Electronics,Wireless Earbuds,Loyalty,In-Store,2,49.3,0.0,39.52,98.6,0,Friday,False
101144,2024-05-17,North,Beauty,Moisturizer,Returning,Online,3,23.39,0.2,4.19,56.14,0,Friday,False
101145,2024-05-17,South,Beauty,Face Serum,New,Online,2,29.77,0.0,23.78,59.54,0,Friday,False
101146,2024-05-17,South,Home & Kitchen,Air Fryer,Loyalty,Online,5,71.28,0.15,39.65,302.94,0,Friday,False
101147,2024-05-17,West,Electronics,Smartphone Case,New,Marketplace,3,17.67,0.0,13.55,53.01,0,Friday,False
101148,2024-05-17,South,Beauty,Face Serum,Returning,Marketplace,4,26.95,0.0,15.51,107.8,0,Friday,False
101149,2024-05-17,South,Beauty,Lipstick Set,Returning,Marketplace,5,21.84,0.0,2.06,109.2,0,Friday,False
101150,2024-05-17,East,Electronics,Smartphone Case,Returning,Marketplace,2,14.99,0.0,33.36,29.98,0,Friday,False
101151,2024-05-17,West,Beauty,Face Serum,New,Marketplace,3,34.66,0.0,44.16,103.98,0,Friday,False
101152,2024-05-17,East,Home & Kitchen,Coffee Maker,Loyalty,In-Store,1,53.83,0.1,45.56,48.45,0,Friday,False
101153,2024-05-17,West,Apparel,Running Shoes,Loyalty,Online,1,79.97,0.15,11.78,67.97,0,Friday,False
101155,2024-05-17,East,Electronics,Bluetooth Speaker,Returning,Online,5,56.31,0.0,47.78,281.55,0,Friday,False
101156,2024-05-18,North,Apparel,Backpack,Loyalty,In-Store,2,51.27,0.0,7.35,102.54,0,Saturday,True
101157,2024-05-18,West,Home & Kitchen,Coffee Maker,Returning,Online,2,59.48,0.0,7.1,118.96,0,Saturday,True
101158,2024-05-18,East,Beauty,Face Serum,Returning,Online,2,29.99,0.0,10.06,59.98,0,Saturday,True
101160,2024-05-18,North,Beauty,Lipstick Set,Loyalty,Marketplace,3,29.1,0.0,30.08,87.3,0,Saturday,True
101161,2024-05-18,East,Beauty,Lipstick Set,Loyalty,Online,4,24.45,0.2,24.68,78.24,0,Saturday,True
101162,2024-05-18,North,Electronics,Power Bank,Loyalty,In-Store,1,28.06,0.0,17.32,28.06,0,Saturday,True
101163,2024-05-18,North,Beauty,Shampoo,New,Online,4,13.81,0.15,44.32,46.95,0,Saturday,True
101164,2024-05-19,South,Beauty,Shampoo,Returning,Online,1,10.85,0.0,32.25,10.85,0,Sunday,True
101165,2024-05-19,South,Home & Kitchen,Blender,Returning,Online,1,36.68,0.1,39.26,33.01,0,Sunday,True
101166,2024-05-19,North,Beauty,Moisturizer,Loyalty,Marketplace,2,22.9,0.0,26.81,45.8,0,Sunday,True
101167,2024-05-19,North,Apparel,Backpack,Returning,Online,5,53.99,0.0,41.93,269.95,0,Sunday,True
101168,2024-05-19,North,Electronics,Power Bank,New,Online,1,29.21,0.0,21.65,29.21,0,Sunday,True
101169,2024-05-19,North,Electronics,Power Bank,Loyalty,In-Store,2,28.67,0.0,13.26,57.34,0,Sunday,True
101170,2024-05-19,North,Electronics,Power Bank,Loyalty,Online,2,25.35,0.15,16.36,43.1,0,Sunday,True
101172,2024-05-19,South,Electronics,Power Bank,Loyalty,Online,1,24.76,0.1,34.13,22.28,0,Sunday,True
101173,2024-05-19,North,Home & Kitchen,Blender,Loyalty,Online,3,41.7,0.0,17.77,125.1,0,Sunday,True
101174,2024-05-19,North,Apparel,Jacket,Returning,Online,1,99.85,0.0,12.32,99.85,0,Sunday,True
101175,2024-05-20,East,Apparel,Running Shoes,Returning,In-Store,3,72.05,0.1,10.76,194.54,0,Monday,False
101176,2024-05-20,North,Electronics,Bluetooth Speaker,New,In-Store,5,68.66,0.0,13.68,343.3,0,Monday,False
101177,2024-05-21,East,Home & Kitchen,Vacuum Cleaner,Returning,Online,2,102.34,0.15,22.27,173.98,0,Tuesday,False
101178,2024-05-21,East,Home & Kitchen,Air Fryer,New,In-Store,2,80.51,0.0,16.53,161.02,0,Tuesday,False
101179,2024-05-21,North,Electronics,Bluetooth Speaker,Returning,Online,3,64.05,0.0,8.54,192.15,0,Tuesday,False
101180,2024-05-21,South,Home & Kitchen,Blender,Returning,In-Store,1,34.51,0.0,20.09,34.51,0,Tuesday,False
101181,2024-05-21,East,Apparel,Jacket,Returning,Online,3,87.78,0.0,1.0,263.34,0,Tuesday,False
101183,2024-05-21,South,Beauty,Shampoo,New,Online,2,10.87,0.0,45.3,21.74,0,Tuesday,False
101184,2024-05-21,West,Beauty,Moisturizer,Loyalty,Online,4,24.74,0.15,0.49,84.12,0,Tuesday,False
101185,2024-05-21,East,Electronics,Smartphone Case,New,Online,3,14.13,0.1,6.98,38.15,0,Tuesday,False
101186,2024-05-21,East,Apparel,T-Shirt,Returning,Online,5,20.44,0.0,4.55,102.2,0,Tuesday,False
101187,2024-05-22,East,Apparel,T-Shirt,New,Online,4,21.83,0.0,0.0,87.32,1,Wednesday,False
101188,2024-05-22,West,Home & Kitchen,Air Fryer,Returning,Online,2,95.72,0.2,32.68,153.15,0,Wednesday,False
101189,2024-05-22,West,Home & Kitchen,Coffee Maker,New,Online,5,63.98,0.0,34.12,319.9,0,Wednesday,False
101190,2024-05-22,West,Electronics,Wireless Earbuds,Loyalty,In-Store,4,53.03,0.15,23.76,180.3,0,Wednesday,False
101191,2024-05-22,West,Beauty,Shampoo,New,Marketplace,3,12.69,0.0,49.18,38.07,0,Wednesday,False
101192,2024-05-22,South,Apparel,Jacket,New,Marketplace,4,83.53,0.0,26.94,334.12,0,Wednesday,False
101193,2024-05-22,South,Home & Kitchen,Coffee Maker,Returning,Online,5,49.08,0.0,35.61,245.4,0,Wednesday,False
101194,2024-05-22,South,Apparel,Backpack,New,Online,1,43.56,0.0,0.7,43.56,0,Wednesday,False
101195,2024-05-22,East,Apparel,Jacket,Returning,Online,1,87.22,0.0,17.64,87.22,0,Wednesday,False
101196,2024-05-22,North,Electronics,Wireless Earbuds,New,Online,1,48.34,0.2,1.93,38.67,0,Wednesday,False
101197,2024-05-22,North,Apparel,Running Shoes,Loyalty,Marketplace,4,80.25,0.0,37.23,321.0,0,Wednesday,False
101198,2024-05-23,North,Home & Kitchen,Vacuum Cleaner,New,Marketplace,2,128.93,0.0,15.84,257.86,0,Thursday,False
101199,2024-05-23,East,Home & Kitchen,Coffee Maker,Loyalty,Online,1,55.72,0.0,0.56,55.72,0,Thursday,False
101200,2024-05-23,North,Home & Kitchen,Coffee Maker,New,Online,2,62.59,0.0,36.57,125.18,0,Thursday,False
101201,2024-05-24,East,Beauty,Lipstick Set,Returning,Online,3,24.43,0.1,11.45,65.96,0,Friday,False
101202,2024-05-24,South,Electronics,Power Bank,Returning,Marketplace,1,20.57,0.0,16.07,20.57,0,Friday,False
101203,2024-05-24,East,Beauty,Face Serum,Returning,Online,5,30.17,0.1,16.95,135.77,0,Friday,False
101204,2024-05-24,East,Beauty,Face Serum,Returning,In-Store,5,28.73,0.0,5.88,143.65,0,Friday,False
101205,2024-05-24,West,Home & Kitchen,Blender,Loyalty,Online,5,43.98,0.0,10.11,219.9,0,Friday,False
101206,2024-05-24,North,Home & Kitchen,Blender,New,In-Store,5,43.31,0.0,24.09,216.55,0,Friday,False
101207,2024-05-24,South,Apparel,T-Shirt,Returning,In-Store,1,15.37,0.0,35.81,15.37,0,Friday,False
101208,2024-05-24,South,Apparel,T-Shirt,New,Marketplace,3,17.06,0.0,12.62,51.18,0,Friday,False
101209,2024-05-25,South,Apparel,Running Shoes,Returning,In-Store,4,64.86,0.0,15.05,259.44,0,Saturday,True
101210,2024-05-25,South,Beauty,Face Serum,New,Online,3,27.7,0.0,44.49,83.1,0,Saturday,True
101211,2024-05-25,East,Beauty,Moisturizer,Returning,Online,2,22.93,0.0,5.34,45.86,0,Saturday,True
101212,2024-05-25,West,Home & Kitchen,Coffee Maker,Returning,Online,5,63.51,0.0,6.08,317.55,0,Saturday,True
101213,2024-05-25,South,Electronics,Smartphone Case,Returning,Marketplace,5,14.3,0.1,1.92,64.35,0,Saturday,True
101214,2024-05-25,South,Beauty,Shampoo,Returning,In-Store,4,11.01,0.0,0.0,44.04,1,Saturday,True
101215,2024-05-25,East,Electronics,Wireless Earbuds,Loyalty,Online,5,43.17,0.0,27.84,215.85,0,Saturday,True
101216,2024-05-25,East,Beauty,Moisturizer,Loyalty,In-Store,2,20.89,0.0,21.62,41.78,0,Saturday,True
101217,2024-05-25,West,Home & Kitchen,Blender,New,In-Store,2,45.76,0.0,31.11,91.52,0,Saturday,True
101218,2024-05-25,East,Beauty,Shampoo,Loyalty,Online,3,11.8,0.2,4.07,28.32,0,Saturday,True
101219,2024-05-25,South,Apparel,Backpack,Returning,Online,3,47.62,0.0,2.77,142.86,0,Saturday,True
101220,2024-05-25,North,Home & Kitchen,Air Fryer,New,Marketplace,2,86.08,0.0,7.64,172.16,0,Saturday,True
101221,2024-05-26,North,Electronics,Bluetooth Speaker,Returning,In-Store,4,69.46,0.0,30.44,277.84,0,Sunday,True
101222,2024-05-26,South,Beauty,Lipstick Set,Returning,Marketplace,3,22.2,0.1,14.7,59.94,0,Sunday,True
101223,2024-05-26,North,Apparel,Backpack,Returning,Online,4,51.49,0.0,13.75,205.96,0,Sunday,True
101224,2024-05-26,East,Home & Kitchen,Coffee Maker,New,Online,5,52.5,0.15,40.25,223.12,0,Sunday,True
101226,2024-05-27,North,Electronics,Bluetooth Speaker,Loyalty,Marketplace,2,64.68,0.15,11.13,109.96,0,Monday,False
101227,2024-05-27,West,Beauty,Shampoo,Returning,Online,4,13.91,0.0,47.29,55.64,0,Monday,False
101228,2024-05-27,West,Electronics,Smartphone Case,Returning,Marketplace,2,17.47,0.0,17.7,34.94,0,Monday,False
101229,2024-05-28,East,Beauty,Shampoo,Returning,Marketplace,4,10.82,0.0,35.21,43.28,0,Tuesday,False
101230,2024-05-28,North,Home & Kitchen,Air Fryer,Returning,Online,2,83.68,0.0,2.15,167.36,0,Tuesday,False
101231,2024-05-28,West,Electronics,Smartphone Case,Returning,In-Store,1,16.66,0.0,29.82,16.66,0,Tuesday,False
101232,2024-05-28,West,Beauty,Lipstick Set,Returning,Online,3,27.13,0.0,15.74,81.39,0,Tuesday,False
101233,2024-05-28,North,Apparel,Running Shoes,Returning,Marketplace,3,77.39,0.2,4.6,185.74,0,Tuesday,False
101234,2024-05-28,North,Home & Kitchen,Coffee Maker,New,Online,5,61.18,0.15,19.89,260.02,0,Tuesday,False
101235,2024-05-28,West,Home & Kitchen,Blender,New,Marketplace,4,47.28,0.0,1.7,189.12,0,Tuesday,False
101236,2024-05-28,West,Apparel,T-Shirt,New,In-Store,4,24.83,0.1,47.26,89.39,0,Tuesday,False
101237,2024-05-29,South,Apparel,Backpack,New,Online,5,43.68,0.0,43.29,218.4,0,Wednesday,False
101238,2024-05-29,North,Home & Kitchen,Coffee Maker,Returning,Online,5,57.97,0.0,13.6,289.85,0,Wednesday,False
101239,2024-05-29,East,Apparel,T-Shirt,Returning,Online,5,19.73,0.0,25.46,98.65,0,Wednesday,False
101240,2024-05-29,South,Beauty,Face Serum,Loyalty,Online,2,28.89,0.0,27.39,57.78,0,Wednesday,False
101241,2024-05-29,East,Electronics,Bluetooth Speaker,New,Online,1,59.2,0.0,22.0,59.2,0,Wednesday,False
101242,2024-05-29,South,Apparel,Running Shoes,New,In-Store,1,62.69,0.0,15.73,62.69,0,Wednesday,False
101243,2024-05-29,East,Beauty,Face Serum,Returning,Marketplace,4,29.59,0.0,17.65,118.36,0,Wednesday,False
101245,2024-05-29,North,Electronics,Power Bank,Returning,Marketplace,4,25.72,0.0,46.78,102.88,0,Wednesday,False
101246,2024-05-29,West,Beauty,Moisturizer,Loyalty,Online,5,26.28,0.0,22.4,131.4,0,Wednesday,False
101247,2024-05-30,East,Electronics,Bluetooth Speaker,Returning,Online,4,61.54,0.0,39.1,246.16,0,Thursday,False
101248,2024-05-30,West,Beauty,Moisturizer,Returning,Online,3,24.65,0.15,8.98,62.86,0,Thursday,False
101249,2024-05-30,East,Electronics,Power Bank,New,Online,4,26.12,0.0,24.93,104.48,0,Thursday,False
101250,2024-05-30,South,Home & Kitchen,Blender,New,Online,2,36.88,0.15,34.67,62.7,0,Thursday,False
101251,2024-05-30,West,Beauty,Face Serum,Returning,Marketplace,5,35.82,0.0,16.27,179.1,0,Thursday,False
101252,2024-05-30,North,Beauty,Face Serum,Returning,Online,3,33.44,0.0,32.0,100.32,0,Thursday,False
101253,2024-05-30,East,Beauty,Lipstick Set,New,In-Store,1,24.19,0.0,28.45,24.19,0,Thursday,False
101254,2024-05-30,East,Electronics,Smartphone Case,New,Online,4,16.13,0.1,45.08,58.07,0,Thursday,False
101255,2024-05-30,West,Apparel,Backpack,New,Online,5,53.0,0.0,1.92,265.0,0,Thursday,False
101256,2024-05-30,North,Beauty,Lipstick Set,New,Online,5,28.49,0.0,21.36,142.45,0,Thursday,False
101257,2024-05-30,North,Apparel,Running Shoes,Returning,Online,2,76.54,0.0,47.14,153.08,0,Thursday,False
101258,2024-05-30,North,Apparel,Backpack,Returning,In-Store,5,51.82,0.0,26.46,259.1,0,Thursday,False
101260,2024-05-31,West,Electronics,Wireless Earbuds,New,Marketplace,5,46.55,0.0,29.69,232.75,0,Friday,False
101261,2024-05-31,North,Electronics,Smartphone Case,Returning,Marketplace,5,16.97,0.0,28.17,84.85,0,Friday,False
101262,2024-05-31,North,Apparel,Jacket,New,Online,4,101.8,0.0,12.27,407.2,0,Friday,False
101263,2024-05-31,West,Home & Kitchen,Air Fryer,Loyalty,Online,4,95.15,0.0,22.02,380.6,0,Friday,False
101264,2024-05-31,East,Home & Kitchen,Air Fryer,New,In-Store,3,78.23,0.0,41.71,234.69,0,Friday,False
101265,2024-05-31,South,Home & Kitchen,Air Fryer,New,Online,4,74.29,0.0,5.8,297.16,0,Friday,False
101266,2024-05-31,North,Beauty,Face Serum,Loyalty,Online,5,34.04,0.0,2.93,170.2,0,Friday,False
101267,2024-05-31,North,Electronics,Smartphone Case,Returning,In-Store,5,17.17,0.0,38.61,85.85,0,Friday,False
101268,2024-05-31,West,Apparel,T-Shirt,Returning,Online,2,22.34,0.0,41.85,44.68,0,Friday,False
101269,2024-05-31,North,Apparel,T-Shirt,New,Marketplace,5,19.96,0.0,25.14,99.8,0,Friday,False
101270,2024-06-01,East,Home & Kitchen,Air Fryer,Loyalty,Online,3,78.55,0.0,46.1,235.65,0,Saturday,True
101271,2024-06-01,East,Home & Kitchen,Coffee Maker,Returning,Online,3,55.82,0.0,12.2,167.46,0,Saturday,True
101272,2024-06-01,East,Electronics,Smartphone Case,Loyalty,Online,2,15.29,0.0,21.71,30.58,0,Saturday,True
101273,2024-06-01,North,Beauty,Face Serum,New,Marketplace,4,30.66,0.0,9.97,122.64,0,Saturday,True
101274,2024-06-01,South,Electronics,Smartphone Case,Returning,In-Store,5,12.6,0.0,21.81,63.0,0,Saturday,True
101275,2024-06-01,West,Home & Kitchen,Blender,Returning,Online,5,43.53,0.0,39.39,217.65,0,Saturday,True
101276,2024-06-01,North,Apparel,Running Shoes,Returning,Online,5,81.61,0.0,42.38,408.05,0,Saturday,True
101277,2024-06-01,East,Apparel,Running Shoes,Loyalty,Marketplace,2,69.06,0.0,20.84,138.12,0,Saturday,True
101278,2024-06-01,North,Electronics,Wireless Earbuds,Returning,Online,1,52.83,0.0,35.2,52.83,0,Saturday,True
101279,2024-06-01,North,Home & Kitchen,Blender,Returning,Marketplace,1,42.57,0.0,34.21,42.57,0,Saturday,True
101281,2024-06-01,West,Beauty,Shampoo,Returning,Online,3,13.7,0.0,47.99,41.1,0,Saturday,True
101282,2024-06-01,East,Beauty,Moisturizer,Returning,Online,3,23.28,0.0,13.88,69.84,0,Saturday,True
101283,2024-06-02,South,Beauty,Shampoo,Loyalty,In-Store,5,10.59,0.0,10.62,52.95,0,Sunday,True
101285,2024-06-02,South,Beauty,Face Serum,Returning,Online,5,27.77,0.0,8.28,138.85,0,Sunday,True
101286,2024-06-02,South,Beauty,Lipstick Set,Returning,In-Store,5,23.57,0.2,39.94,94.28,0,Sunday,True
101287,2024-06-02,North,Electronics,Power Bank,Loyalty,Online,2,29.03,0.0,49.97,58.06,0,Sunday,True
101288,2024-06-02,South,Apparel,Backpack,Returning,Online,2,42.16,0.0,29.91,84.32,0,Sunday,True
101289,2024-06-02,West,Apparel,T-Shirt,Returning,In-Store,4,21.59,0.1,46.79,77.72,0,Sunday,True
101290,2024-06-02,South,Apparel,T-Shirt,Returning,Marketplace,2,19.38,0.0,41.92,38.76,0,Sunday,True
101291,2024-06-02,East,Electronics,Wireless Earbuds,Loyalty,Online,5,45.95,0.0,19.65,229.75,0,Sunday,True
101292,2024-06-03,West,Home & Kitchen,Coffee Maker,Loyalty,Online,1,65.05,0.0,28.24,65.05,0,Monday,False
101293,2024-06-03,West,Electronics,Power Bank,New,Marketplace,1,30.18,0.0,6.14,30.18,0,Monday,False
101294,2024-06-03,North,Home & Kitchen,Vacuum Cleaner,New,Online,1,125.76,0.1,13.8,113.18,0,Monday,False
101295,2024-06-03,South,Beauty,Lipstick Set,New,In-Store,3,22.49,0.0,47.4,67.47,0,Monday,False
101296,2024-06-03,East,Home & Kitchen,Coffee Maker,Returning,Online,2,55.86,0.0,33.19,111.72,0,Monday,False
101297,2024-06-03,South,Apparel,T-Shirt,Returning,In-Store,5,18.52,0.2,16.04,74.08,0,Monday,False
101298,2024-06-03,South,Electronics,Power Bank,Returning,Online,2,22.14,0.0,19.25,44.28,0,Monday,False
101299,2024-06-03,West,Apparel,Jacket,Loyalty,Online,3,101.34,0.0,46.89,304.02,0,Monday,False
101300,2024-06-03,North,Home & Kitchen,Air Fryer,Loyalty,Marketplace,2,87.25,0.15,6.98,148.32,0,Monday,False
101301,2024-06-03,East,Apparel,T-Shirt,New,Online,5,19.93,0.0,13.85,99.65,0,Monday,False
101302,2024-06-03,South,Beauty,Moisturizer,Returning,Online,3,20.23,0.1,41.8,54.62,0,Monday,False
101303,2024-06-04,South,Home & Kitchen,Vacuum Cleaner,Returning,Online,1,112.33,0.0,29.02,112.33,0,Tuesday,False
101304,2024-06-04,North,Home & Kitchen,Air Fryer,Loyalty,In-Store,1,91.4,0.2,31.48,73.12,0,Tuesday,False
101305,2024-06-04,East,Electronics,Power Bank,New,In-Store,4,24.46,0.2,3.85,78.27,0,Tuesday,False
101306,2024-06-04,North,Electronics,Wireless Earbuds,Returning,Marketplace,2,46.5,0.0,28.94,93.0,0,Tuesday,False
101307,2024-06-04,South,Electronics,Smartphone Case,Loyalty,Online,4,13.29,0.0,40.65,53.16,0,Tuesday,False
101308,2024-06-05,North,Beauty,Shampoo,Loyalty,Online,5,13.72,0.15,4.49,58.31,0,Wednesday,False
101309,2024-06-05,North,Electronics,Bluetooth Speaker,New,Online,2,65.78,0.0,29.72,131.56,0,Wednesday,False
101310,2024-06-05,North,Electronics,Smartphone Case,New,Online,4,15.83,0.0,20.14,63.32,0,Wednesday,False
101311,2024-06-05,North,Home & Kitchen,Air Fryer,New,Online,2,95.38,0.1,38.04,171.68,0,Wednesday,False
101312,2024-06-05,North,Beauty,Shampoo,Loyalty,Online,3,12.83,0.0,35.51,38.49,0,Wednesday,False
101313,2024-06-06,South,Apparel,T-Shirt,New,Marketplace,1,18.33,0.0,8.11,18.33,0,Thursday,False
101314,2024-06-06,West,Apparel,Backpack,Loyalty,In-Store,4,58.74,0.0,19.96,234.96,0,Thursday,False
101315,2024-06-06,South,Home & Kitchen,Coffee Maker,Loyalty,Marketplace,1,51.11,0.0,3.72,51.11,0,Thursday,False
101316,2024-06-06,West,Apparel,Jacket,Returning,Online,3,99.57,0.2,15.3,238.97,0,Thursday,False
101317,2024-06-06,North,Beauty,Face Serum,Loyalty,In-Store,5,31.83,0.0,35.74,159.15,0,Thursday,False
101318,2024-06-06,East,Electronics,Wireless Earbuds,Loyalty,Marketplace,4,42.36,0.0,42.31,169.44,0,Thursday,False
101319,2024-06-06,East,Apparel,Jacket,Returning,Online,3,93.1,0.0,6.63,279.3,0,Thursday,False
101320,2024-06-06,South,Electronics,Power Bank,New,Online,5,21.99,0.0,25.78,109.95,0,Thursday,False
101321,2024-06-07,West,Apparel,Running Shoes,New,Online,2,78.87,0.0,49.95,157.74,0,Friday,False
101322,2024-06-07,West,Home & Kitchen,Coffee Maker,Loyalty,In-Store,2,61.85,0.0,21.73,123.7,0,Friday,False
101323,2024-06-07,South,Electronics,Power Bank,New,In-Store,3,22.2,0.2,46.24,53.28,0,Friday,False
101324,2024-06-07,West,Beauty,Moisturizer,Returning,Marketplace,4,24.03,0.0,17.84,96.12,0,Friday,False
101325,2024-06-07,East,Beauty,Face Serum,Loyalty,Online,5,30.25,0.0,49.43,151.25,0,Friday,False
101326,2024-06-07,East,Beauty,Lipstick Set,Returning,In-Store,2,24.96,0.0,31.22,49.92,0,Friday,False
101327,2024-06-07,West,Beauty,Lipstick Set,Loyalty,Online,1,28.95,0.0,5.99,28.95,0,Friday,False
101328,2024-06-07,East,Beauty,Face Serum,Returning,Online,1,29.56,0.0,28.02,29.56,0,Friday,False
101329,2024-06-07,South,Electronics,Power Bank,New,Online,1,22.0,0.0,14.79,22.0,0,Friday,False
101330,2024-06-07,North,Beauty,Lipstick Set,Returning,Online,3,29.82,0.1,39.0,80.51,0,Friday,False
101331,2024-06-08,West,Electronics,Smartphone Case,New,Online,4,16.65,0.0,36.87,66.6,0,Saturday,True
101332,2024-06-08,South,Home & Kitchen,Vacuum Cleaner,Loyalty,In-Store,2,111.37,0.0,8.13,222.74,0,Saturday,True
101333,2024-06-08,South,Beauty,Face Serum,Returning,Online,2,29.44,0.0,4.54,58.88,0,Saturday,True
101334,2024-06-08,North,Electronics,Wireless Earbuds,Loyalty,Marketplace,1,46.47,0.0,36.09,46.47,0,Saturday,True
101335,2024-06-08,West,Electronics,Bluetooth Speaker,New,In-Store,2,65.92,0.1,16.46,118.66,0,Saturday,True
101336,2024-06-08,North,Electronics,Power Bank,New,Online,5,26.86,0.0,27.41,134.3,0,Saturday,True
101337,2024-06-08,South,Apparel,Backpack,New,Online,2,46.91,0.0,33.96,93.82,0,Saturday,True
101338,2024-06-08,West,Electronics,Power Bank,Loyalty,Online,2,29.94,0.0,13.75,59.88,0,Saturday,True
101339,2024-06-08,North,Beauty,Lipstick Set,Returning,Online,5,27.36,0.0,48.39,136.8,0,Saturday,True
101340,2024-06-08,East,Electronics,Bluetooth Speaker,New,Online,3,61.14,0.0,32.72,183.42,0,Saturday,True
101341,2024-06-08,North,Electronics,Wireless Earbuds,Returning,Online,1,49.09,0.0,45.22,49.09,0,Saturday,True
101342,2024-06-09,West,Home & Kitchen,Coffee Maker,New,In-Store,5,63.08,0.0,37.46,315.4,0,Sunday,True
101343,2024-06-09,East,Apparel,Running Shoes,New,Online,1,71.47,0.2,10.84,57.18,0,Sunday,True
101344,2024-06-09,North,Apparel,Backpack,Returning,In-Store,2,56.48,0.0,39.61,112.96,0,Sunday,True
101345,2024-06-09,North,Home & Kitchen,Vacuum Cleaner,Returning,Marketplace,3,124.44,0.1,8.0,335.99,0,Sunday,True
101346,2024-06-09,North,Home & Kitchen,Blender,Returning,In-Store,1,38.39,0.0,11.32,38.39,0,Sunday,True
101347,2024-06-09,North,Home & Kitchen,Coffee Maker,New,Online,3,61.28,0.0,46.53,183.84,0,Sunday,True
101348,2024-06-09,South,Beauty,Lipstick Set,Loyalty,Marketplace,1,20.8,0.0,46.02,20.8,0,Sunday,True
101349,2024-06-09,East,Home & Kitchen,Coffee Maker,Returning,In-Store,2,53.66,0.0,27.69,107.32,0,Sunday,True
101350,2024-06-09,South,Beauty,Shampoo,Loyalty,Online,1,11.88,0.0,13.65,11.88,0,Sunday,True
101351,2024-06-10,West,Beauty,Shampoo,Returning,Online,4,14.61,0.0,5.64,58.44,0,Monday,False
101352,2024-06-10,South,Apparel,Backpack,New,Marketplace,3,42.1,0.0,36.14,126.3,0,Monday,False
101353,2024-06-10,North,Apparel,Running Shoes,Loyalty,Online,3,75.84,0.0,41.87,227.52,0,Monday,False
101354,2024-06-10,West,Apparel,Running Shoes,Loyalty,Online,2,79.76,0.2,33.51,127.62,0,Monday,False
101355,2024-06-10,South,Home & Kitchen,Coffee Maker,New,Online,1,50.33,0.0,17.38,50.33,0,Monday,False
101356,2024-06-11,North,Electronics,Power Bank,New,Online,1,28.55,0.0,40.16,28.55,0,Tuesday,False
101357,2024-06-11,North,Beauty,Lipstick Set,Returning,In-Store,2,27.31,0.0,20.15,54.62,0,Tuesday,False
101359,2024-06-11,South,Beauty,Moisturizer,Loyalty,Online,4,19.39,0.0,30.28,77.56,0,Tuesday,False
101360,2024-06-11,South,Beauty,Lipstick Set,New,Marketplace,3,21.12,0.1,46.19,57.02,0,Tuesday,False
101361,2024-06-11,East,Apparel,Backpack,New,Marketplace,1,55.1,0.0,47.06,55.1,0,Tuesday,False
101362,2024-06-11,East,Beauty,Moisturizer,Returning,Marketplace,5,23.12,0.0,39.63,115.6,0,Tuesday,False
101363,2024-06-11,North,Beauty,Face Serum,New,Online,5,31.07,0.15,44.7,132.05,0,Tuesday,False
101364,2024-06-11,East,Electronics,Bluetooth Speaker,New,In-Store,3,58.65,0.0,5.08,175.95,0,Tuesday,False
101365,2024-06-12,South,Apparel,T-Shirt,Returning,Online,1,15.39,0.0,42.51,15.39,0,Wednesday,False
101366,2024-06-12,South,Electronics,Wireless Earbuds,New,Online,1,41.52,0.1,44.91,37.37,0,Wednesday,False
101367,2024-06-12,South,Beauty,Moisturizer,New,Online,1,19.77,0.0,44.0,19.77,0,Wednesday,False
101368,2024-06-13,East,Apparel,T-Shirt,New,Online,1,18.34,0.0,26.68,18.34,0,Thursday,False
101369,2024-06-13,West,Beauty,Face Serum,Returning,In-Store,4,35.98,0.1,18.57,129.53,0,Thursday,False
101370,2024-06-13,North,Home & Kitchen,Blender,Returning,Online,2,41.79,0.0,37.04,83.58,0,Thursday,False
101371,2024-06-14,North,Apparel,T-Shirt,Returning,Online,5,23.34,0.15,10.49,99.2,0,Friday,False
101372,2024-06-14,West,Apparel,T-Shirt,Returning,Online,4,23.65,0.0,17.23,94.6,0,Friday,False
101373,2024-06-14,East,Apparel,Backpack,New,Online,1,49.63,0.0,33.47,49.63,0,Friday,False
101374,2024-06-14,North,Home & Kitchen,Coffee Maker,Loyalty,Marketplace,5,59.6,0.0,23.02,298.0,0,Friday,False
101375,2024-06-14,West,Home & Kitchen,Air Fryer,Loyalty,Marketplace,4,91.89,0.0,28.92,367.56,0,Friday,False
101376,2024-06-14,East,Home & Kitchen,Air Fryer,New,Online,2,83.63,0.0,34.64,167.26,0,Friday,False
101377,2024-06-14,North,Electronics,Wireless Earbuds,New,Marketplace,1,50.78,0.0,23.35,50.78,0,Friday,False
101378,2024-06-14,West,Beauty,Lipstick Set,Returning,Online,1,29.12,0.2,24.84,23.3,0,Friday,False
101379,2024-06-14,South,Home & Kitchen,Vacuum Cleaner,Returning,Online,2,99.85,0.1,16.87,179.73,0,Friday,False
101380,2024-06-14,East,Apparel,T-Shirt,Returning,Online,1,18.66,0.1,2.51,16.79,0,Friday,False
101381,2024-06-15,South,Home & Kitchen,Coffee Maker,Returning,Online,1,47.3,0.1,43.94,42.57,0,Saturday,True
101382,2024-06-15,East,Electronics,Smartphone Case,Loyalty,Online,2,15.1,0.0,30.01,30.2,0,Saturday,True
101383,2024-06-15,North,Apparel,Running Shoes,New,In-Store,3,77.58,0.0,15.19,232.74,0,Saturday,True
101384,2024-06-15,South,Apparel,Backpack,New,In-Store,3,46.85,0.0,48.6,140.55,0,Saturday,True
101385,2024-06-15,North,Apparel,Backpack,New,In-Store,1,55.92,0.0,27.33,55.92,0,Saturday,True
101386,2024-06-15,East,Electronics,Wireless Earbuds,Returning,Online,1,49.25,0.0,42.94,49.25,0,Saturday,True
101387,2024-06-15,East,Apparel,Running Shoes,New,Online,1,63.24,0.0,47.74,63.24,0,Saturday,True
101388,2024-06-15,South,Beauty,Moisturizer,New,Online,2,19.83,0.0,30.81,39.66,0,Saturday,True
101389,2024-06-15,North,Beauty,Face Serum,Loyalty,Online,2,31.2,0.0,39.55,62.4,0,Saturday,True
101390,2024-06-15,South,Beauty,Face Serum,Returning,In-Store,4,26.76,0.0,14.44,107.04,0,Saturday,True
101391,2024-06-16,East,Electronics,Smartphone Case,Returning,Online,2,13.85,0.0,0.0,27.7,1,Sunday,True
101392,2024-06-16,South,Apparel,Jacket,New,Online,2,74.8,0.0,22.89,149.6,0,Sunday,True
101393,2024-06-16,North,Home & Kitchen,Blender,Returning,Marketplace,5,40.76,0.1,40.22,183.42,0,Sunday,True
101394,2024-06-16,North,Home & Kitchen,Coffee Maker,New,Online,2,63.28,0.1,0.0,113.9,1,Sunday,True
101395,2024-06-16,East,Home & Kitchen,Blender,New,In-Store,2,37.08,0.0,49.12,74.16,0,Sunday,True
101396,2024-06-16,East,Electronics,Smartphone Case,New,Marketplace,3,16.09,0.0,23.4,48.27,0,Sunday,True
101397,2024-06-16,West,Apparel,Jacket,Returning,Online,3,103.92,0.15,13.63,265.0,0,Sunday,True
101398,2024-06-16,West,Beauty,Lipstick Set,Loyalty,Online,1,29.53,0.0,15.67,29.53,0,Sunday,True
101399,2024-06-17,North,Electronics,Smartphone Case,Loyalty,Online,2,15.6,0.0,30.28,31.2,0,Monday,False
101400,2024-06-17,East,Beauty,Lipstick Set,Loyalty,Online,1,23.73,0.2,15.12,18.98,0,Monday,False
101401,2024-06-17,East,Electronics,Wireless Earbuds,Returning,Online,3,45.15,0.1,12.44,121.9,0,Monday,False
101402,2024-06-17,East,Apparel,Jacket,New,In-Store,2,92.45,0.0,32.98,184.9,0,Monday,False
101403,2024-06-17,South,Beauty,Moisturizer,New,Online,5,19.51,0.0,1.75,97.55,0,Monday,False
101404,2024-06-18,North,Beauty,Lipstick Set,Loyalty,In-Store,3,25.74,0.0,3.77,77.22,0,Tuesday,False
101405,2024-06-18,North,Beauty,Shampoo,Returning,In-Store,4,14.24,0.0,23.39,56.96,0,Tuesday,False
101406,2024-06-18,East,Beauty,Moisturizer,New,Online,3,22.95,0.15,44.52,58.52,0,Tuesday,False
101407,2024-06-18,North,Beauty,Shampoo,New,Online,2,13.35,0.2,26.1,21.36,0,Tuesday,False
101408,2024-06-18,West,Electronics,Bluetooth Speaker,Loyalty,In-Store,2,74.8,0.0,4.83,149.6,0,Tuesday,False
101409,2024-06-18,North,Home & Kitchen,Air Fryer,Returning,Online,3,90.16,0.0,1.44,270.48,0,Tuesday,False
101410,2024-06-18,North,Beauty,Lipstick Set,Returning,Online,1,27.0,0.0,20.2,27.0,0,Tuesday,False
101411,2024-06-18,East,Beauty,Moisturizer,Loyalty,Online,5,23.4,0.0,10.2,117.0,0,Tuesday,False
101412,2024-06-19,East,Electronics,Bluetooth Speaker,Returning,In-Store,3,61.93,0.0,26.77,185.79,0,Wednesday,False
101413,2024-06-19,West,Home & Kitchen,Air Fryer,Loyalty,Online,1,93.73,0.0,30.15,93.73,0,Wednesday,False
101414,2024-06-19,East,Electronics,Wireless Earbuds,Loyalty,In-Store,3,47.25,0.0,12.29,141.75,0,Wednesday,False
101415,2024-06-19,East,Beauty,Lipstick Set,New,Online,1,24.02,0.15,31.98,20.42,0,Wednesday,False
101416,2024-06-19,North,Home & Kitchen,Blender,Returning,In-Store,4,44.07,0.0,5.92,176.28,0,Wednesday,False
101417,2024-06-19,North,Electronics,Power Bank,New,Online,3,27.87,0.0,12.94,83.61,0,Wednesday,False
101418,2024-06-19,East,Home & Kitchen,Coffee Maker,New,Marketplace,2,53.23,0.0,20.34,106.46,0,Wednesday,False
101419,2024-06-20,South,Beauty,Shampoo,Loyalty,In-Store,5,10.78,0.15,45.36,45.82,0,Thursday,False
101420,2024-06-20,East,Apparel,T-Shirt,Loyalty,Marketplace,4,18.9,0.0,27.98,75.6,0,Thursday,False
101421,2024-06-20,East,Electronics,Bluetooth Speaker,Loyalty,In-Store,5,57.98,0.15,37.4,246.41,0,Thursday,False
101422,2024-06-20,East,Home & Kitchen,Coffee Maker,Returning,Online,1,57.86,0.0,16.08,57.86,0,Thursday,False
101423,2024-06-20,North,Apparel,Jacket,Loyalty,Marketplace,3,113.24,0.0,32.83,339.72,0,Thursday,False
101424,2024-06-20,West,Beauty,Shampoo,Loyalty,Online,1,14.05,0.0,30.66,14.05,0,Thursday,False
101425,2024-06-21,South,Home & Kitchen,Coffee Maker,New,Marketplace,5,46.93,0.0,6.03,234.65,0,Friday,False
101426,2024-06-21,East,Apparel,Backpack,New,Online,1,44.74,0.0,8.72,44.74,0,Friday,False
101427,2024-06-21,East,Electronics,Bluetooth Speaker,Returning,Marketplace,1,57.98,0.0,19.09,57.98,0,Friday,False
101428,2024-06-21,South,Home & Kitchen,Air Fryer,Returning,Online,5,69.83,0.0,44.81,349.15,0,Friday,False
101429,2024-06-21,North,Apparel,Running Shoes,Returning,In-Store,4,78.8,0.0,0.13,315.2,0,Friday,False
101430,2024-06-21,North,Electronics,Smartphone Case,Loyalty,Online,3,17.98,0.0,14.57,53.94,0,Friday,False
101431,2024-06-21,West,Apparel,Backpack,New,Online,4,53.63,0.0,5.54,214.52,0,Friday,False
101432,2024-06-21,South,Electronics,Bluetooth Speaker,New,Online,4,50.12,0.0,47.99,200.48,0,Friday,False
101433,2024-06-21,South,Home & Kitchen,Coffee Maker,New,Marketplace,4,50.2,0.0,22.49,200.8,0,Friday,False
101434,2024-06-22,North,Apparel,Jacket,Returning,Online,2,100.4,0.0,20.03,200.8,0,Saturday,True
101435,2024-06-22,South,Beauty,Moisturizer,New,Online,3,19.7,0.1,0.0,53.19,1,Saturday,True
101436,2024-06-22,North,Electronics,Wireless Earbuds,New,Marketplace,3,54.45,0.0,27.33,163.35,0,Saturday,True
101437,2024-06-22,North,Beauty,Moisturizer,Loyalty,In-Store,4,22.92,0.2,3.59,73.34,0,Saturday,True
101438,2024-06-22,North,Electronics,Bluetooth Speaker,Returning,Online,1,66.77,0.0,48.92,66.77,0,Saturday,True
101440,2024-06-22,North,Apparel,Running Shoes,Loyalty,Marketplace,5,77.49,0.0,33.47,387.45,0,Saturday,True
101441,2024-06-22,South,Beauty,Moisturizer,New,Online,1,19.97,0.1,24.99,17.97,0,Saturday,True
101442,2024-06-22,South,Apparel,Jacket,New,Online,5,79.54,0.15,21.43,338.04,0,Saturday,True
101443,2024-06-23,North,Electronics,Smartphone Case,New,In-Store,1,15.34,0.0,10.33,15.34,0,Sunday,True
101444,2024-06-23,North,Apparel,T-Shirt,Returning,In-Store,3,21.57,0.0,15.59,64.71,0,Sunday,True
101445,2024-06-23,South,Apparel,Running Shoes,New,In-Store,4,63.27,0.0,22.62,253.08,0,Sunday,True
101446,2024-06-23,West,Beauty,Moisturizer,New,In-Store,2,24.77,0.0,31.22,49.54,0,Sunday,True
101447,2024-06-23,North,Electronics,Wireless Earbuds,Loyalty,Marketplace,4,45.79,0.0,36.0,183.16,0,Sunday,True
101448,2024-06-23,North,Electronics,Wireless Earbuds,New,Online,2,52.36,0.0,17.78,104.72,0,Sunday,True
101449,2024-06-23,West,Electronics,Bluetooth Speaker,New,In-Store,3,68.36,0.1,5.58,184.57,0,Sunday,True
101450,2024-06-23,West,Electronics,Smartphone Case,New,Online,4,16.88,0.2,0.0,54.02,1,Sunday,True
101451,2024-06-23,West,Home & Kitchen,Vacuum Cleaner,New,In-Store,3,137.14,0.2,8.05,329.14,0,Sunday,True
101452,2024-06-23,North,Apparel,Backpack,Returning,In-Store,5,54.85,0.1,48.01,246.82,0,Sunday,True
101453,2024-06-23,North,Beauty,Moisturizer,Returning,Marketplace,2,24.03,0.2,33.77,38.45,0,Sunday,True
101454,2024-06-23,South,Home & Kitchen,Blender,New,Online,2,36.6,0.0,23.78,73.2,0,Sunday,True
101455,2024-06-24,West,Home & Kitchen,Vacuum Cleaner,New,Marketplace,1,133.03,0.0,28.03,133.03,0,Monday,False
101456,2024-06-24,West,Home & Kitchen,Air Fryer,Loyalty,Online,3,88.03,0.0,35.25,264.09,0,Monday,False
101457,2024-06-24,South,Apparel,Backpack,Returning,Online,2,44.08,0.0,9.72,88.16,0,Monday,False
101458,2024-06-24,West,Home & Kitchen,Air Fryer,Returning,In-Store,3,92.62,0.0,26.48,277.86,0,Monday,False
101459,2024-06-24,West,Home & Kitchen,Vacuum Cleaner,New,Online,2,121.47,0.0,34.64,242.94,0,Monday,False
101460,2024-06-24,North,Apparel,Backpack,New,Marketplace,5,51.54,0.0,8.49,257.7,0,Monday,False
101461,2024-06-24,North,Electronics,Wireless Earbuds,Loyalty,Online,5,48.5,0.0,10.24,242.5,0,Monday,False
101462,2024-06-24,South,Home & Kitchen,Air Fryer,Returning,In-Store,2,69.6,0.0,36.44,139.2,0,Monday,False
101463,2024-06-25,North,Apparel,Running Shoes,New,Marketplace,5,76.03,0.0,9.12,380.15,0,Tuesday,False
101464,2024-06-25,East,Home & Kitchen,Air Fryer,Returning,Marketplace,5,77.63,0.0,23.63,388.15,0,Tuesday,False
101465,2024-06-25,South,Beauty,Shampoo,Returning,Online,2,11.17,0.15,30.54,18.99,0,Tuesday,False
101466,2024-06-25,East,Electronics,Power Bank,New,Online,5,23.99,0.0,23.51,119.95,0,Tuesday,False
101467,2024-06-25,South,Home & Kitchen,Vacuum Cleaner,Returning,In-Store,3,107.31,0.0,15.94,321.93,0,Tuesday,False
101468,2024-06-25,North,Home & Kitchen,Coffee Maker,New,In-Store,5,66.33,0.1,36.29,298.48,0,Tuesday,False
101469,2024-06-25,East,Electronics,Power Bank,New,In-Store,5,25.93,0.2,9.34,103.72,0,Tuesday,False
101470,2024-06-25,South,Electronics,Wireless Earbuds,Loyalty,Marketplace,5,39.61,0.15,47.75,168.34,0,Tuesday,False
101471,2024-06-25,West,Apparel,Jacket,New,Online,4,106.5,0.1,4.05,383.4,0,Tuesday,False
101472,2024-06-26,South,Apparel,Running Shoes,New,Online,3,63.04,0.0,8.51,189.12,0,Wednesday,False
101473,2024-06-26,North,Beauty,Shampoo,New,Online,4,13.19,0.0,47.03,52.76,0,Wednesday,False
101474,2024-06-26,East,Beauty,Moisturizer,New,Online,2,21.84,0.0,20.59,43.68,0,Wednesday,False
101475,2024-06-26,East,Beauty,Shampoo,New,Online,2,12.55,0.0,36.32,25.1,0,Wednesday,False
101477,2024-06-26,East,Apparel,Jacket,New,Online,1,88.98,0.0,25.38,88.98,0,Wednesday,False
101478,2024-06-27,North,Home & Kitchen,Blender,New,Online,4,45.15,0.0,36.93,180.6,0,Thursday,False
101479,2024-06-27,West,Home & Kitchen,Coffee Maker,New,Online,1,63.54,0.0,20.93,63.54,0,Thursday,False
101480,2024-06-27,West,Apparel,Running Shoes,Returning,Online,5,78.58,0.0,22.36,392.9,0,Thursday,False
101481,2024-06-27,East,Electronics,Smartphone Case,Returning,Online,3,14.21,0.0,22.23,42.63,0,Thursday,False
101482,2024-06-27,West,Apparel,Backpack,Returning,Online,1,55.03,0.0,25.84,55.03,0,Thursday,False
101483,2024-06-27,North,Home & Kitchen,Air Fryer,Loyalty,In-Store,4,93.72,0.0,46.36,374.88,0,Thursday,False
101484,2024-06-27,West,Beauty,Face Serum,New,Online,5,34.5,0.0,9.88,172.5,0,Thursday,False
101485,2024-06-27,South,Electronics,Smartphone Case,Returning,In-Store,1,15.04,0.0,46.39,15.04,0,Thursday,False
101486,2024-06-28,North,Electronics,Smartphone Case,Loyalty,In-Store,1,15.16,0.1,2.22,13.64,0,Friday,False
101487,2024-06-28,South,Beauty,Moisturizer,Returning,Online,3,18.6,0.0,9.88,55.8,0,Friday,False
101488,2024-06-28,South,Home & Kitchen,Coffee Maker,Returning,Marketplace,5,46.93,0.0,17.81,234.65,0,Friday,False
101489,2024-06-28,South,Beauty,Moisturizer,Returning,Online,2,18.94,0.1,23.82,34.09,0,Friday,False
101490,2024-06-28,West,Beauty,Shampoo,New,In-Store,2,14.42,0.2,31.72,23.07,0,Friday,False
101491,2024-06-28,East,Beauty,Shampoo,New,In-Store,3,12.09,0.0,15.43,36.27,0,Friday,False
101492,2024-06-28,East,Beauty,Shampoo,Returning,Online,2,11.27,0.0,46.9,22.54,0,Friday,False
101493,2024-06-28,East,Electronics,Smartphone Case,Returning,Online,1,13.71,0.0,49.4,13.71,0,Friday,False
101494,2024-06-28,East,Beauty,Moisturizer,Returning,Online,1,23.15,0.15,17.73,19.68,0,Friday,False
101495,2024-06-29,East,Apparel,Backpack,Returning,Online,2,51.89,0.0,38.72,103.78,0,Saturday,True
101496,2024-06-29,North,Electronics,Smartphone Case,New,Marketplace,5,16.03,0.0,19.4,80.15,0,Saturday,True
101497,2024-06-29,South,Home & Kitchen,Coffee Maker,Returning,Online,2,45.47,0.0,45.64,90.94,0,Saturday,True
101498,2024-06-29,East,Beauty,Moisturizer,Loyalty,Online,2,22.62,0.0,12.68,45.24,0,Saturday,True
101499,2024-06-29,South,Electronics,Bluetooth Speaker,New,In-Store,3,57.08,0.0,49.53,171.24,0,Saturday,True
101501,2024-06-29,North,Beauty,Moisturizer,New,In-Store,4,26.39,0.0,19.35,105.56,0,Saturday,True
101502,2024-06-29,South,Electronics,Wireless Earbuds,Loyalty,In-Store,2,41.33,0.0,30.84,82.66,0,Saturday,True
101503,2024-06-29,North,Beauty,Face Serum,Loyalty,Online,3,34.27,0.0,21.88,102.81,0,Saturday,True
101504,2024-06-29,West,Electronics,Smartphone Case,New,Online,1,17.17,0.1,40.74,15.45,0,Saturday,True
101505,2024-06-29,West,Apparel,Running Shoes,New,Online,3,78.75,0.0,6.05,236.25,0,Saturday,True
101506,2024-06-30,North,Apparel,Backpack,New,Online,2,58.35,0.0,43.71,116.7,0,Sunday,True
101507,2024-06-30,North,Apparel,Backpack,Loyalty,Online,1,57.85,0.0,15.14,57.85,0,Sunday,True
101508,2024-06-30,South,Electronics,Wireless Earbuds,New,In-Store,2,42.07,0.0,6.56,84.14,0,Sunday,True
101509,2024-06-30,West,Home & Kitchen,Blender,New,Online,4,46.75,0.1,10.82,168.3,0,Sunday,True
101510,2024-06-30,West,Apparel,T-Shirt,New,In-Store,4,22.89,0.0,36.9,91.56,0,Sunday,True
101511,2024-06-30,South,Beauty,Lipstick Set,Loyalty,Marketplace,4,22.03,0.15,19.8,74.9,0,Sunday,True
101512,2024-06-30,East,Apparel,Jacket,New,In-Store,4,86.88,0.0,48.43,347.52,0,Sunday,True
101513,2024-06-30,East,Beauty,Face Serum,New,Online,2,31.58,0.2,17.95,50.53,0,Sunday,True
101514,2024-06-30,South,Electronics,Wireless Earbuds,New,Online,4,41.14,0.0,17.97,164.56,0,Sunday,True
101515,2024-06-30,North,Electronics,Smartphone Case,Returning,Online,1,15.94,0.0,37.18,15.94,0,Sunday,True
101516,2024-06-30,West,Electronics,Bluetooth Speaker,New,Online,3,72.35,0.0,6.68,217.05,0,Sunday,True
101517,2024-06-30,South,Beauty,Face Serum,New,Online,4,27.19,0.0,5.71,108.76,0,Sunday,True
101518,2024-06-30,North,Home & Kitchen,Vacuum Cleaner,Returning,Marketplace,2,128.53,0.15,20.89,218.5,0,Sunday,True
101519,2024-07-01,North,Apparel,T-Shirt,New,Online,3,22.14,0.0,9.26,66.42,0,Monday,False
101520,2024-07-01,South,Beauty,Moisturizer,Returning,In-Store,4,20.47,0.0,27.85,81.88,0,Monday,False
101521,2024-07-01,East,Home & Kitchen,Vacuum Cleaner,New,Marketplace,1,110.38,0.0,0.78,110.38,0,Monday,False
101522,2024-07-01,North,Home & Kitchen,Blender,Returning,Online,1,43.43,0.2,27.93,34.74,0,Monday,False
101523,2024-07-01,South,Electronics,Smartphone Case,Returning,Online,3,13.16,0.0,2.61,39.48,0,Monday,False
101524,2024-07-01,South,Electronics,Wireless Earbuds,New,Online,5,38.04,0.15,22.43,161.67,0,Monday,False
101525,2024-07-01,South,Apparel,Running Shoes,Returning,Online,1,53.52,0.0,19.46,53.52,0,Monday,False
101526,2024-07-02,West,Apparel,Running Shoes,Loyalty,Online,1,78.28,0.0,39.35,78.28,0,Tuesday,False
101528,2024-07-02,West,Apparel,T-Shirt,Loyalty,Online,1,21.53,0.2,39.45,17.22,0,Tuesday,False
101529,2024-07-02,East,Electronics,Smartphone Case,Loyalty,Marketplace,2,14.16,0.0,39.26,28.32,0,Tuesday,False
101530,2024-07-02,South,Electronics,Wireless Earbuds,Loyalty,In-Store,4,42.76,0.0,16.29,171.04,0,Tuesday,False
101531,2024-07-02,East,Home & Kitchen,Blender,Returning,Online,2,39.69,0.0,16.41,79.38,0,Tuesday,False
101532,2024-07-02,West,Beauty,Shampoo,Returning,Online,5,13.77,0.0,29.62,68.85,0,Tuesday,False
101533,2024-07-02,East,Apparel,T-Shirt,Returning,Marketplace,2,21.47,0.0,12.01,42.94,0,Tuesday,False
101534,2024-07-02,North,Electronics,Wireless Earbuds,New,In-Store,1,47.09,0.0,35.46,47.09,0,Tuesday,False
101535,2024-07-03,West,Beauty,Shampoo,Loyalty,Marketplace,3,13.18,0.15,0.44,33.61,0,Wednesday,False
101536,2024-07-03,North,Beauty,Shampoo,New,Marketplace,5,12.58,0.0,0.0,62.9,1,Wednesday,False
101537,2024-07-03,North,Beauty,Lipstick Set,New,In-Store,2,26.09,0.0,24.42,52.18,0,Wednesday,False
101538,2024-07-03,East,Apparel,Backpack,New,Online,5,50.15,0.0,9.37,250.75,0,Wednesday,False
101539,2024-07-03,West,Beauty,Shampoo,Loyalty,Online,1,13.32,0.2,19.78,10.66,0,Wednesday,False
101540,2024-07-03,East,Beauty,Lipstick Set,Loyalty,Online,1,24.94,0.0,36.36,24.94,0,Wednesday,False
101541,2024-07-03,West,Beauty,Face Serum,New,Marketplace,5,34.81,0.0,49.25,174.05,0,Wednesday,False
101542,2024-07-03,North,Apparel,T-Shirt,Loyalty,Online,3,25.11,0.1,37.65,67.8,0,Wednesday,False
101543,2024-07-04,West,Beauty,Lipstick Set,New,In-Store,5,32.33,0.0,44.11,161.65,0,Thursday,False
101544,2024-07-04,South,Electronics,Power Bank,Returning,Online,3,19.16,0.0,5.17,57.48,0,Thursday,False
101545,2024-07-04,North,Home & Kitchen,Vacuum Cleaner,Returning,Online,2,123.65,0.0,22.01,247.3,0,Thursday,False
101546,2024-07-04,North,Home & Kitchen,Blender,Returning,Marketplace,1,43.7,0.0,19.31,43.7,0,Thursday,False
101547,2024-07-04,North,Electronics,Bluetooth Speaker,Returning,In-Store,5,64.41,0.0,18.85,322.05,0,Thursday,False
101548,2024-07-05,East,Beauty,Face Serum,Returning,In-Store,4,28.33,0.15,10.65,96.32,0,Friday,False
101549,2024-07-05,North,Home & Kitchen,Air Fryer,Returning,In-Store,5,81.29,0.0,1.8,406.45,0,Friday,False
101550,2024-07-05,West,Home & Kitchen,Coffee Maker,New,Marketplace,2,63.41,0.0,33.95,126.82,0,Friday,False
101551,2024-07-05,East,Beauty,Face Serum,Loyalty,Online,3,30.31,0.15,17.86,77.29,0,Friday,False
101552,2024-07-05,East,Home & Kitchen,Coffee Maker,New,Marketplace,2,57.59,0.2,37.67,92.14,0,Friday,False
101553,2024-07-06,East,Electronics,Smartphone Case,Loyalty,Marketplace,3,15.06,0.0,1.35,45.18,0,Saturday,True
101554,2024-07-06,West,Home & Kitchen,Coffee Maker,Returning,In-Store,3,64.56,0.0,0.46,193.68,0,Saturday,True
101555,2024-07-06,North,Home & Kitchen,Blender,Loyalty,Online,2,41.21,0.0,34.13,82.42,0,Saturday,True
101556,2024-07-06,West,Beauty,Shampoo,Returning,In-Store,5,12.93,0.0,43.1,64.65,0,Saturday,True
101557,2024-07-06,South,Electronics,Smartphone Case,Returning,Online,4,13.76,0.15,25.14,46.78,0,Saturday,True
101558,2024-07-06,North,Home & Kitchen,Blender,New,Online,5,44.85,0.1,45.59,201.82,0,Saturday,True
101559,2024-07-06,North,Home & Kitchen,Air Fryer,New,Online,3,88.0,0.0,48.27,264.0,0,Saturday,True
101560,2024-07-06,North,Home & Kitchen,Coffee Maker,New,Online,3,59.06,0.0,8.2,177.18,0,Saturday,True
101561,2024-07-06,South,Beauty,Face Serum,Returning,Online,3,31.23,0.15,12.24,79.64,0,Saturday,True
101562,2024-07-06,East,Home & Kitchen,Air Fryer,New,Online,2,79.87,0.0,27.6,159.74,0,Saturday,True
101563,2024-07-06,West,Electronics,Smartphone Case,New,Marketplace,4,16.98,0.0,33.62,67.92,0,Saturday,True
101564,2024-07-07,East,Electronics,Smartphone Case,Returning,Online,2,15.01,0.0,37.77,30.02,0,Sunday,True
101565,2024-07-07,West,Beauty,Lipstick Set,New,In-Store,5,29.51,0.0,17.37,147.55,0,Sunday,True
101566,2024-07-07,West,Home & Kitchen,Air Fryer,Returning,In-Store,3,99.01,0.0,31.43,297.03,0,Sunday,True
101567,2024-07-07,North,Apparel,Running Shoes,Returning,Online,5,71.73,0.0,5.46,358.65,0,Sunday,True
101568,2024-07-07,North,Electronics,Power Bank,Loyalty,In-Store,4,31.4,0.0,48.5,125.6,0,Sunday,True
101569,2024-07-08,North,Home & Kitchen,Blender,New,Online,3,40.06,0.0,9.35,120.18,0,Monday,False
101570,2024-07-08,South,Electronics,Smartphone Case,New,Online,5,12.62,0.0,6.29,63.1,0,Monday,False
101571,2024-07-08,South,Apparel,Jacket,New,Marketplace,2,80.47,0.0,10.81,160.94,0,Monday,False
101572,2024-07-08,South,Home & Kitchen,Air Fryer,Returning,Online,1,78.67,0.0,15.76,78.67,0,Monday,False
101573,2024-07-08,North,Home & Kitchen,Vacuum Cleaner,Returning,Online,2,130.04,0.0,11.22,260.08,0,Monday,False
101574,2024-07-08,South,Home & Kitchen,Coffee Maker,Returning,Online,2,51.45,0.0,12.38,102.9,0,Monday,False
101575,2024-07-08,North,Apparel,Backpack,New,Marketplace,3,54.82,0.0,33.29,164.46,0,Monday,False
101576,2024-07-09,South,Beauty,Face Serum,New,Marketplace,3,27.09,0.1,1.99,73.14,0,Tuesday,False
101577,2024-07-09,West,Beauty,Lipstick Set,Loyalty,Online,2,27.1,0.0,21.67,54.2,0,Tuesday,False
101578,2024-07-09,South,Apparel,Backpack,New,In-Store,3,44.97,0.0,35.42,134.91,0,Tuesday,False
101579,2024-07-09,North,Beauty,Face Serum,Returning,Online,5,31.2,0.0,23.41,156.0,0,Tuesday,False
101580,2024-07-09,West,Home & Kitchen,Coffee Maker,Loyalty,Marketplace,4,60.5,0.0,35.09,242.0,0,Tuesday,False
101581,2024-07-09,North,Home & Kitchen,Blender,New,Marketplace,3,42.01,0.0,5.96,126.03,0,Tuesday,False
101582,2024-07-09,North,Apparel,Backpack,New,Online,1,58.18,0.2,32.26,46.54,0,Tuesday,False
101583,2024-07-10,North,Apparel,Backpack,Loyalty,Online,4,54.16,0.15,42.56,184.14,0,Wednesday,False
101584,2024-07-10,South,Apparel,Backpack,New,Online,3,45.12,0.0,44.53,135.36,0,Wednesday,False
101585,2024-07-10,South,Electronics,Power Bank,Loyalty,Online,4,21.02,0.0,47.49,84.08,0,Wednesday,False
101586,2024-07-10,North,Electronics,Wireless Earbuds,Returning,Marketplace,3,53.88,0.0,8.31,161.64,0,Wednesday,False
101587,2024-07-10,West,Electronics,Bluetooth Speaker,Returning,Online,4,70.14,0.0,8.59,280.56,0,Wednesday,False
101588,2024-07-10,South,Electronics,Power Bank,New,Online,3,22.86,0.15,31.83,58.29,0,Wednesday,False
101589,2024-07-10,East,Electronics,Power Bank,Returning,In-Store,1,26.71,0.2,35.19,21.37,0,Wednesday,False
101590,2024-07-10,West,Apparel,Running Shoes,New,Online,1,83.35,0.1,0.22,75.02,0,Wednesday,False
101591,2024-07-10,South,Home & Kitchen,Air Fryer,New,In-Store,2,74.79,0.0,23.79,149.58,0,Wednesday,False
101592,2024-07-10,East,Beauty,Lipstick Set,New,Online,1,26.22,0.0,26.26,26.22,0,Wednesday,False
101593,2024-07-10,East,Apparel,Jacket,Returning,Marketplace,4,92.46,0.15,3.99,314.36,0,Wednesday,False
101594,2024-07-11,South,Beauty,Moisturizer,New,Online,3,21.01,0.0,44.42,63.03,0,Thursday,False
101595,2024-07-11,West,Home & Kitchen,Blender,Returning,Online,2,47.9,0.15,9.52,81.43,0,Thursday,False
101596,2024-07-11,West,Apparel,Jacket,Returning,In-Store,2,102.22,0.0,18.19,204.44,0,Thursday,False
101597,2024-07-11,North,Apparel,Jacket,New,Online,1,93.41,0.0,29.1,93.41,0,Thursday,False
101598,2024-07-11,South,Apparel,Running Shoes,New,Marketplace,1,65.86,0.0,23.14,65.86,0,Thursday,False
101599,2024-07-12,West,Apparel,Backpack,New,Online,1,58.67,0.15,46.02,49.87,0,Friday,False
101600,2024-07-12,North,Apparel,Running Shoes,Returning,Marketplace,4,77.28,0.0,46.34,309.12,0,Friday,False
101601,2024-07-12,North,Beauty,Lipstick Set,New,Online,1,30.68,0.15,29.68,26.08,0,Friday,False
101602,2024-07-12,North,Apparel,T-Shirt,Returning,Online,4,21.04,0.0,5.5,84.16,0,Friday,False
101603,2024-07-12,East,Electronics,Power Bank,New,Online,5,27.11,0.0,48.46,135.55,0,Friday,False
101604,2024-07-12,North,Electronics,Wireless Earbuds,Returning,In-Store,2,52.79,0.0,2.01,105.58,0,Friday,False
101605,2024-07-12,South,Electronics,Power Bank,Loyalty,Marketplace,4,21.84,0.0,31.42,87.36,0,Friday,False
101606,2024-07-12,North,Apparel,Backpack,Returning,Online,3,51.48,0.0,7.28,154.44,0,Friday,False
101607,2024-07-12,West,Electronics,Smartphone Case,Returning,Marketplace,3,16.26,0.2,44.34,39.02,0,Friday,False
101608,2024-07-12,North,Home & Kitchen,Blender,Loyalty,Online,5,47.79,0.0,2.14,238.95,0,Friday,False
101609,2024-07-12,West,Beauty,Shampoo,New,Marketplace,2,12.76,0.2,17.02,20.42,0,Friday,False
101610,2024-07-12,South,Apparel,T-Shirt,Returning,Online,1,17.67,0.0,25.75,17.67,0,Friday,False
101611,2024-07-12,East,Electronics,Smartphone Case,Loyalty,Online,4,15.1,0.0,4.03,60.4,0,Friday,False
101612,2024-07-13,North,Electronics,Wireless Earbuds,New,Online,4,47.49,0.0,35.78,189.96,0,Saturday,True
101613,2024-07-13,South,Home & Kitchen,Blender,Returning,Online,2,37.28,0.15,2.49,63.38,0,Saturday,True
101614,2024-07-13,South,Electronics,Wireless Earbuds,Returning,Marketplace,3,39.8,0.0,18.92,119.4,0,Saturday,True
101615,2024-07-13,West,Beauty,Face Serum,New,Marketplace,4,35.14,0.0,36.37,140.56,0,Saturday,True
101616,2024-07-14,East,Beauty,Face Serum,Returning,In-Store,1,30.79,0.0,16.45,30.79,0,Sunday,True
101617,2024-07-14,East,Home & Kitchen,Coffee Maker,New,Online,3,53.97,0.0,29.98,161.91,0,Sunday,True
101618,2024-07-14,East,Beauty,Lipstick Set,New,Online,5,22.94,0.0,5.79,114.7,0,Sunday,True
101619,2024-07-14,South,Beauty,Face Serum,Loyalty,In-Store,2,29.74,0.1,22.56,53.53,0,Sunday,True
101620,2024-07-14,North,Beauty,Lipstick Set,Loyalty,In-Store,1,29.11,0.0,16.76,29.11,0,Sunday,True
101621,2024-07-14,West,Beauty,Face Serum,New,Online,5,34.69,0.0,5.59,173.45,0,Sunday,True
101622,2024-07-14,East,Electronics,Smartphone Case,Loyalty,Online,2,15.22,0.15,43.8,25.87,0,Sunday,True
101623,2024-07-14,East,Apparel,Backpack,New,Online,1,52.77,0.0,49.55,52.77,0,Sunday,True
101624,2024-07-14,North,Beauty,Face Serum,New,Online,3,33.62,0.0,48.21,100.86,0,Sunday,True
101625,2024-07-14,East,Beauty,Moisturizer,New,Online,4,19.02,0.0,26.8,76.08,0,Sunday,True
101626,2024-07-15,South,Electronics,Bluetooth Speaker,Returning,Online,4,56.21,0.0,25.65,224.84,0,Monday,False
101627,2024-07-15,North,Apparel,Running Shoes,New,Online,1,84.05,0.0,38.42,84.05,0,Monday,False
101628,2024-07-15,East,Beauty,Shampoo,Returning,Online,5,13.35,0.0,14.94,66.75,0,Monday,False
101629,2024-07-15,West,Electronics,Smartphone Case,New,Marketplace,5,17.15,0.1,33.9,77.18,0,Monday,False
101630,2024-07-15,East,Beauty,Lipstick Set,Loyalty,Marketplace,1,21.8,0.0,10.13,21.8,0,Monday,False
101631,2024-07-15,West,Apparel,Jacket,New,Marketplace,4,102.11,0.0,39.59,408.44,0,Monday,False
101632,2024-07-15,North,Beauty,Face Serum,New,In-Store,4,32.61,0.0,34.14,130.44,0,Monday,False
101633,2024-07-15,South,Home & Kitchen,Coffee Maker,Loyalty,Online,4,47.17,0.0,39.34,188.68,0,Monday,False
101634,2024-07-15,West,Home & Kitchen,Blender,New,Marketplace,5,44.28,0.0,10.18,221.4,0,Monday,False
101636,2024-07-16,West,Beauty,Lipstick Set,New,Marketplace,2,30.7,0.0,34.93,61.4,0,Tuesday,False
101637,2024-07-16,North,Apparel,Running Shoes,Returning,In-Store,2,70.91,0.0,8.03,141.82,0,Tuesday,False
101638,2024-07-16,East,Apparel,Jacket,New,Online,2,89.28,0.0,32.8,178.56,0,Tuesday,False
101639,2024-07-16,West,Beauty,Moisturizer,Loyalty,Marketplace,3,24.14,0.0,49.57,72.42,0,Tuesday,False
101641,2024-07-16,North,Apparel,T-Shirt,Loyalty,Online,4,23.71,0.0,48.89,94.84,0,Tuesday,False
101643,2024-07-16,North,Apparel,T-Shirt,Returning,Marketplace,2,18.74,0.2,31.28,29.98,0,Tuesday,False
101644,2024-07-16,South,Beauty,Lipstick Set,New,Marketplace,5,21.53,0.15,22.78,91.5,0,Tuesday,False
101645,2024-07-16,South,Apparel,Backpack,Returning,Online,4,45.18,0.0,48.71,180.72,0,Tuesday,False
101646,2024-07-17,North,Apparel,T-Shirt,New,Online,4,22.88,0.0,37.66,91.52,0,Wednesday,False
101647,2024-07-17,North,Beauty,Moisturizer,Loyalty,Marketplace,5,23.93,0.0,19.67,119.65,0,Wednesday,False
101648,2024-07-17,North,Beauty,Moisturizer,Returning,In-Store,5,24.1,0.0,13.44,120.5,0,Wednesday,False
101649,2024-07-17,South,Beauty,Shampoo,Returning,Marketplace,3,11.2,0.0,16.93,33.6,0,Wednesday,False
101650,2024-07-17,North,Electronics,Power Bank,New,In-Store,2,28.45,0.0,10.77,56.9,0,Wednesday,False
101651,2024-07-17,East,Beauty,Lipstick Set,Returning,In-Store,5,25.4,0.0,23.42,127.0,0,Wednesday,False
101652,2024-07-17,West,Electronics,Wireless Earbuds,Returning,In-Store,1,53.27,0.0,34.51,53.27,0,Wednesday,False
101653,2024-07-18,South,Beauty,Face Serum,Returning,Online,3,24.74,0.15,9.97,63.09,0,Thursday,False
101654,2024-07-18,West,Beauty,Lipstick Set,New,In-Store,1,28.03,0.0,0.0,28.03,1,Thursday,False
101655,2024-07-18,South,Apparel,Running Shoes,Returning,Online,3,64.68,0.0,14.05,194.04,0,Thursday,False
101656,2024-07-18,East,Beauty,Moisturizer,Returning,Marketplace,4,20.65,0.0,21.16,82.6,0,Thursday,False
101657,2024-07-19,East,Home & Kitchen,Coffee Maker,Returning,Online,5,55.37,0.0,12.88,276.85,0,Friday,False
101658,2024-07-19,South,Apparel,Running Shoes,Returning,Online,1,61.11,0.0,25.65,61.11,0,Friday,False
101659,2024-07-19,East,Apparel,Backpack,Loyalty,Online,4,53.09,0.0,46.79,212.36,0,Friday,False
101661,2024-07-20,East,Beauty,Moisturizer,Loyalty,Online,5,21.21,0.0,15.03,106.05,0,Saturday,True
101662,2024-07-20,East,Electronics,Power Bank,Returning,Online,5,24.54,0.0,40.58,122.7,0,Saturday,True
101663,2024-07-20,East,Home & Kitchen,Vacuum Cleaner,Returning,Online,3,124.93,0.0,19.24,374.79,0,Saturday,True
101665,2024-07-20,South,Beauty,Shampoo,Returning,Marketplace,5,10.64,0.0,37.06,53.2,0,Saturday,True
101666,2024-07-20,North,Electronics,Smartphone Case,Loyalty,Online,1,16.24,0.0,44.43,16.24,0,Saturday,True
101667,2024-07-21,North,Home & Kitchen,Air Fryer,New,Marketplace,3,89.43,0.0,27.35,268.29,0,Sunday,True
101668,2024-07-21,North,Home & Kitchen,Air Fryer,Loyalty,In-Store,3,92.84,0.1,25.58,250.67,0,Sunday,True
101669,2024-07-21,East,Apparel,T-Shirt,Returning,Online,5,19.91,0.0,46.23,99.55,0,Sunday,True
101670,2024-07-21,North,Beauty,Moisturizer,New,Online,4,21.44,0.0,47.38,85.76,0,Sunday,True
101671,2024-07-21,North,Beauty,Shampoo,Returning,Marketplace,1,13.06,0.0,43.44,13.06,0,Sunday,True
101672,2024-07-21,South,Home & Kitchen,Blender,New,Online,5,37.05,0.0,23.43,185.25,0,Sunday,True
101673,2024-07-21,East,Apparel,Jacket,Returning,In-Store,4,85.67,0.0,44.52,342.68,0,Sunday,True
101674,2024-07-21,South,Home & Kitchen,Vacuum Cleaner,New,In-Store,2,106.26,0.0,4.6,212.52,0,Sunday,True
101675,2024-07-21,North,Home & Kitchen,Vacuum Cleaner,Returning,Online,2,131.73,0.0,18.26,263.46,0,Sunday,True
101676,2024-07-21,South,Beauty,Lipstick Set,New,In-Store,2,21.83,0.0,3.84,43.66,0,Sunday,True
101677,2024-07-22,West,Home & Kitchen,Blender,Returning,Online,3,46.07,0.0,32.77,138.21,0,Monday,False
101678,2024-07-22,South,Beauty,Lipstick Set,Loyalty,Marketplace,5,21.72,0.0,28.03,108.6,0,Monday,False
101679,2024-07-22,West,Apparel,T-Shirt,New,Online,4,22.94,0.0,22.3,91.76,0,Monday,False
101680,2024-07-22,North,Electronics,Bluetooth Speaker,Returning,Online,5,67.68,0.15,2.86,287.64,0,Monday,False
101681,2024-07-22,East,Electronics,Smartphone Case,New,Online,1,15.73,0.0,47.55,15.73,0,Monday,False
101682,2024-07-22,North,Electronics,Power Bank,Returning,Online,2,26.2,0.1,35.53,47.16,0,Monday,False
101683,2024-07-23,East,Electronics,Wireless Earbuds,Returning,Online,5,42.92,0.0,26.46,214.6,0,Tuesday,False
101684,2024-07-23,South,Home & Kitchen,Air Fryer,New,Online,5,75.43,0.0,17.49,377.15,0,Tuesday,False
101685,2024-07-23,West,Beauty,Moisturizer,Loyalty,Marketplace,2,24.9,0.0,16.34,49.8,0,Tuesday,False
101687,2024-07-23,North,Apparel,T-Shirt,Returning,In-Store,3,20.02,0.2,3.67,48.05,0,Tuesday,False
101688,2024-07-23,North,Home & Kitchen,Blender,New,Online,5,44.45,0.0,26.09,222.25,0,Tuesday,False
101689,2024-07-23,South,Apparel,T-Shirt,Returning,Online,1,16.73,0.2,8.89,13.38,0,Tuesday,False
101690,2024-07-23,South,Beauty,Face Serum,Loyalty,Online,1,27.06,0.0,43.04,27.06,0,Tuesday,False
101691,2024-07-23,North,Beauty,Shampoo,Returning,Marketplace,1,12.74,0.2,47.96,10.19,0,Tuesday,False
101692,2024-07-23,North,Beauty,Moisturizer,New,Online,5,21.46,0.0,27.67,107.3,0,Tuesday,False
101693,2024-07-23,South,Beauty,Moisturizer,Loyalty,Marketplace,5,21.12,0.0,21.93,105.6,0,Tuesday,False
101694,2024-07-23,North,Electronics,Bluetooth Speaker,Returning,Online,5,63.98,0.1,13.58,287.91,0,Tuesday,False
101695,2024-07-23,North,Home & Kitchen,Air Fryer,New,In-Store,5,91.47,0.2,33.54,365.88,0,Tuesday,False
101696,2024-07-24,North,Apparel,Backpack,Returning,Online,4,50.57,0.1,18.76,182.05,0,Wednesday,False
101697,2024-07-24,South,Beauty,Shampoo,Returning,Online,2,11.48,0.0,30.77,22.96,0,Wednesday,False
101698,2024-07-24,South,Apparel,Jacket,Returning,Online,1,78.99,0.2,17.22,63.19,0,Wednesday,False
101700,2024-07-24,West,Apparel,Jacket,Loyalty,Online,4,100.51,0.0,3.8,402.04,0,Wednesday,False
101701,2024-07-24,East,Home & Kitchen,Coffee Maker,Loyalty,Online,5,51.35,0.0,9.6,256.75,0,Wednesday,False
101702,2024-07-24,South,Home & Kitchen,Air Fryer,New,In-Store,1,74.73,0.0,39.14,74.73,0,Wednesday,False
101703,2024-07-24,East,Electronics,Power Bank,Loyalty,Online,4,24.02,0.0,8.43,96.08,0,Wednesday,False
101704,2024-07-24,West,Apparel,Jacket,New,Marketplace,1,103.13,0.0,38.28,103.13,0,Wednesday,False
101705,2024-07-25,South,Apparel,Jacket,New,Online,5,84.5,0.1,19.75,380.25,0,Thursday,False
101706,2024-07-25,East,Apparel,Jacket,Returning,Online,5,91.81,0.2,26.6,367.24,0,Thursday,False
101707,2024-07-25,North,Apparel,Running Shoes,Returning,Online,4,73.72,0.0,4.12,294.88,0,Thursday,False
101708,2024-07-26,South,Electronics,Bluetooth Speaker,Returning,In-Store,5,54.3,0.1,36.02,244.35,0,Friday,False
101709,2024-07-26,West,Beauty,Lipstick Set,Loyalty,Online,1,28.28,0.0,29.22,28.28,0,Friday,False
101710,2024-07-26,West,Electronics,Bluetooth Speaker,Returning,Online,5,70.32,0.0,7.22,351.6,0,Friday,False
101711,2024-07-26,East,Beauty,Face Serum,New,Online,1,33.4,0.0,34.22,33.4,0,Friday,False
101712,2024-07-27,East,Electronics,Smartphone Case,Loyalty,Online,3,14.72,0.0,6.52,44.16,0,Saturday,True
101713,2024-07-27,South,Home & Kitchen,Blender,Returning,Online,4,35.78,0.0,8.19,143.12,0,Saturday,True
101714,2024-07-27,North,Beauty,Moisturizer,Loyalty,Online,1,24.27,0.0,22.27,24.27,0,Saturday,True
101715,2024-07-27,North,Beauty,Lipstick Set,New,In-Store,1,27.91,0.0,34.79,27.91,0,Saturday,True
101716,2024-07-27,East,Home & Kitchen,Vacuum Cleaner,Loyalty,Online,2,108.41,0.0,17.95,216.82,0,Saturday,True
101717,2024-07-27,East,Home & Kitchen,Vacuum Cleaner,Loyalty,Online,2,118.02,0.15,1.09,200.63,0,Saturday,True
101718,2024-07-27,East,Beauty,Moisturizer,New,Marketplace,4,22.94,0.0,44.91,91.76,0,Saturday,True
101719,2024-07-27,East,Electronics,Power Bank,Loyalty,Online,2,24.33,0.0,32.64,48.66,0,Saturday,True
101720,2024-07-27,South,Electronics,Smartphone Case,Loyalty,Online,4,12.62,0.0,36.13,50.48,0,Saturday,True
101721,2024-07-28,West,Apparel,T-Shirt,New,Online,1,23.55,0.0,3.65,23.55,0,Sunday,True
101722,2024-07-28,East,Home & Kitchen,Coffee Maker,New,In-Store,4,53.87,0.0,14.6,215.48,0,Sunday,True
101723,2024-07-28,East,Electronics,Bluetooth Speaker,Returning,Online,4,53.0,0.0,18.72,212.0,0,Sunday,True
101724,2024-07-28,South,Home & Kitchen,Blender,New,Marketplace,3,34.82,0.0,13.43,104.46,0,Sunday,True
101725,2024-07-28,West,Home & Kitchen,Blender,Loyalty,In-Store,4,47.61,0.0,13.18,190.44,0,Sunday,True
101726,2024-07-28,West,Beauty,Face Serum,Returning,Online,2,31.6,0.0,37.21,63.2,0,Sunday,True
101727,2024-07-28,East,Electronics,Wireless Earbuds,Returning,Online,2,43.4,0.0,8.43,86.8,0,Sunday,True
101728,2024-07-28,South,Electronics,Bluetooth Speaker,Loyalty,Online,4,54.16,0.0,39.9,216.64,0,Sunday,True
101729,2024-07-28,North,Home & Kitchen,Vacuum Cleaner,New,Online,1,137.92,0.2,36.91,110.34,0,Sunday,True
101731,2024-07-29,North,Beauty,Moisturizer,New,Online,3,22.74,0.0,19.02,68.22,0,Monday,False
101732,2024-07-29,North,Electronics,Smartphone Case,Returning,Online,1,16.9,0.0,17.07,16.9,0,Monday,False
101733,2024-07-29,West,Home & Kitchen,Vacuum Cleaner,Loyalty,Online,2,142.59,0.0,34.05,285.18,0,Monday,False
101734,2024-07-29,East,Electronics,Bluetooth Speaker,Returning,Online,1,53.31,0.0,21.42,53.31,0,Monday,False
101735,2024-07-29,South,Beauty,Moisturizer,Loyalty,Online,3,21.68,0.0,16.2,65.04,0,Monday,False
101736,2024-07-29,East,Electronics,Bluetooth Speaker,Loyalty,Online,4,55.8,0.15,12.67,189.72,0,Monday,False
101737,2024-07-29,East,Apparel,Running Shoes,Returning,Marketplace,4,69.79,0.0,44.87,279.16,0,Monday,False
101738,2024-07-30,North,Beauty,Lipstick Set,New,In-Store,3,26.79,0.0,14.6,80.37,0,Tuesday,False
101739,2024-07-30,East,Beauty,Shampoo,Returning,Marketplace,2,12.69,0.0,23.11,25.38,0,Tuesday,False
101740,2024-07-30,West,Beauty,Lipstick Set,Returning,In-Store,1,29.83,0.15,0.0,25.36,1,Tuesday,False
101741,2024-07-30,West,Apparel,Jacket,New,In-Store,5,94.77,0.15,5.9,402.77,0,Tuesday,False
101742,2024-07-30,North,Apparel,Running Shoes,New,In-Store,4,71.97,0.0,30.25,287.88,0,Tuesday,False
101743,2024-07-30,North,Home & Kitchen,Blender,New,Online,3,46.11,0.0,20.45,138.33,0,Tuesday,False
101744,2024-07-30,North,Home & Kitchen,Coffee Maker,Returning,Online,3,60.21,0.15,11.64,153.54,0,Tuesday,False
101745,2024-07-31,East,Beauty,Moisturizer,Loyalty,In-Store,3,20.92,0.1,3.56,56.48,0,Wednesday,False
101746,2024-07-31,West,Electronics,Bluetooth Speaker,Returning,In-Store,4,71.61,0.15,18.81,243.47,0,Wednesday,False
101747,2024-07-31,South,Apparel,T-Shirt,New,In-Store,2,18.62,0.0,20.18,37.24,0,Wednesday,False
101748,2024-07-31,East,Beauty,Lipstick Set,Returning,Online,5,25.26,0.0,11.07,126.3,0,Wednesday,False
101749,2024-08-01,West,Electronics,Power Bank,Returning,Marketplace,3,28.43,0.0,37.23,85.29,0,Thursday,False
101750,2024-08-01,South,Home & Kitchen,Blender,Returning,Online,1,37.19,0.0,1.66,37.19,0,Thursday,False
101751,2024-08-01,West,Home & Kitchen,Vacuum Cleaner,Returning,Online,1,139.62,0.0,36.08,139.62,0,Thursday,False
101752,2024-08-01,South,Apparel,Backpack,New,Online,2,41.85,0.1,7.86,75.33,0,Thursday,False
101753,2024-08-01,North,Apparel,Running Shoes,Loyalty,Online,5,76.25,0.0,30.96,381.25,0,Thursday,False
101754,2024-08-01,West,Home & Kitchen,Coffee Maker,Returning,Online,4,65.64,0.0,17.22,262.56,0,Thursday,False
101755,2024-08-01,East,Beauty,Face Serum,Returning,In-Store,1,27.41,0.0,9.61,27.41,0,Thursday,False
101757,2024-08-01,North,Beauty,Face Serum,Loyalty,Online,5,33.81,0.0,40.13,169.05,0,Thursday,False
101758,2024-08-01,East,Apparel,T-Shirt,Returning,Marketplace,3,22.31,0.0,14.92,66.93,0,Thursday,False
101759,2024-08-01,North,Apparel,Running Shoes,New,Online,5,73.81,0.0,33.11,369.05,0,Thursday,False
101760,2024-08-02,South,Home & Kitchen,Blender,Loyalty,In-Store,1,34.6,0.1,46.27,31.14,0,Friday,False
101761,2024-08-02,West,Home & Kitchen,Blender,New,Online,4,46.27,0.0,41.51,185.08,0,Friday,False
101763,2024-08-02,North,Electronics,Smartphone Case,New,Online,5,16.53,0.0,28.1,82.65,0,Friday,False
101764,2024-08-02,East,Apparel,T-Shirt,Returning,In-Store,2,20.7,0.0,3.58,41.4,0,Friday,False
101765,2024-08-02,South,Home & Kitchen,Coffee Maker,New,Online,2,50.3,0.0,2.78,100.6,0,Friday,False
101767,2024-08-03,East,Beauty,Face Serum,Loyalty,Online,5,29.11,0.0,43.97,145.55,0,Saturday,True
101768,2024-08-03,North,Home & Kitchen,Blender,New,Online,3,45.62,0.0,20.32,136.86,0,Saturday,True
101769,2024-08-03,North,Electronics,Wireless Earbuds,New,Online,3,48.69,0.0,34.4,146.07,0,Saturday,True
101770,2024-08-03,South,Apparel,Running Shoes,New,Online,2,62.23,0.0,10.2,124.46,0,Saturday,True
101771,2024-08-03,West,Home & Kitchen,Coffee Maker,New,Online,4,62.55,0.0,27.78,250.2,0,Saturday,True
101772,2024-08-03,East,Home & Kitchen,Coffee Maker,New,In-Store,5,52.89,0.0,30.0,264.45,0,Saturday,True
101773,2024-08-03,North,Beauty,Moisturizer,New,Online,4,25.26,0.0,42.78,101.04,0,Saturday,True
101774,2024-08-03,South,Beauty,Shampoo,New,Online,1,11.01,0.0,49.0,11.01,0,Saturday,True
101775,2024-08-03,South,Home & Kitchen,Air Fryer,Returning,In-Store,5,79.87,0.2,28.58,319.48,0,Saturday,True
101776,2024-08-03,West,Beauty,Lipstick Set,Returning,In-Store,5,29.09,0.0,9.74,145.45,0,Saturday,True
101777,2024-08-03,North,Apparel,Running Shoes,New,Marketplace,3,83.77,0.0,19.57,251.31,0,Saturday,True
101778,2024-08-04,South,Electronics,Bluetooth Speaker,Returning,In-Store,3,55.48,0.0,10.51,166.44,0,Sunday,True
101779,2024-08-04,West,Beauty,Moisturizer,Returning,Online,4,24.85,0.1,29.22,89.46,0,Sunday,True
101780,2024-08-04,South,Home & Kitchen,Blender,Loyalty,Online,5,38.45,0.15,7.59,163.41,0,Sunday,True
101781,2024-08-04,East,Beauty,Shampoo,Returning,Online,2,11.18,0.1,42.05,20.12,0,Sunday,True
101782,2024-08-04,East,Electronics,Power Bank,Loyalty,Online,4,24.45,0.1,48.27,88.02,0,Sunday,True
101783,2024-08-04,South,Electronics,Wireless Earbuds,Returning,Marketplace,4,42.81,0.0,0.0,171.24,1,Sunday,True
101784,2024-08-04,East,Home & Kitchen,Vacuum Cleaner,Loyalty,Marketplace,3,132.29,0.0,45.17,396.87,0,Sunday,True
101785,2024-08-04,South,Beauty,Shampoo,New,Marketplace,5,11.21,0.1,41.85,50.45,0,Sunday,True
101786,2024-08-04,East,Electronics,Smartphone Case,Returning,Marketplace,2,15.18,0.0,16.36,30.36,0,Sunday,True
101787,2024-08-04,East,Electronics,Wireless Earbuds,New,Online,3,45.48,0.15,32.27,115.97,0,Sunday,True
101788,2024-08-04,North,Beauty,Lipstick Set,New,In-Store,2,25.59,0.0,49.91,51.18,0,Sunday,True
101789,2024-08-04,West,Electronics,Smartphone Case,Loyalty,Online,1,16.8,0.0,41.51,16.8,0,Sunday,True
101790,2024-08-05,North,Apparel,Jacket,Returning,In-Store,1,98.39,0.0,44.71,98.39,0,Monday,False
101791,2024-08-05,West,Beauty,Moisturizer,New,In-Store,1,24.05,0.0,26.78,24.05,0,Monday,False
101792,2024-08-05,West,Home & Kitchen,Blender,New,Marketplace,4,42.65,0.0,3.36,170.6,0,Monday,False
101793,2024-08-05,North,Beauty,Face Serum,Returning,In-Store,4,36.37,0.0,21.06,145.48,0,Monday,False
101795,2024-08-05,East,Apparel,Jacket,Loyalty,Marketplace,1,85.9,0.0,42.81,85.9,0,Monday,False
101796,2024-08-05,West,Beauty,Shampoo,New,Online,5,13.39,0.0,41.67,66.95,0,Monday,False
101797,2024-08-05,South,Electronics,Wireless Earbuds,New,Marketplace,4,39.76,0.15,38.74,135.18,0,Monday,False
101798,2024-08-05,South,Apparel,T-Shirt,New,In-Store,2,17.86,0.0,16.91,35.72,0,Monday,False
101799,2024-08-05,West,Electronics,Smartphone Case,Returning,Online,4,17.52,0.0,30.14,70.08,0,Monday,False
101800,2024-08-05,North,Home & Kitchen,Coffee Maker,Loyalty,In-Store,1,61.1,0.0,47.27,61.1,0,Monday,False
101801,2024-08-05,North,Apparel,Running Shoes,New,Marketplace,2,69.17,0.2,30.42,110.67,0,Monday,False
101802,2024-08-06,East,Electronics,Power Bank,Loyalty,Online,1,24.45,0.0,19.49,24.45,0,Tuesday,False
101803,2024-08-06,South,Electronics,Wireless Earbuds,New,In-Store,1,42.22,0.0,15.95,42.22,0,Tuesday,False
101804,2024-08-06,East,Apparel,T-Shirt,Returning,In-Store,1,18.53,0.0,28.23,18.53,0,Tuesday,False
101805,2024-08-06,North,Electronics,Smartphone Case,Loyalty,Online,1,17.95,0.15,13.58,15.26,0,Tuesday,False
101807,2024-08-06,East,Beauty,Face Serum,Loyalty,Marketplace,3,30.33,0.0,0.86,90.99,0,Tuesday,False
101808,2024-08-06,South,Home & Kitchen,Blender,Loyalty,Marketplace,5,37.44,0.0,15.67,187.2,0,Tuesday,False
101809,2024-08-06,East,Electronics,Power Bank,New,Online,5,23.49,0.0,14.68,117.45,0,Tuesday,False
101810,2024-08-06,North,Apparel,Running Shoes,Returning,In-Store,4,75.21,0.0,32.51,300.84,0,Tuesday,False
101811,2024-08-07,West,Home & Kitchen,Air Fryer,New,Online,2,95.97,0.0,39.19,191.94,0,Wednesday,False
101812,2024-08-07,South,Home & Kitchen,Coffee Maker,Returning,Online,3,52.77,0.15,32.34,134.56,0,Wednesday,False
101813,2024-08-07,West,Beauty,Shampoo,New,Online,3,14.31,0.0,37.59,42.93,0,Wednesday,False
101815,2024-08-08,East,Beauty,Face Serum,New,Online,2,31.17,0.0,19.51,62.34,0,Thursday,False
101817,2024-08-08,South,Apparel,T-Shirt,Returning,Marketplace,2,16.63,0.15,3.66,28.27,0,Thursday,False
101818,2024-08-08,East,Home & Kitchen,Air Fryer,Returning,Marketplace,2,73.67,0.0,31.93,147.34,0,Thursday,False
101819,2024-08-08,East,Home & Kitchen,Blender,Loyalty,Online,5,40.66,0.0,24.12,203.3,0,Thursday,False
101820,2024-08-09,North,Beauty,Face Serum,Loyalty,Online,5,34.34,0.0,25.29,171.7,0,Friday,False
101821,2024-08-09,East,Apparel,Jacket,Returning,Online,1,83.03,0.0,35.74,83.03,0,Friday,False
101822,2024-08-09,South,Electronics,Smartphone Case,New,In-Store,3,13.3,0.1,41.82,287.28,0,Friday,False
101823,2024-08-09,South,Electronics,Power Bank,Returning,Marketplace,4,23.75,0.0,19.64,95.0,0,Friday,False
101824,2024-08-09,South,Beauty,Shampoo,New,In-Store,4,11.4,0.0,1.08,45.6,0,Friday,False
101825,2024-08-09,East,Apparel,Jacket,Loyalty,In-Store,2,88.68,0.0,33.69,177.36,0,Friday,False
101826,2024-08-09,North,Apparel,Backpack,New,In-Store,3,55.6,0.0,40.82,166.8,0,Friday,False
101827,2024-08-09,East,Apparel,Backpack,New,In-Store,2,52.52,0.0,42.17,105.04,0,Friday,False
101828,2024-08-09,East,Apparel,Jacket,Returning,Marketplace,4,81.12,0.0,48.31,324.48,0,Friday,False
101829,2024-08-09,South,Beauty,Moisturizer,New,Online,2,18.67,0.0,15.82,37.34,0,Friday,False
101830,2024-08-10,South,Electronics,Power Bank,New,Marketplace,2,24.09,0.0,3.14,48.18,0,Saturday,True
101831,2024-08-10,West,Apparel,Backpack,Loyalty,In-Store,2,57.11,0.0,0.0,114.22,1,Saturday,True
101832,2024-08-10,South,Home & Kitchen,Blender,Returning,Marketplace,1,36.96,0.0,27.72,36.96,0,Saturday,True
101833,2024-08-10,East,Beauty,Moisturizer,Returning,Online,3,22.5,0.15,4.9,57.38,0,Saturday,True
101834,2024-08-10,East,Apparel,Running Shoes,Loyalty,In-Store,4,69.91,0.0,19.75,279.64,0,Saturday,True
101835,2024-08-11,South,Beauty,Shampoo,New,Online,2,11.05,0.0,24.55,22.1,0,Sunday,True
101836,2024-08-11,North,Beauty,Lipstick Set,New,Online,5,27.8,0.0,20.14,139.0,0,Sunday,True
101837,2024-08-11,North,Beauty,Shampoo,New,Marketplace,4,13.47,0.0,25.49,53.88,0,Sunday,True
101838,2024-08-11,West,Home & Kitchen,Coffee Maker,Returning,In-Store,3,61.76,0.0,15.12,185.28,0,Sunday,True
101839,2024-08-11,East,Apparel,T-Shirt,Returning,Online,2,19.43,0.0,30.26,38.86,0,Sunday,True
101840,2024-08-11,North,Home & Kitchen,Vacuum Cleaner,Returning,Marketplace,1,134.98,0.2,32.67,107.98,0,Sunday,True
101841,2024-08-11,South,Apparel,Backpack,New,Marketplace,5,45.31,0.0,38.71,226.55,0,Sunday,True
101842,2024-08-11,South,Apparel,Running Shoes,Returning,Marketplace,2,69.83,0.2,10.06,111.73,0,Sunday,True
101844,2024-08-11,North,Beauty,Face Serum,Returning,In-Store,1,35.1,0.0,45.17,35.1,0,Sunday,True
101845,2024-08-12,South,Beauty,Shampoo,Loyalty,Online,3,10.98,0.0,14.5,32.94,0,Monday,False
101846,2024-08-12,West,Home & Kitchen,Air Fryer,Returning,Marketplace,4,89.34,0.0,44.58,357.36,0,Monday,False
101847,2024-08-12,West,Apparel,T-Shirt,Returning,In-Store,2,22.42,0.0,34.32,44.84,0,Monday,False
101848,2024-08-12,South,Beauty,Lipstick Set,New,In-Store,2,22.89,0.0,7.89,45.78,0,Monday,False
101849,2024-08-12,East,Home & Kitchen,Coffee Maker,Returning,Online,3,57.48,0.0,49.96,172.44,0,Monday,False
101850,2024-08-12,East,Apparel,Backpack,Returning,In-Store,2,48.29,0.1,27.58,86.92,0,Monday,False
101852,2024-08-12,South,Beauty,Face Serum,Returning,Online,2,26.04,0.0,7.51,52.08,0,Monday,False
101853,2024-08-12,North,Apparel,Running Shoes,New,Online,1,72.42,0.0,7.44,72.42,0,Monday,False
101854,2024-08-13,North,Electronics,Power Bank,Returning,Online,2,28.35,0.15,9.16,48.2,0,Tuesday,False
101855,2024-08-13,West,Home & Kitchen,Air Fryer,Returning,Online,1,85.97,0.0,2.63,85.97,0,Tuesday,False
101856,2024-08-13,North,Apparel,Running Shoes,Loyalty,Marketplace,5,74.46,0.1,21.46,335.07,0,Tuesday,False
101857,2024-08-13,West,Electronics,Bluetooth Speaker,New,Online,1,71.11,0.0,42.12,71.11,0,Tuesday,False
101858,2024-08-13,North,Electronics,Bluetooth Speaker,New,Marketplace,3,70.51,0.0,7.69,211.53,0,Tuesday,False
101860,2024-08-13,North,Beauty,Face Serum,New,In-Store,2,31.01,0.0,4.57,62.02,0,Tuesday,False
101861,2024-08-13,West,Apparel,Jacket,New,Online,4,100.72,0.2,20.02,322.3,0,Tuesday,False
101862,2024-08-13,South,Electronics,Bluetooth Speaker,New,Online,5,56.51,0.2,29.18,226.04,0,Tuesday,False
101863,2024-08-13,North,Electronics,Power Bank,Returning,Online,5,27.88,0.0,14.36,139.4,0,Tuesday,False
101864,2024-08-13,North,Home & Kitchen,Air Fryer,Returning,In-Store,1,90.11,0.15,48.36,76.59,0,Tuesday,False
101865,2024-08-13,South,Electronics,Bluetooth Speaker,Returning,Online,3,55.46,0.0,41.6,166.38,0,Tuesday,False
101866,2024-08-13,East,Beauty,Face Serum,Returning,Online,4,32.01,0.0,26.37,128.04,0,Tuesday,False
101867,2024-08-14,North,Beauty,Shampoo,Returning,Online,3,13.26,0.1,36.12,35.8,0,Wednesday,False
101868,2024-08-14,North,Apparel,Backpack,Returning,Online,2,53.06,0.1,0.0,95.51,1,Wednesday,False
101869,2024-08-14,West,Electronics,Smartphone Case,Loyalty,Online,2,17.07,0.0,47.74,34.14,0,Wednesday,False
101870,2024-08-14,East,Home & Kitchen,Blender,Returning,Online,3,38.51,0.0,44.01,115.53,0,Wednesday,False
101871,2024-08-14,West,Home & Kitchen,Vacuum Cleaner,Loyalty,Online,2,136.04,0.0,10.69,272.08,0,Wednesday,False
101872,2024-08-15,South,Beauty,Face Serum,New,Online,3,27.76,0.0,21.37,83.28,0,Thursday,False
101873,2024-08-15,West,Home & Kitchen,Coffee Maker,New,Online,5,68.04,0.1,42.58,306.18,0,Thursday,False
101874,2024-08-15,East,Electronics,Power Bank,Returning,In-Store,2,25.72,0.15,14.28,43.72,0,Thursday,False
101875,2024-08-15,North,Apparel,T-Shirt,New,In-Store,5,21.8,0.0,3.11,109.0,0,Thursday,False
101876,2024-08-15,West,Apparel,T-Shirt,Loyalty,In-Store,3,23.02,0.0,3.56,69.06,0,Thursday,False
101877,2024-08-15,West,Electronics,Power Bank,New,In-Store,3,27.93,0.0,36.72,83.79,0,Thursday,False
101878,2024-08-15,East,Home & Kitchen,Coffee Maker,Loyalty,Online,3,53.25,0.0,0.0,159.75,1,Thursday,False
101879,2024-08-16,West,Home & Kitchen,Coffee Maker,Loyalty,Online,1,61.65,0.0,43.52,61.65,0,Friday,False
101880,2024-08-16,West,Electronics,Wireless Earbuds,New,Marketplace,4,52.31,0.2,23.56,167.39,0,Friday,False
101881,2024-08-16,North,Apparel,Running Shoes,Loyalty,Marketplace,4,77.25,0.1,0.0,278.1,1,Friday,False
101882,2024-08-16,East,Apparel,Running Shoes,Returning,Online,4,69.36,0.0,40.1,277.44,0,Friday,False
101883,2024-08-16,East,Beauty,Face Serum,New,In-Store,5,32.52,0.0,17.33,162.6,0,Friday,False
101884,2024-08-16,South,Beauty,Shampoo,New,Online,2,10.55,0.0,14.83,21.1,0,Friday,False
101885,2024-08-16,North,Home & Kitchen,Blender,Loyalty,Online,3,45.73,0.0,1.62,137.19,0,Friday,False
101886,2024-08-16,North,Beauty,Moisturizer,Returning,Marketplace,4,24.57,0.0,29.55,98.28,0,Friday,False
101887,2024-08-17,North,Beauty,Lipstick Set,Returning,Marketplace,2,25.54,0.0,46.41,51.08,0,Saturday,True
101888,2024-08-17,East,Electronics,Bluetooth Speaker,New,Online,2,56.58,0.0,43.51,113.16,0,Saturday,True
101889,2024-08-17,South,Home & Kitchen,Air Fryer,Returning,Online,1,77.09,0.0,42.69,77.09,0,Saturday,True
101890,2024-08-17,West,Electronics,Bluetooth Speaker,New,Online,4,72.01,0.1,1.09,259.24,0,Saturday,True
101891,2024-08-17,North,Apparel,Backpack,Returning,Marketplace,1,53.58,0.0,26.16,53.58,0,Saturday,True
101892,2024-08-17,North,Electronics,Smartphone Case,New,In-Store,1,16.32,0.0,32.36,16.32,0,Saturday,True
101893,2024-08-17,North,Home & Kitchen,Coffee Maker,Returning,Online,1,59.42,0.0,23.47,59.42,0,Saturday,True
101894,2024-08-17,West,Beauty,Lipstick Set,New,Online,1,28.18,0.15,0.53,23.95,0,Saturday,True
101895,2024-08-17,East,Electronics,Wireless Earbuds,New,Online,5,44.88,0.0,27.72,224.4,0,Saturday,True
101896,2024-08-18,East,Beauty,Moisturizer,New,Online,4,21.37,0.0,47.25,85.48,0,Sunday,True
101897,2024-08-18,East,Beauty,Shampoo,Returning,In-Store,4,10.92,0.0,26.46,43.68,0,Sunday,True
101898,2024-08-18,West,Apparel,T-Shirt,Returning,Marketplace,1,24.62,0.0,32.26,24.62,0,Sunday,True
101899,2024-08-18,South,Electronics,Smartphone Case,New,Online,5,13.6,0.0,17.63,68.0,0,Sunday,True
101900,2024-08-18,North,Beauty,Shampoo,Returning,Marketplace,2,13.55,0.0,21.35,27.1,0,Sunday,True
101901,2024-08-18,West,Electronics,Bluetooth Speaker,New,Online,2,71.45,0.0,13.78,142.9,0,Sunday,True
101902,2024-08-18,North,Electronics,Wireless Earbuds,New,Marketplace,2,46.96,0.0,28.18,93.92,0,Sunday,True
101903,2024-08-18,West,Electronics,Power Bank,New,Online,5,30.45,0.2,28.16,121.8,0,Sunday,True
101904,2024-08-18,East,Electronics,Wireless Earbuds,Returning,In-Store,3,44.66,0.15,7.26,113.88,0,Sunday,True
101905,2024-08-18,North,Apparel,T-Shirt,New,Online,3,20.93,0.0,49.86,62.79,0,Sunday,True
101906,2024-08-18,East,Apparel,Jacket,New,Marketplace,4,85.12,0.0,31.7,340.48,0,Sunday,True
101907,2024-08-19,North,Electronics,Power Bank,Returning,Online,5,28.93,0.0,18.65,144.65,0,Monday,False
101908,2024-08-19,South,Apparel,Running Shoes,Returning,Online,4,61.65,0.2,0.04,197.28,0,Monday,False
101909,2024-08-19,North,Beauty,Moisturizer,Returning,Online,5,22.56,0.0,20.25,112.8,0,Monday,False
101910,2024-08-19,North,Home & Kitchen,Vacuum Cleaner,New,In-Store,2,128.6,0.0,31.54,257.2,0,Monday,False
101911,2024-08-19,West,Electronics,Smartphone Case,Returning,Marketplace,2,16.87,0.0,18.87,33.74,0,Monday,False
101912,2024-08-19,North,Apparel,Jacket,Returning,Online,2,91.23,0.0,26.87,182.46,0,Monday,False
101914,2024-08-19,South,Beauty,Moisturizer,Loyalty,In-Store,1,20.49,0.0,20.21,20.49,0,Monday,False
101915,2024-08-19,East,Home & Kitchen,Coffee Maker,New,Online,1,58.19,0.0,20.01,58.19,0,Monday,False
101916,2024-08-19,East,Home & Kitchen,Blender,Returning,Online,1,37.07,0.0,28.28,37.07,0,Monday,False
101917,2024-08-20,North,Electronics,Smartphone Case,New,Online,3,18.06,0.1,29.33,48.76,0,Tuesday,False
101918,2024-08-20,South,Apparel,Running Shoes,New,Online,5,66.08,0.0,5.5,330.4,0,Tuesday,False
101919,2024-08-20,North,Beauty,Shampoo,Returning,Online,4,13.76,0.0,35.93,55.04,0,Tuesday,False
101920,2024-08-20,South,Home & Kitchen,Coffee Maker,Loyalty,Online,4,54.59,0.15,40.88,185.61,0,Tuesday,False
101921,2024-08-20,East,Electronics,Wireless Earbuds,Returning,Online,2,47.59,0.0,41.47,95.18,0,Tuesday,False
101922,2024-08-20,North,Apparel,Running Shoes,Returning,Online,1,82.91,0.15,32.56,70.47,0,Tuesday,False
101923,2024-08-20,South,Electronics,Smartphone Case,Returning,In-Store,3,13.0,0.0,7.25,39.0,0,Tuesday,False
101924,2024-08-20,North,Apparel,Jacket,New,In-Store,1,103.28,0.0,36.65,103.28,0,Tuesday,False
101925,2024-08-20,East,Beauty,Face Serum,Loyalty,Online,5,28.96,0.0,9.99,144.8,0,Tuesday,False
101926,2024-08-20,North,Electronics,Wireless Earbuds,Returning,In-Store,1,51.6,0.0,21.89,51.6,0,Tuesday,False
101927,2024-08-21,East,Electronics,Smartphone Case,New,Online,3,16.24,0.2,36.35,38.98,0,Wednesday,False
101928,2024-08-21,West,Home & Kitchen,Air Fryer,New,Online,1,93.99,0.0,5.89,93.99,0,Wednesday,False
101929,2024-08-21,North,Home & Kitchen,Vacuum Cleaner,New,Online,1,138.88,0.0,17.51,138.88,0,Wednesday,False
101930,2024-08-21,East,Beauty,Moisturizer,Returning,In-Store,3,22.97,0.0,24.76,68.91,0,Wednesday,False
101931,2024-08-21,North,Beauty,Shampoo,New,Online,4,12.03,0.2,35.2,38.5,0,Wednesday,False
101932,2024-08-21,East,Apparel,Running Shoes,Returning,In-Store,1,69.68,0.0,23.58,69.68,0,Wednesday,False
101933,2024-08-21,North,Electronics,Bluetooth Speaker,New,Online,1,59.83,0.0,19.36,59.83,0,Wednesday,False
101934,2024-08-21,South,Beauty,Face Serum,New,In-Store,2,26.24,0.2,18.56,41.98,0,Wednesday,False
101935,2024-08-21,North,Home & Kitchen,Coffee Maker,New,Marketplace,2,57.84,0.1,27.34,104.11,0,Wednesday,False
101936,2024-08-21,North,Home & Kitchen,Coffee Maker,Loyalty,Online,3,66.69,0.1,23.98,180.06,0,Wednesday,False
101937,2024-08-21,South,Beauty,Shampoo,Returning,In-Store,1,10.72,0.0,0.33,10.72,0,Wednesday,False
101938,2024-08-21,South,Apparel,Backpack,Returning,Online,1,44.69,0.0,19.41,44.69,0,Wednesday,False
101939,2024-08-22,North,Apparel,Running Shoes,New,In-Store,2,79.17,0.0,0.0,158.34,1,Thursday,False
101940,2024-08-22,South,Apparel,Backpack,New,Online,4,47.67,0.0,43.69,190.68,0,Thursday,False
101941,2024-08-22,South,Home & Kitchen,Air Fryer,Loyalty,Online,1,69.1,0.15,46.58,58.73,0,Thursday,False
101942,2024-08-22,West,Beauty,Moisturizer,Loyalty,Online,3,26.81,0.0,31.75,80.43,0,Thursday,False
101943,2024-08-22,South,Electronics,Power Bank,Loyalty,Marketplace,1,21.98,0.0,34.09,21.98,0,Thursday,False
101944,2024-08-22,South,Beauty,Moisturizer,New,Marketplace,5,19.88,0.0,47.06,99.4,0,Thursday,False
101945,2024-08-23,South,Electronics,Smartphone Case,Loyalty,Marketplace,1,12.97,0.2,14.77,10.38,0,Friday,False
101946,2024-08-23,North,Beauty,Face Serum,New,In-Store,5,36.92,0.0,10.35,184.6,0,Friday,False
101947,2024-08-23,South,Electronics,Bluetooth Speaker,Returning,Online,2,53.5,0.0,46.06,107.0,0,Friday,False
101948,2024-08-23,North,Home & Kitchen,Air Fryer,New,In-Store,3,96.2,0.15,47.13,245.31,0,Friday,False
101949,2024-08-23,South,Beauty,Moisturizer,Loyalty,Online,3,20.05,0.1,39.05,54.14,0,Friday,False
101950,2024-08-23,West,Beauty,Face Serum,Returning,Online,3,34.33,0.0,36.4,102.99,0,Friday,False
101951,2024-08-23,West,Apparel,Backpack,New,Marketplace,5,55.19,0.0,30.76,275.95,0,Friday,False
101952,2024-08-23,West,Apparel,Backpack,Loyalty,Marketplace,5,59.24,0.0,29.75,296.2,0,Friday,False
101953,2024-08-23,West,Beauty,Shampoo,New,Marketplace,4,13.51,0.1,16.36,48.64,0,Friday,False
101954,2024-08-23,East,Electronics,Wireless Earbuds,Returning,Online,4,44.29,0.2,28.99,141.73,0,Friday,False
101955,2024-08-23,East,Electronics,Power Bank,Returning,Online,2,27.09,0.0,18.47,54.18,0,Friday,False
101956,2024-08-23,South,Home & Kitchen,Blender,Loyalty,Online,5,36.99,0.2,24.21,147.96,0,Friday,False
101957,2024-08-23,South,Beauty,Moisturizer,Returning,In-Store,5,19.93,0.0,23.05,99.65,0,Friday,False
101958,2024-08-23,East,Electronics,Wireless Earbuds,Returning,Online,3,47.97,0.0,26.13,143.91,0,Friday,False
101959,2024-08-23,South,Electronics,Wireless Earbuds,Loyalty,Marketplace,3,40.4,0.15,0.59,103.02,0,Friday,False
101960,2024-08-24,North,Electronics,Wireless Earbuds,Returning,Marketplace,4,42.19,0.2,0.0,135.01,1,Saturday,True
101961,2024-08-24,East,Beauty,Face Serum,Returning,Online,5,29.22,0.1,34.03,131.49,0,Saturday,True
101962,2024-08-24,South,Electronics,Bluetooth Speaker,Returning,Marketplace,4,56.73,0.0,24.29,226.92,0,Saturday,True
101963,2024-08-24,West,Electronics,Bluetooth Speaker,New,Online,2,69.85,0.2,0.0,111.76,1,Saturday,True
101964,2024-08-24,East,Electronics,Wireless Earbuds,New,Online,1,45.65,0.2,47.65,36.52,0,Saturday,True
101965,2024-08-24,East,Beauty,Lipstick Set,New,Online,4,26.65,0.0,38.73,106.6,0,Saturday,True
101966,2024-08-24,South,Beauty,Lipstick Set,Returning,Online,1,21.89,0.2,12.16,17.51,0,Saturday,True
101967,2024-08-24,West,Home & Kitchen,Coffee Maker,Returning,Online,5,61.52,0.0,12.15,307.6,0,Saturday,True
101968,2024-08-25,South,Home & Kitchen,Coffee Maker,Loyalty,In-Store,5,48.95,0.0,30.72,244.75,0,Sunday,True
101969,2024-08-25,South,Apparel,T-Shirt,New,Online,5,17.81,0.0,33.97,89.05,0,Sunday,True
101970,2024-08-25,South,Beauty,Moisturizer,New,Online,4,18.86,0.0,45.17,75.44,0,Sunday,True
101972,2024-08-25,East,Home & Kitchen,Blender,New,Online,1,42.83,0.0,38.17,42.83,0,Sunday,True
101973,2024-08-25,East,Apparel,Backpack,Loyalty,In-Store,3,46.41,0.0,47.58,139.23,0,Sunday,True
101974,2024-08-25,North,Home & Kitchen,Blender,New,Online,5,42.1,0.2,35.87,168.4,0,Sunday,True
101975,2024-08-25,West,Electronics,Bluetooth Speaker,New,In-Store,3,66.97,0.0,21.45,200.91,0,Sunday,True
101976,2024-08-25,North,Electronics,Power Bank,New,Online,3,26.39,0.15,23.36,67.29,0,Sunday,True
101978,2024-08-25,North,Home & Kitchen,Blender,New,In-Store,2,43.88,0.0,35.35,87.76,0,Sunday,True
101979,2024-08-26,East,Beauty,Face Serum,Returning,In-Store,4,30.87,0.1,13.37,111.13,0,Monday,False
101980,2024-08-26,South,Beauty,Moisturizer,Returning,Online,1,18.87,0.0,17.92,18.87,0,Monday,False
101981,2024-08-26,East,Beauty,Lipstick Set,New,Online,2,25.89,0.15,21.54,44.01,0,Monday,False
101982,2024-08-26,North,Electronics,Smartphone Case,New,Online,4,16.44,0.2,12.63,52.61,0,Monday,False
101983,2024-08-26,South,Beauty,Face Serum,New,Marketplace,1,27.31,0.0,23.43,27.31,0,Monday,False
101984,2024-08-27,East,Home & Kitchen,Vacuum Cleaner,Returning,In-Store,2,116.82,0.2,47.64,186.91,0,Tuesday,False
101985,2024-08-27,North,Home & Kitchen,Blender,Returning,Online,1,43.76,0.0,7.8,43.76,0,Tuesday,False
101986,2024-08-27,East,Home & Kitchen,Vacuum Cleaner,Returning,Marketplace,3,117.16,0.15,38.77,298.76,0,Tuesday,False
101987,2024-08-27,South,Electronics,Power Bank,Returning,Online,2,21.42,0.0,33.99,42.84,0,Tuesday,False
101988,2024-08-27,North,Home & Kitchen,Coffee Maker,Returning,Online,4,62.91,0.0,23.73,251.64,0,Tuesday,False
101989,2024-08-27,West,Home & Kitchen,Air Fryer,Returning,In-Store,2,90.91,0.0,46.74,181.82,0,Tuesday,False
101990,2024-08-27,North,Beauty,Lipstick Set,New,Online,1,28.34,0.15,5.73,24.09,0,Tuesday,False
101991,2024-08-27,North,Apparel,T-Shirt,Returning,Online,1,19.05,0.1,8.33,17.14,0,Tuesday,False
101992,2024-08-27,North,Apparel,T-Shirt,Loyalty,In-Store,2,22.59,0.0,2.91,45.18,0,Tuesday,False
101993,2024-08-27,East,Beauty,Lipstick Set,Returning,In-Store,3,22.11,0.0,18.59,66.33,0,Tuesday,False
101994,2024-08-27,East,Home & Kitchen,Vacuum Cleaner,New,Online,1,127.38,0.0,28.5,127.38,0,Tuesday,False
101995,2024-08-28,North,Beauty,Moisturizer,New,Online,4,24.68,0.1,42.12,88.85,0,Wednesday,False
101996,2024-08-28,South,Apparel,Backpack,New,Online,3,46.03,0.0,22.6,138.09,0,Wednesday,False
101997,2024-08-28,North,Electronics,Wireless Earbuds,Returning,Online,2,47.51,0.0,36.19,95.02,0,Wednesday,False
101998,2024-08-28,North,Apparel,Jacket,Returning,Online,3,95.98,0.0,29.89,287.94,0,Wednesday,False
101999,2024-08-28,South,Apparel,Running Shoes,Returning,In-Store,1,62.16,0.0,9.47,62.16,0,Wednesday,False
102000,2024-08-29,West,Electronics,Smartphone Case,New,Online,3,16.56,0.15,26.29,42.23,0,Thursday,False
102001,2024-08-29,West,Home & Kitchen,Blender,New,Online,2,47.54,0.0,13.64,95.08,0,Thursday,False
102002,2024-08-29,West,Apparel,Jacket,Loyalty,Marketplace,3,103.85,0.0,35.03,311.55,0,Thursday,False
102003,2024-08-29,North,Beauty,Moisturizer,Loyalty,Online,4,26.45,0.0,27.62,105.8,0,Thursday,False
102004,2024-08-29,North,Beauty,Shampoo,New,Marketplace,5,13.5,0.1,6.93,60.75,0,Thursday,False
102005,2024-08-29,North,Home & Kitchen,Blender,New,Marketplace,4,46.0,0.0,44.45,184.0,0,Thursday,False
102006,2024-08-30,East,Electronics,Wireless Earbuds,Loyalty,Marketplace,4,46.21,0.0,13.26,184.84,0,Friday,False
102007,2024-08-30,West,Home & Kitchen,Blender,Returning,Online,5,46.67,0.0,34.09,233.35,0,Friday,False
102008,2024-08-30,West,Beauty,Lipstick Set,Returning,Online,4,27.94,0.1,49.05,100.58,0,Friday,False
102009,2024-08-30,South,Beauty,Face Serum,Loyalty,Marketplace,1,28.84,0.0,47.54,28.84,0,Friday,False
102010,2024-08-30,North,Electronics,Wireless Earbuds,New,In-Store,4,49.21,0.0,5.59,196.84,0,Friday,False
102011,2024-08-30,South,Apparel,Jacket,New,Online,2,79.18,0.0,25.99,158.36,0,Friday,False
102012,2024-08-30,North,Beauty,Lipstick Set,Returning,Marketplace,1,27.71,0.0,0.04,27.71,0,Friday,False
102013,2024-08-30,West,Apparel,Backpack,Returning,Online,5,55.3,0.0,36.18,276.5,0,Friday,False
102014,2024-08-30,South,Apparel,Jacket,Returning,Online,5,77.88,0.1,24.81,350.46,0,Friday,False
102015,2024-08-30,East,Electronics,Power Bank,Returning,Online,3,24.59,0.0,22.28,73.77,0,Friday,False
102016,2024-08-31,North,Electronics,Power Bank,New,Online,3,28.95,0.0,36.59,86.85,0,Saturday,True
102017,2024-08-31,West,Electronics,Smartphone Case,Returning,Online,4,16.65,0.2,18.89,53.28,0,Saturday,True
102018,2024-08-31,East,Beauty,Moisturizer,New,Online,4,21.75,0.0,33.01,87.0,0,Saturday,True
102019,2024-08-31,South,Home & Kitchen,Vacuum Cleaner,New,Online,1,110.3,0.2,29.96,88.24,0,Saturday,True
102020,2024-08-31,South,Electronics,Bluetooth Speaker,Returning,Online,5,57.92,0.0,12.02,289.6,0,Saturday,True
102021,2024-08-31,East,Home & Kitchen,Air Fryer,Returning,In-Store,4,75.51,0.2,6.48,241.63,0,Saturday,True
102022,2024-08-31,North,Apparel,Running Shoes,Returning,Online,1,79.79,0.0,27.52,79.79,0,Saturday,True
102023,2024-08-31,East,Electronics,Bluetooth Speaker,New,Online,1,54.57,0.0,0.98,54.57,0,Saturday,True
102024,2024-08-31,North,Apparel,Backpack,New,Online,3,57.64,0.15,8.61,146.98,0,Saturday,True
102025,2024-08-31,South,Home & Kitchen,Air Fryer,Returning,In-Store,5,73.79,0.0,39.79,368.95,0,Saturday,True
102026,2024-08-31,West,Beauty,Lipstick Set,Returning,Online,5,27.52,0.0,15.75,137.6,0,Saturday,True
102027,2024-08-31,East,Electronics,Bluetooth Speaker,New,Online,1,58.45,0.1,37.26,52.6,0,Saturday,True
102028,2024-08-31,South,Beauty,Lipstick Set,New,Online,4,22.72,0.0,41.55,90.88,0,Saturday,True
102029,2024-08-31,North,Electronics,Smartphone Case,New,In-Store,5,16.09,0.0,49.66,80.45,0,Saturday,True
102030,2024-08-31,South,Apparel,T-Shirt,Returning,Online,4,17.72,0.0,38.64,70.88,0,Saturday,True
102031,2024-08-31,North,Apparel,Backpack,Returning,In-Store,3,54.1,0.0,35.97,162.3,0,Saturday,True
102032,2024-09-01,North,Apparel,Running Shoes,Loyalty,In-Store,5,78.16,0.0,2.01,390.8,0,Sunday,True
102033,2024-09-01,East,Electronics,Power Bank,New,Online,2,26.57,0.0,47.88,53.14,0,Sunday,True
102034,2024-09-01,North,Apparel,T-Shirt,Returning,Online,3,20.62,0.0,26.73,61.86,0,Sunday,True
102035,2024-09-01,West,Electronics,Smartphone Case,Returning,Online,2,16.63,0.15,23.4,28.27,0,Sunday,True
102036,2024-09-01,North,Beauty,Moisturizer,Returning,Online,1,23.27,0.1,16.95,20.94,0,Sunday,True
102037,2024-09-01,North,Electronics,Wireless Earbuds,New,In-Store,4,52.29,0.0,15.69,209.16,0,Sunday,True
102038,2024-09-01,East,Beauty,Moisturizer,Returning,In-Store,1,22.5,0.1,10.4,20.25,0,Sunday,True
102039,2024-09-01,South,Home & Kitchen,Air Fryer,Returning,Online,1,71.6,0.1,0.0,64.44,1,Sunday,True
102040,2024-09-01,West,Home & Kitchen,Air Fryer,Returning,Marketplace,3,84.63,0.0,16.88,253.89,0,Sunday,True
102041,2024-09-01,South,Apparel,Running Shoes,Returning,Marketplace,5,61.68,0.0,6.4,308.4,0,Sunday,True
102042,2024-09-01,North,Electronics,Bluetooth Speaker,New,Online,1,62.22,0.1,32.39,56.0,0,Sunday,True
102043,2024-09-01,East,Home & Kitchen,Blender,Loyalty,Online,4,37.52,0.1,29.45,135.07,0,Sunday,True
102044,2024-09-01,East,Electronics,Bluetooth Speaker,New,Online,3,53.23,0.1,26.23,143.72,0,Sunday,True
102045,2024-09-01,North,Electronics,Bluetooth Speaker,Returning,Online,5,68.1,0.0,34.81,340.5,0,Sunday,True
102046,2024-09-01,North,Home & Kitchen,Blender,New,Online,4,44.72,0.2,29.47,143.1,0,Sunday,True
102047,2024-09-01,North,Beauty,Moisturizer,Loyalty,Marketplace,4,25.85,0.0,42.85,103.4,0,Sunday,True
102048,2024-09-01,East,Apparel,Backpack,Loyalty,Online,1,49.81,0.1,0.0,44.83,1,Sunday,True
102049,2024-09-01,West,Electronics,Smartphone Case,New,In-Store,4,17.35,0.0,19.71,69.4,0,Sunday,True
102050,2024-09-02,East,Home & Kitchen,Blender,New,Online,5,42.43,0.0,38.24,212.15,0,Monday,False
102051,2024-09-02,North,Home & Kitchen,Vacuum Cleaner,Loyalty,Online,3,131.18,0.0,15.84,393.54,0,Monday,False
102052,2024-09-02,West,Home & Kitchen,Coffee Maker,New,In-Store,5,61.49,0.0,23.44,307.45,0,Monday,False
102053,2024-09-02,South,Beauty,Moisturizer,Loyalty,In-Store,3,19.17,0.0,40.52,57.51,0,Monday,False
102054,2024-09-02,East,Beauty,Face Serum,New,Online,2,30.24,0.0,38.15,60.48,0,Monday,False
102055,2024-09-02,North,Electronics,Smartphone Case,New,In-Store,4,17.07,0.0,19.84,68.28,0,Monday,False
102056,2024-09-03,East,Home & Kitchen,Coffee Maker,Loyalty,Marketplace,4,52.15,0.0,20.27,208.6,0,Tuesday,False
102057,2024-09-03,East,Electronics,Wireless Earbuds,Returning,Online,5,48.32,0.0,11.86,241.6,0,Tuesday,False
102058,2024-09-03,South,Apparel,Running Shoes,Returning,Marketplace,4,67.54,0.0,11.63,270.16,0,Tuesday,False
102059,2024-09-03,South,Electronics,Wireless Earbuds,New,Online,4,38.82,0.1,40.68,139.75,0,Tuesday,False
102060,2024-09-03,East,Electronics,Smartphone Case,Returning,Online,1,15.5,0.0,42.19,15.5,0,Tuesday,False
102061,2024-09-03,West,Apparel,Backpack,New,Online,1,57.07,0.0,30.79,57.07,0,Tuesday,False
102062,2024-09-03,South,Electronics,Wireless Earbuds,Returning,Online,5,40.54,0.0,18.09,202.7,0,Tuesday,False
102063,2024-09-03,West,Beauty,Shampoo,Returning,In-Store,4,14.62,0.1,32.19,52.63,0,Tuesday,False
102064,2024-09-03,North,Electronics,Power Bank,New,Marketplace,5,25.85,0.15,26.24,109.86,0,Tuesday,False
102066,2024-09-03,South,Apparel,T-Shirt,New,Online,2,18.86,0.0,24.01,37.72,0,Tuesday,False
102068,2024-09-04,North,Electronics,Smartphone Case,Returning,Online,4,16.47,0.0,0.45,65.88,0,Wednesday,False
102069,2024-09-04,South,Electronics,Power Bank,Returning,In-Store,5,19.75,0.0,38.71,98.75,0,Wednesday,False
102070,2024-09-04,East,Beauty,Moisturizer,Loyalty,Online,2,23.75,0.0,24.33,47.5,0,Wednesday,False
102071,2024-09-04,West,Apparel,T-Shirt,New,Online,2,24.59,0.15,15.19,41.8,0,Wednesday,False
102072,2024-09-04,East,Home & Kitchen,Vacuum Cleaner,New,In-Store,3,120.72,0.0,25.58,362.16,0,Wednesday,False
102073,2024-09-05,South,Home & Kitchen,Blender,Loyalty,Marketplace,5,39.0,0.2,38.84,156.0,0,Thursday,False
102074,2024-09-05,East,Home & Kitchen,Blender,Loyalty,In-Store,3,39.73,0.0,6.14,119.19,0,Thursday,False
102075,2024-09-05,South,Beauty,Shampoo,Loyalty,Marketplace,3,11.13,0.15,44.46,28.38,0,Thursday,False
102076,2024-09-05,South,Apparel,Jacket,New,In-Store,3,85.12,0.0,36.08,255.36,0,Thursday,False
102077,2024-09-05,East,Apparel,Running Shoes,New,Online,4,72.2,0.0,13.7,288.8,0,Thursday,False
102078,2024-09-06,North,Home & Kitchen,Coffee Maker,Returning,Online,4,56.89,0.0,17.99,227.56,0,Friday,False
102079,2024-09-06,West,Home & Kitchen,Vacuum Cleaner,Returning,Online,3,132.22,0.0,40.83,396.66,0,Friday,False
102080,2024-09-06,West,Home & Kitchen,Blender,Loyalty,In-Store,3,46.96,0.2,10.1,112.7,0,Friday,False
102081,2024-09-07,South,Electronics,Bluetooth Speaker,Returning,In-Store,5,53.66,0.1,0.51,241.47,0,Saturday,True
102082,2024-09-07,North,Electronics,Wireless Earbuds,New,Online,1,51.15,0.0,44.45,51.15,0,Saturday,True
102083,2024-09-07,South,Beauty,Shampoo,Loyalty,Online,2,10.9,0.1,46.35,19.62,0,Saturday,True
102084,2024-09-07,East,Beauty,Face Serum,Returning,Marketplace,5,29.44,0.0,2.93,147.2,0,Saturday,True
102086,2024-09-07,East,Home & Kitchen,Vacuum Cleaner,New,Online,1,113.22,0.15,9.27,96.24,0,Saturday,True
102087,2024-09-08,North,Electronics,Bluetooth Speaker,Returning,In-Store,4,63.04,0.15,4.08,214.34,0,Sunday,True
102088,2024-09-08,West,Apparel,Backpack,Loyalty,Online,2,53.52,0.0,37.17,107.04,0,Sunday,True
102089,2024-09-08,West,Beauty,Lipstick Set,New,Marketplace,3,28.57,0.0,19.46,85.71,0,Sunday,True
102090,2024-09-08,West,Beauty,Face Serum,Returning,Online,4,37.48,0.15,43.71,127.43,0,Sunday,True
102091,2024-09-08,West,Beauty,Lipstick Set,Loyalty,Online,2,29.79,0.0,36.52,59.58,0,Sunday,True
102092,2024-09-08,South,Apparel,T-Shirt,New,Online,5,17.85,0.0,4.27,89.25,0,Sunday,True
102093,2024-09-08,North,Home & Kitchen,Air Fryer,New,Online,1,87.58,0.0,22.19,87.58,0,Sunday,True
102094,2024-09-08,West,Home & Kitchen,Blender,Returning,In-Store,2,45.53,0.0,15.65,91.06,0,Sunday,True
102095,2024-09-08,East,Electronics,Wireless Earbuds,New,In-Store,1,44.75,0.0,0.8,44.75,0,Sunday,True
102096,2024-09-08,North,Beauty,Moisturizer,Returning,Online,5,24.63,0.15,1.55,104.68,0,Sunday,True
102097,2024-09-08,North,Beauty,Lipstick Set,Returning,Online,4,29.61,0.0,39.14,118.44,0,Sunday,True
102098,2024-09-08,North,Apparel,Backpack,New,Online,4,54.76,0.2,36.52,175.23,0,Sunday,True
102099,2024-09-09,South,Apparel,T-Shirt,Returning,Online,5,17.61,0.15,5.25,74.84,0,Monday,False
102100,2024-09-09,West,Home & Kitchen,Coffee Maker,New,Online,5,66.27,0.0,17.51,331.35,0,Monday,False
102101,2024-09-09,East,Electronics,Smartphone Case,New,Online,1,14.64,0.0,29.41,14.64,0,Monday,False
102102,2024-09-09,South,Apparel,Backpack,Returning,In-Store,4,48.4,0.0,5.58,193.6,0,Monday,False
102103,2024-09-09,North,Electronics,Bluetooth Speaker,New,Marketplace,5,65.85,0.0,32.75,329.25,0,Monday,False
102105,2024-09-10,East,Electronics,Bluetooth Speaker,Loyalty,Online,4,57.62,0.0,38.56,230.48,0,Tuesday,False
102106,2024-09-10,West,Home & Kitchen,Coffee Maker,Loyalty,Marketplace,3,61.23,0.0,47.11,183.69,0,Tuesday,False
102107,2024-09-10,South,Apparel,T-Shirt,New,In-Store,2,18.25,0.2,6.48,29.2,0,Tuesday,False
102108,2024-09-10,West,Apparel,Backpack,New,Marketplace,2,60.53,0.0,7.05,121.06,0,Tuesday,False
102109,2024-09-10,East,Beauty,Shampoo,Returning,Online,5,11.8,0.0,45.94,59.0,0,Tuesday,False
102110,2024-09-10,South,Electronics,Bluetooth Speaker,Returning,Online,3,51.54,0.0,45.8,154.62,0,Tuesday,False
102111,2024-09-11,West,Apparel,Backpack,Returning,Online,5,55.15,0.0,42.49,275.75,0,Wednesday,False
102112,2024-09-11,North,Electronics,Bluetooth Speaker,New,Online,3,69.42,0.1,4.24,187.43,0,Wednesday,False
102114,2024-09-11,East,Beauty,Face Serum,New,Online,5,29.31,0.0,8.18,146.55,0,Wednesday,False
102115,2024-09-11,East,Beauty,Face Serum,New,Online,4,33.63,0.0,25.41,134.52,0,Wednesday,False
102116,2024-09-11,South,Electronics,Power Bank,Returning,Marketplace,3,23.34,0.0,2.49,70.02,0,Wednesday,False
102117,2024-09-11,East,Electronics,Power Bank,New,Marketplace,5,26.6,0.0,9.01,133.0,0,Wednesday,False
102118,2024-09-11,South,Apparel,Backpack,New,Online,5,47.1,0.2,1.97,188.4,0,Wednesday,False
102119,2024-09-11,East,Electronics,Wireless Earbuds,New,Online,4,42.66,0.0,42.16,170.64,0,Wednesday,False
102120,2024-09-12,North,Home & Kitchen,Vacuum Cleaner,New,Online,2,127.94,0.15,24.35,217.5,0,Thursday,False
102121,2024-09-12,South,Home & Kitchen,Vacuum Cleaner,Returning,In-Store,3,109.49,0.0,49.56,328.47,0,Thursday,False
102122,2024-09-12,South,Home & Kitchen,Coffee Maker,Loyalty,Online,2,48.39,0.0,3.43,96.78,0,Thursday,False
102123,2024-09-12,West,Electronics,Smartphone Case,New,Online,4,17.76,0.0,0.0,71.04,1,Thursday,False
102124,2024-09-13,South,Home & Kitchen,Coffee Maker,Loyalty,In-Store,3,48.18,0.1,27.34,130.09,0,Friday,False
102125,2024-09-13,South,Home & Kitchen,Air Fryer,Returning,Online,4,77.33,0.0,1.64,309.32,0,Friday,False
102126,2024-09-13,North,Electronics,Smartphone Case,Loyalty,In-Store,1,16.22,0.0,14.88,16.22,0,Friday,False
102127,2024-09-13,East,Beauty,Face Serum,Returning,Marketplace,1,28.41,0.0,13.79,28.41,0,Friday,False
102128,2024-09-13,North,Electronics,Wireless Earbuds,Loyalty,Marketplace,4,46.09,0.0,49.08,184.36,0,Friday,False
102130,2024-09-13,North,Electronics,Bluetooth Speaker,Loyalty,Online,3,64.93,0.0,32.12,194.79,0,Friday,False
102131,2024-09-14,North,Apparel,Backpack,Returning,Online,3,54.27,0.0,47.49,162.81,0,Saturday,True
102132,2024-09-14,North,Beauty,Shampoo,Returning,Online,5,12.98,0.0,22.23,64.9,0,Saturday,True
102133,2024-09-14,South,Apparel,Jacket,Loyalty,Online,2,88.21,0.0,37.65,176.42,0,Saturday,True
102134,2024-09-14,East,Electronics,Bluetooth Speaker,Returning,Online,3,54.83,0.0,48.97,164.49,0,Saturday,True
102135,2024-09-14,North,Apparel,T-Shirt,Returning,Online,4,22.34,0.0,43.27,89.36,0,Saturday,True
102136,2024-09-14,North,Apparel,Backpack,Returning,Marketplace,3,56.62,0.0,37.3,169.86,0,Saturday,True
102137,2024-09-14,East,Home & Kitchen,Coffee Maker,Returning,Online,1,54.72,0.0,44.87,54.72,0,Saturday,True
102138,2024-09-14,South,Electronics,Bluetooth Speaker,New,Online,1,51.73,0.0,24.73,51.73,0,Saturday,True
102139,2024-09-14,North,Apparel,Backpack,New,Online,2,53.59,0.15,1.62,91.1,0,Saturday,True
102140,2024-09-14,West,Apparel,Jacket,New,Marketplace,3,100.22,0.0,1.3,300.66,0,Saturday,True
102141,2024-09-15,East,Electronics,Bluetooth Speaker,Returning,In-Store,1,62.0,0.0,35.81,62.0,0,Sunday,True
102142,2024-09-15,South,Apparel,T-Shirt,New,Online,3,17.77,0.2,8.67,42.65,0,Sunday,True
102143,2024-09-15,North,Beauty,Face Serum,Loyalty,Online,2,31.38,0.0,11.7,62.76,0,Sunday,True
102144,2024-09-15,North,Electronics,Power Bank,New,Online,5,24.62,0.0,14.32,123.1,0,Sunday,True
102145,2024-09-15,West,Apparel,Jacket,New,In-Store,1,96.16,0.1,31.75,86.54,0,Sunday,True
102146,2024-09-15,North,Apparel,Running Shoes,Returning,In-Store,2,76.99,0.0,4.16,153.98,0,Sunday,True
102147,2024-09-15,East,Apparel,Running Shoes,New,In-Store,1,65.5,0.2,12.97,52.4,0,Sunday,True
102148,2024-09-15,East,Beauty,Lipstick Set,New,Online,3,27.09,0.2,39.17,65.02,0,Sunday,True
102149,2024-09-15,East,Electronics,Smartphone Case,Loyalty,Online,2,14.66,0.15,28.31,24.92,0,Sunday,True
102151,2024-09-15,North,Electronics,Power Bank,Returning,Marketplace,1,27.08,0.2,25.49,21.66,0,Sunday,True
102152,2024-09-15,East,Electronics,Power Bank,Returning,Marketplace,5,26.44,0.2,20.43,105.76,0,Sunday,True
102153,2024-09-16,North,Electronics,Power Bank,Loyalty,Online,2,25.27,0.0,42.61,50.54,0,Monday,False
102154,2024-09-16,East,Home & Kitchen,Vacuum Cleaner,New,Online,1,116.65,0.0,7.23,116.65,0,Monday,False
102155,2024-09-16,South,Apparel,Jacket,Returning,Online,1,83.54,0.0,14.33,83.54,0,Monday,False
102156,2024-09-16,East,Beauty,Shampoo,New,Marketplace,4,12.06,0.0,15.99,48.24,0,Monday,False
102157,2024-09-16,West,Apparel,T-Shirt,Loyalty,Marketplace,1,23.24,0.0,39.29,23.24,0,Monday,False
102158,2024-09-16,East,Home & Kitchen,Vacuum Cleaner,New,In-Store,2,112.52,0.0,23.94,225.04,0,Monday,False
102159,2024-09-16,North,Beauty,Lipstick Set,Returning,Marketplace,4,28.5,0.0,2.67,114.0,0,Monday,False
102160,2024-09-16,South,Electronics,Bluetooth Speaker,Returning,Online,3,53.97,0.0,6.54,161.91,0,Monday,False
102161,2024-09-16,North,Beauty,Shampoo,Loyalty,In-Store,1,13.58,0.0,18.45,13.58,0,Monday,False
102162,2024-09-17,East,Electronics,Bluetooth Speaker,Returning,In-Store,2,57.89,0.0,46.41,115.78,0,Tuesday,False
102163,2024-09-17,South,Apparel,Backpack,New,Online,2,43.33,0.0,19.62,86.66,0,Tuesday,False
102164,2024-09-17,East,Beauty,Lipstick Set,New,Online,4,25.12,0.0,34.1,100.48,0,Tuesday,False
102165,2024-09-17,East,Beauty,Moisturizer,Loyalty,In-Store,5,21.8,0.0,20.04,109.0,0,Tuesday,False
102166,2024-09-17,South,Apparel,T-Shirt,Loyalty,Online,4,19.59,0.1,36.43,70.52,0,Tuesday,False
102167,2024-09-17,West,Home & Kitchen,Blender,New,In-Store,5,40.99,0.0,49.83,204.95,0,Tuesday,False
102168,2024-09-17,North,Home & Kitchen,Air Fryer,Loyalty,Online,4,92.83,0.0,28.03,371.32,0,Tuesday,False
102169,2024-09-17,West,Beauty,Face Serum,New,Online,2,35.47,0.0,32.83,70.94,0,Tuesday,False
102170,2024-09-18,West,Beauty,Lipstick Set,Loyalty,In-Store,1,30.41,0.1,0.48,27.37,0,Wednesday,False
102171,2024-09-18,North,Electronics,Smartphone Case,Loyalty,In-Store,4,17.45,0.0,10.08,69.8,0,Wednesday,False
102172,2024-09-18,North,Beauty,Face Serum,Returning,In-Store,5,35.36,0.0,17.2,176.8,0,Wednesday,False
102173,2024-09-18,West,Beauty,Moisturizer,Returning,Online,3,25.62,0.0,5.51,76.86,0,Wednesday,False
102174,2024-09-18,South,Home & Kitchen,Blender,New,Online,2,36.81,0.0,44.28,73.62,0,Wednesday,False
102175,2024-09-19,East,Apparel,Running Shoes,New,Online,2,65.66,0.1,23.97,118.19,0,Thursday,False
102176,2024-09-19,North,Apparel,Backpack,Returning,In-Store,5,56.16,0.1,22.74,252.72,0,Thursday,False
102177,2024-09-19,East,Home & Kitchen,Blender,Returning,Online,1,39.97,0.0,35.95,39.97,0,Thursday,False
102178,2024-09-19,South,Home & Kitchen,Coffee Maker,Returning,Online,3,51.01,0.0,16.67,153.03,0,Thursday,False
102179,2024-09-19,East,Home & Kitchen,Vacuum Cleaner,Loyalty,In-Store,3,114.75,0.0,23.68,344.25,0,Thursday,False
102180,2024-09-19,West,Home & Kitchen,Air Fryer,Returning,In-Store,3,92.37,0.0,33.64,277.11,0,Thursday,False
102181,2024-09-19,West,Beauty,Moisturizer,New,Online,3,27.97,0.0,1.04,83.91,0,Thursday,False
102182,2024-09-19,South,Beauty,Moisturizer,New,In-Store,4,18.39,0.0,22.85,73.56,0,Thursday,False
102183,2024-09-20,South,Electronics,Bluetooth Speaker,New,Marketplace,3,52.88,0.0,12.21,158.64,0,Friday,False
102184,2024-09-20,West,Electronics,Smartphone Case,Returning,In-Store,1,17.08,0.1,21.51,15.37,0,Friday,False
102185,2024-09-20,East,Beauty,Lipstick Set,New,Marketplace,5,26.08,0.0,34.23,130.4,0,Friday,False
102186,2024-09-20,South,Apparel,Running Shoes,Loyalty,Online,4,58.73,0.1,24.47,211.43,0,Friday,False
102187,2024-09-20,West,Home & Kitchen,Vacuum Cleaner,New,In-Store,2,127.95,0.15,33.69,217.52,0,Friday,False
102188,2024-09-20,East,Home & Kitchen,Blender,New,Online,2,39.05,0.0,46.16,78.1,0,Friday,False
102189,2024-09-20,North,Home & Kitchen,Coffee Maker,Returning,Online,3,62.58,0.2,47.23,150.19,0,Friday,False
102190,2024-09-20,North,Electronics,Wireless Earbuds,Loyalty,Online,1,52.86,0.0,30.03,52.86,0,Friday,False
102191,2024-09-20,East,Apparel,Running Shoes,New,In-Store,5,73.72,0.0,9.09,368.6,0,Friday,False
102192,2024-09-20,East,Apparel,Backpack,Returning,In-Store,4,49.77,0.0,20.09,199.08,0,Friday,False
102193,2024-09-20,North,Apparel,T-Shirt,Loyalty,Marketplace,5,20.85,0.0,34.31,104.25,0,Friday,False
102194,2024-09-20,South,Beauty,Lipstick Set,Loyalty,Online,2,23.31,0.0,23.39,46.62,0,Friday,False
102195,2024-09-21,South,Apparel,T-Shirt,Returning,In-Store,5,19.04,0.0,8.16,95.2,0,Saturday,True
102196,2024-09-21,South,Beauty,Moisturizer,Returning,Marketplace,4,19.16,0.0,29.29,76.64,0,Saturday,True
102197,2024-09-21,South,Beauty,Moisturizer,New,Online,5,19.53,0.0,48.76,97.65,0,Saturday,True
102198,2024-09-21,West,Apparel,Running Shoes,New,Online,2,77.82,0.15,46.35,132.29,0,Saturday,True
102199,2024-09-21,North,Electronics,Wireless Earbuds,Returning,Online,2,52.7,0.0,16.23,105.4,0,Saturday,True
102200,2024-09-21,East,Electronics,Wireless Earbuds,Returning,Online,3,49.82,0.0,3.61,149.46,0,Saturday,True
102201,2024-09-21,West,Apparel,Jacket,New,Online,1,110.95,0.0,29.82,110.95,0,Saturday,True
102202,2024-09-21,East,Electronics,Bluetooth Speaker,New,In-Store,5,61.32,0.0,24.31,306.6,0,Saturday,True
102203,2024-09-21,East,Electronics,Wireless Earbuds,Returning,In-Store,1,44.65,0.0,49.25,44.65,0,Saturday,True
102204,2024-09-21,North,Electronics,Smartphone Case,Returning,Online,3,15.9,0.0,0.05,47.7,0,Saturday,True
102206,2024-09-22,North,Beauty,Lipstick Set,Loyalty,Online,3,27.42,0.0,31.26,82.26,0,Sunday,True
102207,2024-09-22,East,Apparel,Running Shoes,Returning,In-Store,4,69.54,0.0,2.21,278.16,0,Sunday,True
102208,2024-09-22,North,Home & Kitchen,Coffee Maker,New,Online,2,58.63,0.0,10.16,117.26,0,Sunday,True
102209,2024-09-22,North,Electronics,Bluetooth Speaker,Returning,In-Store,4,66.38,0.0,36.68,265.52,0,Sunday,True
102210,2024-09-22,West,Apparel,Running Shoes,Loyalty,In-Store,2,77.85,0.0,42.04,155.7,0,Sunday,True
102211,2024-09-22,South,Apparel,Jacket,Loyalty,In-Store,3,82.41,0.0,8.63,247.23,0,Sunday,True
102212,2024-09-22,North,Apparel,Running Shoes,Returning,Online,1,80.11,0.0,41.28,80.11,0,Sunday,True
102213,2024-09-22,South,Home & Kitchen,Blender,Loyalty,Online,3,36.01,0.0,4.92,108.03,0,Sunday,True
102214,2024-09-22,North,Electronics,Bluetooth Speaker,New,In-Store,5,68.31,0.0,7.24,341.55,0,Sunday,True
102215,2024-09-23,North,Apparel,Backpack,New,Online,4,50.87,0.0,43.57,203.48,0,Monday,False
102216,2024-09-23,West,Beauty,Moisturizer,New,In-Store,2,25.48,0.2,13.1,40.77,0,Monday,False
102217,2024-09-23,West,Home & Kitchen,Air Fryer,New,In-Store,1,88.98,0.0,0.0,88.98,1,Monday,False
102218,2024-09-23,West,Beauty,Shampoo,Returning,Online,2,12.65,0.2,16.78,20.24,0,Monday,False
102219,2024-09-23,North,Beauty,Moisturizer,New,In-Store,4,24.87,0.0,23.18,99.48,0,Monday,False
102220,2024-09-23,South,Apparel,Jacket,Returning,In-Store,1,82.68,0.0,41.91,82.68,0,Monday,False
102221,2024-09-23,West,Apparel,T-Shirt,Returning,Online,4,24.5,0.0,4.32,98.0,0,Monday,False
102222,2024-09-23,East,Electronics,Power Bank,Returning,In-Store,3,26.0,0.0,8.43,78.0,0,Monday,False
102223,2024-09-23,South,Beauty,Moisturizer,Loyalty,Online,4,19.37,0.0,44.5,77.48,0,Monday,False
102224,2024-09-24,South,Electronics,Wireless Earbuds,Loyalty,Online,3,39.24,0.2,37.25,94.18,0,Tuesday,False
102225,2024-09-24,West,Apparel,Backpack,New,Online,1,57.59,0.0,31.55,57.59,0,Tuesday,False
102226,2024-09-24,East,Electronics,Smartphone Case,Returning,Online,3,14.15,0.15,37.09,36.08,0,Tuesday,False
102227,2024-09-24,West,Home & Kitchen,Air Fryer,New,Online,2,86.07,0.0,33.65,172.14,0,Tuesday,False
102228,2024-09-24,South,Home & Kitchen,Coffee Maker,New,Online,1,51.28,0.0,15.12,51.28,0,Tuesday,False
102229,2024-09-24,East,Electronics,Bluetooth Speaker,Returning,In-Store,3,56.52,0.0,25.17,169.56,0,Tuesday,False
102230,2024-09-24,North,Electronics,Wireless Earbuds,Loyalty,Online,1,48.36,0.0,44.54,48.36,0,Tuesday,False
102231,2024-09-24,South,Apparel,T-Shirt,Returning,In-Store,3,18.73,0.0,37.2,56.19,0,Tuesday,False
102233,2024-09-24,West,Beauty,Face Serum,Returning,In-Store,4,34.85,0.0,21.0,139.4,0,Tuesday,False
102234,2024-09-24,North,Beauty,Shampoo,Returning,In-Store,4,13.64,0.0,29.98,54.56,0,Tuesday,False
102235,2024-09-25,South,Apparel,Backpack,Loyalty,Marketplace,4,42.5,0.0,31.58,170.0,0,Wednesday,False
102236,2024-09-25,East,Apparel,Running Shoes,Returning,Marketplace,5,69.73,0.0,33.91,348.65,0,Wednesday,False
102237,2024-09-25,West,Electronics,Bluetooth Speaker,Returning,Marketplace,3,76.87,0.0,0.0,230.61,1,Wednesday,False
102238,2024-09-25,East,Home & Kitchen,Coffee Maker,New,Online,3,47.81,0.15,6.67,121.92,0,Wednesday,False
102239,2024-09-25,West,Beauty,Face Serum,Returning,Online,1,34.45,0.0,33.42,34.45,0,Wednesday,False
102240,2024-09-25,South,Apparel,T-Shirt,Loyalty,Online,1,18.04,0.2,49.19,14.43,0,Wednesday,False
102241,2024-09-26,West,Electronics,Wireless Earbuds,New,Online,3,54.11,0.0,12.99,162.33,0,Thursday,False
102242,2024-09-26,North,Apparel,Running Shoes,Returning,Online,2,80.41,0.0,26.28,160.82,0,Thursday,False
102243,2024-09-26,East,Electronics,Smartphone Case,Returning,Online,2,13.99,0.2,3.6,22.38,0,Thursday,False
102244,2024-09-26,North,Home & Kitchen,Coffee Maker,New,Online,3,60.8,0.0,20.77,182.4,0,Thursday,False
102245,2024-09-26,West,Electronics,Smartphone Case,Loyalty,Online,2,18.02,0.0,35.43,36.04,0,Thursday,False
102247,2024-09-26,East,Apparel,Running Shoes,New,Online,4,68.27,0.0,43.39,273.08,0,Thursday,False
102248,2024-09-26,North,Electronics,Bluetooth Speaker,Returning,In-Store,3,63.6,0.1,18.32,171.72,0,Thursday,False
102249,2024-09-26,East,Apparel,Running Shoes,Returning,Marketplace,4,65.73,0.0,45.88,262.92,0,Thursday,False
102250,2024-09-27,North,Electronics,Bluetooth Speaker,Loyalty,Online,2,62.55,0.1,46.89,112.59,0,Friday,False
102251,2024-09-27,East,Beauty,Face Serum,New,Online,3,28.5,0.0,0.17,85.5,0,Friday,False
102252,2024-09-27,West,Beauty,Moisturizer,New,In-Store,1,27.91,0.0,47.41,27.91,0,Friday,False
102253,2024-09-27,East,Apparel,Running Shoes,Loyalty,Marketplace,1,66.26,0.15,31.4,56.32,0,Friday,False
102254,2024-09-27,West,Apparel,T-Shirt,New,Online,5,21.92,0.1,29.67,98.64,0,Friday,False
102255,2024-09-27,West,Home & Kitchen,Vacuum Cleaner,New,Online,3,126.34,0.0,30.35,379.02,0,Friday,False
102256,2024-09-27,South,Electronics,Wireless Earbuds,Returning,Marketplace,1,41.44,0.15,12.81,35.22,0,Friday,False
102257,2024-09-28,East,Apparel,Jacket,Returning,Marketplace,1,88.38,0.0,0.0,88.38,1,Saturday,True
102258,2024-09-28,South,Beauty,Shampoo,New,Marketplace,5,10.94,0.0,49.52,54.7,0,Saturday,True
102259,2024-09-28,South,Electronics,Power Bank,Returning,Online,4,23.43,0.15,17.96,79.66,0,Saturday,True
102260,2024-09-28,North,Home & Kitchen,Air Fryer,Returning,Online,3,82.25,0.0,34.91,246.75,0,Saturday,True
102261,2024-09-28,South,Electronics,Wireless Earbuds,Returning,Online,1,44.17,0.0,10.92,44.17,0,Saturday,True
102262,2024-09-28,East,Apparel,Running Shoes,New,Marketplace,1,73.7,0.0,28.19,73.7,0,Saturday,True
102263,2024-09-28,North,Beauty,Shampoo,Loyalty,Online,2,12.84,0.0,5.64,25.68,0,Saturday,True
102264,2024-09-28,West,Apparel,Running Shoes,New,Online,1,83.25,0.15,23.02,70.76,0,Saturday,True
102265,2024-09-28,West,Home & Kitchen,Coffee Maker,New,Marketplace,3,63.76,0.15,39.08,162.59,0,Saturday,True
102266,2024-09-28,North,Apparel,Jacket,Loyalty,Online,4,97.25,0.0,13.61,389.0,0,Saturday,True
102267,2024-09-29,East,Home & Kitchen,Air Fryer,Returning,Online,4,76.6,0.0,14.76,306.4,0,Sunday,True
102268,2024-09-29,South,Electronics,Bluetooth Speaker,New,Marketplace,4,52.75,0.0,36.52,211.0,0,Sunday,True
102270,2024-09-29,South,Electronics,Smartphone Case,New,Marketplace,2,12.84,0.0,32.98,25.68,0,Sunday,True
102271,2024-09-29,South,Electronics,Power Bank,New,In-Store,3,22.67,0.0,39.7,68.01,0,Sunday,True
102272,2024-09-29,West,Apparel,Jacket,New,Online,2,109.29,0.15,26.8,185.79,0,Sunday,True
102273,2024-09-29,South,Electronics,Smartphone Case,New,Online,1,15.0,0.0,32.65,15.0,0,Sunday,True
102274,2024-09-29,South,Apparel,T-Shirt,Returning,Online,4,17.7,0.0,9.58,70.8,0,Sunday,True
102275,2024-09-29,North,Beauty,Shampoo,Returning,Online,1,13.42,0.0,11.96,13.42,0,Sunday,True
102277,2024-09-30,North,Beauty,Moisturizer,New,Online,2,25.58,0.0,6.78,51.16,0,Monday,False
102278,2024-09-30,South,Home & Kitchen,Air Fryer,New,Online,2,75.15,0.1,14.28,135.27,0,Monday,False
102279,2024-09-30,East,Beauty,Face Serum,Returning,Online,4,32.7,0.0,5.03,130.8,0,Monday,False
102281,2024-09-30,South,Home & Kitchen,Vacuum Cleaner,Returning,Marketplace,1,111.54,0.0,24.3,111.54,0,Monday,False
102282,2024-09-30,South,Beauty,Shampoo,Returning,Online,4,10.41,0.0,49.72,41.64,0,Monday,False
102283,2024-10-01,West,Electronics,Power Bank,Loyalty,Online,5,27.95,0.0,17.74,139.75,0,Tuesday,False
102284,2024-10-01,East,Beauty,Shampoo,New,Online,4,12.86,0.15,14.45,43.72,0,Tuesday,False
102285,2024-10-01,South,Electronics,Wireless Earbuds,New,In-Store,2,42.3,0.1,1.71,76.14,0,Tuesday,False
102286,2024-10-01,West,Beauty,Shampoo,Returning,Online,2,13.3,0.0,17.66,26.6,0,Tuesday,False
102287,2024-10-01,West,Apparel,Running Shoes,New,Online,2,78.16,0.0,45.28,156.32,0,Tuesday,False
102288,2024-10-01,South,Beauty,Face Serum,Returning,Online,4,25.92,0.0,29.81,103.68,0,Tuesday,False
102289,2024-10-01,West,Apparel,T-Shirt,Returning,In-Store,1,23.58,0.0,0.0,23.58,1,Tuesday,False
102290,2024-10-01,North,Apparel,Running Shoes,Returning,Online,3,75.76,0.0,43.02,227.28,0,Tuesday,False
102291,2024-10-01,South,Apparel,Jacket,Loyalty,Online,2,84.24,0.1,23.45,151.63,0,Tuesday,False
102292,2024-10-01,East,Electronics,Wireless Earbuds,Returning,Online,1,45.15,0.0,19.65,45.15,0,Tuesday,False
102293,2024-10-01,East,Beauty,Face Serum,New,Marketplace,5,29.96,0.0,25.03,149.8,0,Tuesday,False
102295,2024-10-02,South,Apparel,Jacket,New,In-Store,5,77.59,0.0,42.23,387.95,0,Wednesday,False
102296,2024-10-02,East,Apparel,T-Shirt,New,Marketplace,2,21.04,0.1,2.9,37.87,0,Wednesday,False
102298,2024-10-02,East,Home & Kitchen,Coffee Maker,Returning,Marketplace,1,56.85,0.1,6.93,51.16,0,Wednesday,False
102299,2024-10-02,South,Electronics,Wireless Earbuds,New,In-Store,4,38.69,0.0,6.94,154.76,0,Wednesday,False
102300,2024-10-03,East,Beauty,Moisturizer,New,Online,3,21.46,0.0,20.04,64.38,0,Thursday,False
102301,2024-10-03,South,Home & Kitchen,Blender,New,Online,5,35.82,0.1,31.6,161.19,0,Thursday,False
102302,2024-10-03,North,Beauty,Moisturizer,Returning,In-Store,4,22.44,0.0,49.04,89.76,0,Thursday,False
102303,2024-10-03,East,Beauty,Lipstick Set,New,Online,5,23.99,0.0,48.3,119.95,0,Thursday,False
102305,2024-10-03,North,Electronics,Bluetooth Speaker,Loyalty,Online,5,56.91,0.0,47.88,284.55,0,Thursday,False
102306,2024-10-03,North,Apparel,Running Shoes,Loyalty,In-Store,2,72.01,0.1,27.77,129.62,0,Thursday,False
102307,2024-10-03,North,Apparel,Backpack,New,In-Store,1,55.48,0.0,14.58,55.48,0,Thursday,False
102308,2024-10-03,South,Home & Kitchen,Coffee Maker,Returning,In-Store,3,47.13,0.0,23.54,141.39,0,Thursday,False
102309,2024-10-04,South,Beauty,Lipstick Set,New,Online,1,21.85,0.0,23.82,21.85,0,Friday,False
102310,2024-10-04,East,Electronics,Power Bank,New,Online,2,24.08,0.0,46.86,48.16,0,Friday,False
102311,2024-10-04,West,Apparel,Jacket,New,In-Store,1,92.51,0.1,0.97,83.26,0,Friday,False
102312,2024-10-04,South,Apparel,Running Shoes,New,Marketplace,4,64.02,0.0,33.99,256.08,0,Friday,False
102313,2024-10-04,South,Apparel,T-Shirt,Loyalty,In-Store,5,16.93,0.0,44.52,84.65,0,Friday,False
102314,2024-10-04,North,Home & Kitchen,Coffee Maker,Returning,Online,4,59.51,0.1,22.54,214.24,0,Friday,False
102315,2024-10-04,East,Home & Kitchen,Coffee Maker,New,Online,5,60.98,0.0,4.22,304.9,0,Friday,False
102316,2024-10-04,East,Apparel,Backpack,New,Online,4,50.09,0.0,15.13,200.36,0,Friday,False
102317,2024-10-04,West,Electronics,Bluetooth Speaker,Returning,Marketplace,1,72.86,0.0,30.43,72.86,0,Friday,False
102318,2024-10-04,South,Home & Kitchen,Blender,Returning,Marketplace,5,36.69,0.0,10.15,183.45,0,Friday,False
102319,2024-10-04,West,Beauty,Shampoo,Returning,Marketplace,4,12.42,0.0,7.25,49.68,0,Friday,False
102320,2024-10-05,East,Home & Kitchen,Air Fryer,Loyalty,Online,1,82.98,0.0,38.03,82.98,0,Saturday,True
102321,2024-10-05,West,Beauty,Face Serum,Returning,Online,5,34.29,0.15,44.83,145.73,0,Saturday,True
102322,2024-10-05,West,Apparel,T-Shirt,Returning,In-Store,4,22.79,0.0,0.0,91.16,1,Saturday,True
102323,2024-10-05,South,Beauty,Face Serum,New,Online,1,27.05,0.15,2.01,22.99,0,Saturday,True
102324,2024-10-05,West,Electronics,Power Bank,Loyalty,Online,4,28.26,0.0,40.95,113.04,0,Saturday,True
102325,2024-10-05,West,Beauty,Shampoo,Loyalty,Online,1,13.72,0.15,39.23,11.66,0,Saturday,True
102326,2024-10-05,East,Apparel,Backpack,New,In-Store,3,47.58,0.0,37.51,142.74,0,Saturday,True
102327,2024-10-05,South,Electronics,Wireless Earbuds,Returning,Marketplace,5,40.54,0.15,0.0,172.3,1,Saturday,True
102328,2024-10-05,North,Beauty,Lipstick Set,Loyalty,Marketplace,1,28.67,0.0,31.69,28.67,0,Saturday,True
102329,2024-10-05,East,Home & Kitchen,Vacuum Cleaner,New,Online,1,111.47,0.0,49.16,111.47,0,Saturday,True
102330,2024-10-05,West,Electronics,Bluetooth Speaker,Loyalty,In-Store,2,66.6,0.2,49.41,106.56,0,Saturday,True
102331,2024-10-05,East,Electronics,Bluetooth Speaker,Returning,Marketplace,1,57.18,0.0,19.85,57.18,0,Saturday,True
102332,2024-10-06,North,Beauty,Shampoo,New,Marketplace,2,13.14,0.1,7.68,23.65,0,Sunday,True
102333,2024-10-06,North,Apparel,T-Shirt,New,Marketplace,4,22.96,0.0,36.16,91.84,0,Sunday,True
102334,2024-10-06,East,Home & Kitchen,Air Fryer,Returning,Online,4,83.1,0.0,30.14,332.4,0,Sunday,True
102335,2024-10-06,East,Home & Kitchen,Coffee Maker,Returning,Online,5,58.91,0.0,41.18,294.55,0,Sunday,True
102336,2024-10-06,South,Electronics,Bluetooth Speaker,Returning,In-Store,4,54.47,0.0,45.09,217.88,0,Sunday,True
102337,2024-10-07,South,Electronics,Smartphone Case,Returning,Marketplace,5,13.42,0.0,35.66,67.1,0,Monday,False
102338,2024-10-07,South,Apparel,Jacket,Loyalty,Marketplace,3,85.19,0.0,13.37,255.57,0,Monday,False
102339,2024-10-07,East,Beauty,Face Serum,Returning,In-Store,4,29.34,0.0,5.65,117.36,0,Monday,False
102340,2024-10-07,West,Electronics,Bluetooth Speaker,Returning,Marketplace,3,70.26,0.0,37.66,210.78,0,Monday,False
102341,2024-10-07,West,Home & Kitchen,Coffee Maker,Returning,Online,2,64.9,0.15,28.63,110.33,0,Monday,False
102342,2024-10-07,South,Beauty,Lipstick Set,New,Online,1,20.5,0.0,29.93,20.5,0,Monday,False
102343,2024-10-07,East,Beauty,Moisturizer,New,Online,1,21.74,0.0,0.6,21.74,0,Monday,False
102344,2024-10-07,West,Electronics,Power Bank,Returning,In-Store,5,29.83,0.0,21.84,149.15,0,Monday,False
102345,2024-10-08,North,Beauty,Lipstick Set,Loyalty,Online,3,25.81,0.0,10.47,77.43,0,Tuesday,False
102346,2024-10-08,East,Home & Kitchen,Vacuum Cleaner,Returning,Marketplace,2,115.86,0.0,33.18,231.72,0,Tuesday,False
102347,2024-10-08,South,Beauty,Shampoo,Returning,Marketplace,1,10.87,0.0,0.67,10.87,0,Tuesday,False
102348,2024-10-08,West,Beauty,Face Serum,New,Online,5,35.93,0.0,11.72,179.65,0,Tuesday,False
102349,2024-10-08,South,Apparel,Running Shoes,Loyalty,Marketplace,5,58.48,0.0,13.7,292.4,0,Tuesday,False
102350,2024-10-08,North,Apparel,T-Shirt,Loyalty,Online,3,23.48,0.0,48.61,70.44,0,Tuesday,False
102351,2024-10-08,East,Beauty,Lipstick Set,New,In-Store,4,26.23,0.0,7.92,104.92,0,Tuesday,False
102352,2024-10-08,North,Home & Kitchen,Blender,Returning,In-Store,3,39.4,0.0,2.18,118.2,0,Tuesday,False
102353,2024-10-08,North,Beauty,Face Serum,Loyalty,In-Store,2,32.95,0.0,49.84,65.9,0,Tuesday,False
102354,2024-10-08,North,Home & Kitchen,Vacuum Cleaner,New,In-Store,1,122.03,0.0,10.78,122.03,0,Tuesday,False
102356,2024-10-09,West,Apparel,Running Shoes,Returning,Marketplace,1,83.76,0.0,1.08,83.76,0,Wednesday,False
102357,2024-10-09,East,Home & Kitchen,Air Fryer,Returning,Online,1,83.75,0.0,0.0,83.75,1,Wednesday,False
102358,2024-10-09,East,Apparel,Backpack,New,Online,5,51.09,0.0,34.13,255.45,0,Wednesday,False
102359,2024-10-09,West,Apparel,Backpack,Loyalty,Online,4,61.0,0.15,33.92,207.4,0,Wednesday,False
102360,2024-10-09,North,Beauty,Face Serum,Returning,Online,5,30.88,0.0,2.96,154.4,0,Wednesday,False
102361,2024-10-09,East,Beauty,Shampoo,Loyalty,Online,5,12.65,0.0,15.26,63.25,0,Wednesday,False
102362,2024-10-09,South,Electronics,Smartphone Case,New,Online,3,13.94,0.15,9.04,35.55,0,Wednesday,False
102364,2024-10-09,North,Electronics,Bluetooth Speaker,New,In-Store,4,73.64,0.0,25.25,294.56,0,Wednesday,False
102365,2024-10-09,North,Electronics,Bluetooth Speaker,Returning,Online,4,65.27,0.0,9.37,261.08,0,Wednesday,False
102366,2024-10-09,East,Electronics,Wireless Earbuds,Returning,Online,5,46.86,0.0,0.51,234.3,0,Wednesday,False
102367,2024-10-09,East,Apparel,T-Shirt,Returning,In-Store,4,19.36,0.15,0.64,65.82,0,Wednesday,False
102368,2024-10-09,South,Apparel,T-Shirt,New,Online,5,17.44,0.0,20.72,87.2,0,Wednesday,False
102369,2024-10-09,South,Apparel,T-Shirt,Returning,Marketplace,1,18.76,0.1,5.06,16.88,0,Wednesday,False
102370,2024-10-09,East,Electronics,Power Bank,New,Marketplace,4,24.97,0.1,35.32,89.89,0,Wednesday,False
102372,2024-10-10,North,Electronics,Smartphone Case,New,Online,5,15.37,0.0,27.61,76.85,0,Thursday,False
102373,2024-10-10,East,Electronics,Wireless Earbuds,Returning,Marketplace,4,45.33,0.0,44.35,181.32,0,Thursday,False
102374,2024-10-10,South,Home & Kitchen,Air Fryer,Returning,In-Store,5,69.65,0.15,27.88,296.01,0,Thursday,False
102375,2024-10-10,South,Home & Kitchen,Vacuum Cleaner,New,Online,1,107.25,0.0,49.92,107.25,0,Thursday,False
102377,2024-10-10,East,Beauty,Shampoo,New,In-Store,4,12.49,0.0,27.59,49.96,0,Thursday,False
102378,2024-10-10,South,Apparel,T-Shirt,New,Online,3,18.3,0.1,7.63,49.41,0,Thursday,False
102379,2024-10-10,East,Electronics,Wireless Earbuds,Loyalty,In-Store,5,45.73,0.0,4.72,228.65,0,Thursday,False
102380,2024-10-10,South,Electronics,Wireless Earbuds,Loyalty,Marketplace,4,38.31,0.0,40.14,153.24,0,Thursday,False
102381,2024-10-11,South,Electronics,Bluetooth Speaker,New,Online,4,51.85,0.0,10.55,207.4,0,Friday,False
102382,2024-10-11,East,Apparel,Running Shoes,Loyalty,Marketplace,2,65.12,0.0,27.23,130.24,0,Friday,False
102383,2024-10-11,West,Home & Kitchen,Vacuum Cleaner,New,Online,1,130.24,0.0,44.84,130.24,0,Friday,False
102384,2024-10-11,East,Home & Kitchen,Coffee Maker,New,Online,2,54.13,0.15,36.44,92.02,0,Friday,False
102385,2024-10-11,North,Electronics,Bluetooth Speaker,Returning,Online,3,69.12,0.0,25.37,207.36,0,Friday,False
102386,2024-10-11,North,Electronics,Bluetooth Speaker,New,Marketplace,1,64.52,0.0,42.47,64.52,0,Friday,False
102387,2024-10-11,North,Beauty,Shampoo,New,In-Store,3,13.61,0.2,17.99,32.66,0,Friday,False
102388,2024-10-12,East,Beauty,Moisturizer,Loyalty,Online,1,21.41,0.0,5.5,21.41,0,Saturday,True
102389,2024-10-12,East,Home & Kitchen,Blender,Returning,Marketplace,5,40.28,0.0,21.41,201.4,0,Saturday,True
102390,2024-10-12,West,Home & Kitchen,Air Fryer,Returning,Online,5,89.59,0.15,34.57,380.76,0,Saturday,True
102391,2024-10-12,East,Home & Kitchen,Air Fryer,New,Marketplace,4,82.93,0.0,44.16,331.72,0,Saturday,True
102392,2024-10-12,North,Beauty,Lipstick Set,Loyalty,In-Store,5,27.24,0.0,4.0,136.2,0,Saturday,True
102393,2024-10-12,East,Apparel,Running Shoes,New,In-Store,5,69.48,0.15,25.51,295.29,0,Saturday,True
102394,2024-10-12,South,Beauty,Moisturizer,Returning,Online,5,19.76,0.1,36.31,88.92,0,Saturday,True
102395,2024-10-12,South,Beauty,Face Serum,New,Marketplace,5,26.25,0.15,16.74,111.56,0,Saturday,True
102396,2024-10-12,South,Apparel,T-Shirt,New,Online,5,17.14,0.0,47.32,85.7,0,Saturday,True
102397,2024-10-12,North,Beauty,Lipstick Set,New,Online,1,28.49,0.0,43.17,28.49,0,Saturday,True
102398,2024-10-12,North,Apparel,Running Shoes,Returning,Online,3,72.08,0.0,38.95,216.24,0,Saturday,True
102399,2024-10-12,East,Beauty,Face Serum,New,Marketplace,2,27.0,0.0,6.66,54.0,0,Saturday,True
102400,2024-10-12,North,Beauty,Shampoo,Returning,In-Store,4,13.48,0.0,44.77,53.92,0,Saturday,True
102401,2024-10-12,East,Beauty,Shampoo,New,Marketplace,1,12.71,0.0,26.71,12.71,0,Saturday,True
102402,2024-10-13,South,Electronics,Smartphone Case,Returning,Marketplace,2,13.11,0.0,0.0,26.22,1,Sunday,True
102403,2024-10-13,West,Home & Kitchen,Air Fryer,Loyalty,In-Store,4,96.42,0.0,44.83,385.68,0,Sunday,True
102404,2024-10-13,West,Home & Kitchen,Blender,Returning,Online,2,43.13,0.0,41.56,86.26,0,Sunday,True
102405,2024-10-13,East,Electronics,Bluetooth Speaker,Returning,Marketplace,3,63.05,0.0,29.2,189.15,0,Sunday,True
102406,2024-10-13,East,Electronics,Power Bank,Loyalty,Online,2,24.6,0.2,29.86,39.36,0,Sunday,True
102407,2024-10-13,North,Apparel,Backpack,New,Marketplace,2,56.3,0.0,30.79,112.6,0,Sunday,True
102408,2024-10-13,East,Apparel,Running Shoes,Returning,In-Store,1,73.07,0.0,10.27,73.07,0,Sunday,True
102409,2024-10-13,South,Apparel,Backpack,New,In-Store,5,44.35,0.0,14.03,221.75,0,Sunday,True
102410,2024-10-13,West,Electronics,Power Bank,Loyalty,Online,1,31.38,0.0,35.6,31.38,0,Sunday,True
102411,2024-10-13,West,Electronics,Bluetooth Speaker,New,Online,4,70.08,0.0,41.64,280.32,0,Sunday,True
102412,2024-10-13,North,Home & Kitchen,Vacuum Cleaner,Returning,Online,2,124.14,0.2,32.58,198.62,0,Sunday,True
102413,2024-10-13,North,Electronics,Wireless Earbuds,Returning,Online,4,47.75,0.0,12.96,191.0,0,Sunday,True
102415,2024-10-14,South,Electronics,Smartphone Case,New,Online,5,12.49,0.0,14.31,62.45,0,Monday,False
102416,2024-10-14,South,Apparel,T-Shirt,Returning,Online,5,18.47,0.0,25.29,92.35,0,Monday,False
102417,2024-10-14,East,Beauty,Moisturizer,Returning,Online,3,21.3,0.2,23.62,51.12,0,Monday,False
102418,2024-10-14,West,Apparel,Backpack,Returning,Online,4,63.04,0.0,0.0,252.16,1,Monday,False
102419,2024-10-15,West,Electronics,Bluetooth Speaker,New,In-Store,1,67.94,0.0,46.25,67.94,0,Tuesday,False
102420,2024-10-15,North,Electronics,Wireless Earbuds,Returning,Marketplace,1,44.11,0.0,48.91,44.11,0,Tuesday,False
102421,2024-10-15,West,Beauty,Moisturizer,Returning,Online,1,25.8,0.2,35.39,165.12,0,Tuesday,False
102422,2024-10-15,South,Electronics,Wireless Earbuds,Returning,Marketplace,2,39.27,0.0,26.42,78.54,0,Tuesday,False
102423,2024-10-15,South,Home & Kitchen,Blender,Returning,Online,4,37.36,0.0,26.95,149.44,0,Tuesday,False
102424,2024-10-15,East,Home & Kitchen,Blender,Returning,Online,3,38.76,0.0,0.93,116.28,0,Tuesday,False
102426,2024-10-15,West,Beauty,Face Serum,New,Online,4,36.77,0.0,30.31,147.08,0,Tuesday,False
102427,2024-10-16,East,Beauty,Face Serum,Returning,Online,3,28.65,0.0,33.05,85.95,0,Wednesday,False
102428,2024-10-16,East,Beauty,Moisturizer,New,Online,2,22.67,0.0,3.5,45.34,0,Wednesday,False
102429,2024-10-16,East,Apparel,Backpack,Loyalty,Online,5,45.61,0.1,23.25,205.24,0,Wednesday,False
102430,2024-10-16,North,Beauty,Face Serum,Loyalty,Online,4,33.08,0.0,1.46,132.32,0,Wednesday,False
102431,2024-10-16,East,Beauty,Moisturizer,Returning,Marketplace,3,21.23,0.0,13.91,63.69,0,Wednesday,False
102432,2024-10-16,North,Electronics,Bluetooth Speaker,New,In-Store,1,66.13,0.2,25.46,52.9,0,Wednesday,False
102433,2024-10-17,South,Home & Kitchen,Air Fryer,Returning,In-Store,4,74.86,0.0,38.81,299.44,0,Thursday,False
102434,2024-10-17,North,Apparel,Backpack,Returning,Online,4,58.59,0.15,9.03,199.21,0,Thursday,False
102435,2024-10-17,West,Beauty,Shampoo,Loyalty,Marketplace,4,14.5,0.1,6.79,52.2,0,Thursday,False
102436,2024-10-17,West,Beauty,Lipstick Set,New,Marketplace,4,29.41,0.0,34.78,117.64,0,Thursday,False
102437,2024-10-17,East,Home & Kitchen,Vacuum Cleaner,New,Online,1,117.83,0.15,28.69,100.16,0,Thursday,False
102438,2024-10-17,North,Apparel,Jacket,New,Online,1,100.47,0.1,22.1,90.42,0,Thursday,False
102439,2024-10-18,West,Apparel,Jacket,New,In-Store,3,104.33,0.15,23.81,266.04,0,Friday,False
102440,2024-10-18,West,Electronics,Wireless Earbuds,New,Online,4,47.57,0.0,13.75,190.28,0,Friday,False
102441,2024-10-18,East,Beauty,Moisturizer,New,Online,1,20.75,0.0,3.03,20.75,0,Friday,False
102442,2024-10-18,South,Electronics,Power Bank,Returning,Online,2,22.79,0.0,49.27,45.58,0,Friday,False
102443,2024-10-18,North,Beauty,Moisturizer,New,In-Store,5,24.91,0.2,22.73,99.64,0,Friday,False
102444,2024-10-18,East,Electronics,Smartphone Case,Returning,Online,5,15.62,0.0,12.3,78.1,0,Friday,False
102445,2024-10-19,North,Apparel,Backpack,Returning,In-Store,3,55.83,0.0,37.41,167.49,0,Saturday,True
102446,2024-10-19,South,Electronics,Power Bank,Returning,Marketplace,2,21.03,0.0,11.77,42.06,0,Saturday,True
102447,2024-10-19,South,Home & Kitchen,Coffee Maker,Returning,In-Store,3,45.06,0.1,0.33,121.66,0,Saturday,True
102448,2024-10-19,South,Beauty,Lipstick Set,Returning,Online,3,22.66,0.1,49.04,61.18,0,Saturday,True
102449,2024-10-19,East,Electronics,Power Bank,New,Online,2,26.08,0.0,40.05,52.16,0,Saturday,True
102450,2024-10-19,South,Apparel,T-Shirt,Loyalty,Online,1,19.27,0.0,4.84,19.27,0,Saturday,True
102452,2024-10-19,West,Home & Kitchen,Air Fryer,Returning,Online,1,88.89,0.0,48.85,88.89,0,Saturday,True
102453,2024-10-19,West,Electronics,Wireless Earbuds,Returning,Marketplace,4,51.3,0.0,44.54,205.2,0,Saturday,True
102454,2024-10-19,North,Beauty,Moisturizer,New,Online,3,24.93,0.0,22.17,74.79,0,Saturday,True
102455,2024-10-19,East,Electronics,Wireless Earbuds,Loyalty,Online,4,43.07,0.0,46.02,172.28,0,Saturday,True
102456,2024-10-19,South,Apparel,T-Shirt,New,In-Store,3,18.7,0.0,0.0,56.1,1,Saturday,True
102457,2024-10-19,West,Beauty,Moisturizer,Returning,Online,3,24.76,0.0,47.82,74.28,0,Saturday,True
102458,2024-10-19,North,Apparel,Running Shoes,New,Online,5,73.53,0.15,24.58,312.5,0,Saturday,True
102459,2024-10-19,South,Apparel,Jacket,Returning,Online,1,89.52,0.0,20.68,89.52,0,Saturday,True
102460,2024-10-19,West,Beauty,Face Serum,Loyalty,Marketplace,4,35.17,0.0,18.77,140.68,0,Saturday,True
102461,2024-10-19,North,Beauty,Moisturizer,Returning,Online,5,23.41,0.15,22.12,99.49,0,Saturday,True
102462,2024-10-19,West,Home & Kitchen,Blender,Loyalty,Marketplace,2,46.57,0.0,38.66,93.14,0,Saturday,True
102463,2024-10-20,North,Home & Kitchen,Blender,New,Online,4,43.37,0.0,13.72,173.48,0,Sunday,True
102464,2024-10-20,North,Home & Kitchen,Air Fryer,New,Online,2,83.58,0.0,32.02,167.16,0,Sunday,True
102465,2024-10-20,West,Apparel,Backpack,New,Online,3,55.59,0.0,29.49,166.77,0,Sunday,True
102466,2024-10-20,East,Home & Kitchen,Coffee Maker,Returning,Online,4,58.9,0.2,8.25,188.48,0,Sunday,True
102467,2024-10-20,West,Apparel,Running Shoes,Returning,In-Store,2,83.93,0.0,19.79,167.86,0,Sunday,True
102468,2024-10-20,North,Beauty,Face Serum,Returning,Online,3,32.58,0.15,28.4,83.08,0,Sunday,True
102469,2024-10-20,South,Home & Kitchen,Air Fryer,New,Online,5,65.6,0.1,32.05,295.2,0,Sunday,True
102470,2024-10-20,South,Electronics,Bluetooth Speaker,Loyalty,Online,5,53.18,0.1,35.54,239.31,0,Sunday,True
102471,2024-10-20,West,Apparel,Backpack,Loyalty,Online,2,59.73,0.0,8.89,119.46,0,Sunday,True
102472,2024-10-20,North,Apparel,Jacket,New,Online,1,97.69,0.0,14.54,97.69,0,Sunday,True
102473,2024-10-21,South,Apparel,T-Shirt,Returning,Online,5,17.19,0.0,38.97,85.95,0,Monday,False
102474,2024-10-21,South,Apparel,Running Shoes,Returning,Marketplace,1,65.79,0.15,12.65,55.92,0,Monday,False
102475,2024-10-21,East,Beauty,Moisturizer,Returning,Online,3,23.03,0.0,44.9,69.09,0,Monday,False
102477,2024-10-21,East,Beauty,Face Serum,Loyalty,Online,1,28.51,0.0,16.79,28.51,0,Monday,False
102478,2024-10-22,South,Home & Kitchen,Air Fryer,New,Online,5,73.0,0.0,0.76,365.0,0,Tuesday,False
102479,2024-10-22,East,Apparel,T-Shirt,Returning,Marketplace,4,21.11,0.0,16.39,84.44,0,Tuesday,False
102480,2024-10-22,West,Electronics,Power Bank,Returning,Online,5,26.26,0.2,34.04,105.04,0,Tuesday,False
102481,2024-10-22,South,Home & Kitchen,Air Fryer,Returning,Marketplace,2,74.22,0.15,28.39,126.17,0,Tuesday,False
102482,2024-10-22,West,Beauty,Shampoo,Returning,Marketplace,4,13.97,0.0,16.26,55.88,0,Tuesday,False
102483,2024-10-22,East,Beauty,Shampoo,New,Marketplace,3,12.33,0.0,18.46,36.99,0,Tuesday,False
102484,2024-10-22,North,Home & Kitchen,Blender,New,Marketplace,1,44.1,0.0,31.4,44.1,0,Tuesday,False
102485,2024-10-22,North,Electronics,Wireless Earbuds,Loyalty,Online,2,49.85,0.0,40.46,99.7,0,Tuesday,False
102486,2024-10-22,South,Home & Kitchen,Blender,New,Online,3,37.88,0.0,30.76,113.64,0,Tuesday,False
102487,2024-10-22,South,Electronics,Bluetooth Speaker,Loyalty,Marketplace,5,59.1,0.0,38.53,295.5,0,Tuesday,False
102488,2024-10-23,North,Home & Kitchen,Blender,New,In-Store,1,44.52,0.0,21.91,44.52,0,Wednesday,False
102489,2024-10-23,North,Apparel,Running Shoes,New,In-Store,2,78.54,0.2,9.25,125.66,0,Wednesday,False
102490,2024-10-23,North,Home & Kitchen,Vacuum Cleaner,New,Online,1,132.76,0.0,46.0,132.76,0,Wednesday,False
102491,2024-10-23,South,Apparel,Running Shoes,Loyalty,Marketplace,4,66.18,0.0,43.78,264.72,0,Wednesday,False
102492,2024-10-23,West,Apparel,Backpack,Returning,Online,3,56.9,0.0,30.32,170.7,0,Wednesday,False
102493,2024-10-23,East,Home & Kitchen,Blender,Returning,Online,4,41.53,0.15,9.67,141.2,0,Wednesday,False
102494,2024-10-23,North,Electronics,Smartphone Case,New,Online,3,15.21,0.0,12.26,45.63,0,Wednesday,False
102495,2024-10-23,East,Electronics,Power Bank,New,Online,1,25.28,0.0,44.49,25.28,0,Wednesday,False
102496,2024-10-23,East,Home & Kitchen,Blender,New,Marketplace,1,38.85,0.0,10.73,38.85,0,Wednesday,False
102497,2024-10-23,South,Beauty,Face Serum,Returning,In-Store,5,26.57,0.0,30.7,132.85,0,Wednesday,False
102498,2024-10-23,South,Apparel,Running Shoes,Returning,Online,1,59.09,0.0,29.39,59.09,0,Wednesday,False
102499,2024-10-24,North,Electronics,Power Bank,New,In-Store,2,25.89,0.0,0.0,51.78,1,Thursday,False
102500,2024-10-24,West,Home & Kitchen,Blender,Returning,Online,1,43.37,0.0,32.35,43.37,0,Thursday,False
102501,2024-10-24,North,Electronics,Power Bank,Loyalty,In-Store,3,27.78,0.0,32.41,83.34,0,Thursday,False
102502,2024-10-24,East,Beauty,Lipstick Set,Loyalty,In-Store,1,24.93,0.0,40.61,24.93,0,Thursday,False
102503,2024-10-24,East,Electronics,Wireless Earbuds,Returning,Online,2,47.69,0.2,31.44,76.3,0,Thursday,False
102504,2024-10-24,West,Home & Kitchen,Coffee Maker,New,Marketplace,5,64.45,0.0,35.53,322.25,0,Thursday,False
102505,2024-10-24,West,Electronics,Bluetooth Speaker,Loyalty,Online,2,70.96,0.0,12.64,141.92,0,Thursday,False
102506,2024-10-24,East,Beauty,Moisturizer,New,Marketplace,4,20.92,0.0,9.69,83.68,0,Thursday,False
102507,2024-10-24,East,Apparel,Backpack,New,In-Store,3,49.29,0.0,38.62,147.87,0,Thursday,False
102508,2024-10-25,East,Beauty,Face Serum,Returning,In-Store,3,30.96,0.0,30.57,92.88,0,Friday,False
102509,2024-10-25,East,Beauty,Moisturizer,Returning,Marketplace,3,22.14,0.0,24.04,66.42,0,Friday,False
102510,2024-10-25,East,Home & Kitchen,Air Fryer,New,Marketplace,5,79.67,0.0,19.52,398.35,0,Friday,False
102511,2024-10-25,South,Apparel,Running Shoes,Returning,Online,3,65.16,0.0,1.02,195.48,0,Friday,False
102512,2024-10-25,East,Beauty,Moisturizer,Returning,Marketplace,4,22.38,0.0,37.73,89.52,0,Friday,False
102513,2024-10-26,North,Apparel,T-Shirt,New,Marketplace,3,22.69,0.0,0.0,68.07,1,Saturday,True
102514,2024-10-26,North,Apparel,Running Shoes,Loyalty,Marketplace,3,86.79,0.1,4.52,234.33,0,Saturday,True
102515,2024-10-27,East,Home & Kitchen,Blender,Returning,Online,5,40.98,0.0,49.8,204.9,0,Sunday,True
102516,2024-10-27,South,Apparel,Jacket,Returning,Online,2,78.18,0.0,16.36,156.36,0,Sunday,True
102517,2024-10-27,West,Apparel,T-Shirt,New,Online,5,22.21,0.2,29.42,88.84,0,Sunday,True
102519,2024-10-27,North,Beauty,Moisturizer,Returning,Online,1,25.77,0.0,4.75,25.77,0,Sunday,True
102520,2024-10-27,North,Apparel,Backpack,Returning,Online,1,56.35,0.0,39.87,56.35,0,Sunday,True
102521,2024-10-27,North,Home & Kitchen,Coffee Maker,Loyalty,Online,2,57.31,0.0,0.0,114.62,1,Sunday,True
102522,2024-10-27,East,Electronics,Wireless Earbuds,New,In-Store,1,46.61,0.0,49.14,46.61,0,Sunday,True
102523,2024-10-27,West,Electronics,Smartphone Case,Loyalty,Online,4,18.6,0.0,3.97,74.4,0,Sunday,True
102524,2024-10-27,North,Apparel,Backpack,New,Online,5,56.97,0.0,28.63,284.85,0,Sunday,True
102525,2024-10-27,West,Home & Kitchen,Coffee Maker,New,Marketplace,5,59.15,0.0,48.51,295.75,0,Sunday,True
102526,2024-10-27,East,Home & Kitchen,Blender,Returning,Online,3,38.45,0.0,17.7,115.35,0,Sunday,True
102527,2024-10-27,East,Electronics,Power Bank,New,Marketplace,1,26.13,0.0,21.73,26.13,0,Sunday,True
102528,2024-10-28,South,Apparel,T-Shirt,New,Online,1,17.47,0.0,18.33,17.47,0,Monday,False
102529,2024-10-28,North,Electronics,Power Bank,New,Online,3,29.34,0.15,2.74,74.82,0,Monday,False
102530,2024-10-28,North,Apparel,Running Shoes,New,Online,4,74.41,0.0,1.96,297.64,0,Monday,False
102531,2024-10-28,East,Apparel,Jacket,Returning,In-Store,4,94.61,0.0,1.38,378.44,0,Monday,False
102532,2024-10-28,East,Beauty,Lipstick Set,New,Marketplace,5,22.76,0.0,20.81,113.8,0,Monday,False
102533,2024-10-28,North,Beauty,Moisturizer,Loyalty,Marketplace,4,23.11,0.1,39.89,83.2,0,Monday,False
102534,2024-10-28,West,Apparel,Running Shoes,Returning,Marketplace,4,81.86,0.0,42.61,327.44,0,Monday,False
102535,2024-10-28,South,Electronics,Smartphone Case,Returning,In-Store,2,12.11,0.0,48.09,24.22,0,Monday,False
102536,2024-10-28,West,Home & Kitchen,Air Fryer,New,Online,2,91.99,0.0,38.05,183.98,0,Monday,False
102537,2024-10-28,East,Electronics,Smartphone Case,New,Online,4,15.7,0.0,21.15,62.8,0,Monday,False
102538,2024-10-29,East,Electronics,Power Bank,Returning,Online,3,24.68,0.15,28.74,62.93,0,Tuesday,False
102539,2024-10-29,East,Electronics,Power Bank,New,Online,4,26.87,0.0,7.4,107.48,0,Tuesday,False
102540,2024-10-29,North,Apparel,Backpack,Returning,Marketplace,5,53.86,0.0,28.2,269.3,0,Tuesday,False
102541,2024-10-29,North,Electronics,Power Bank,New,Online,1,27.62,0.15,31.05,23.48,0,Tuesday,False
102543,2024-10-29,North,Apparel,T-Shirt,New,Online,1,21.53,0.0,40.95,21.53,0,Tuesday,False
102544,2024-10-29,West,Apparel,Jacket,Loyalty,Online,1,94.13,0.0,9.18,94.13,0,Tuesday,False
102545,2024-10-29,South,Beauty,Face Serum,New,Online,5,28.23,0.0,7.3,141.15,0,Tuesday,False
102546,2024-10-29,East,Apparel,Running Shoes,New,Online,1,70.35,0.2,31.7,56.28,0,Tuesday,False
102547,2024-10-30,South,Apparel,Running Shoes,Returning,Marketplace,3,62.03,0.0,43.47,186.09,0,Wednesday,False
102548,2024-10-30,West,Home & Kitchen,Blender,New,Online,2,48.23,0.0,32.69,96.46,0,Wednesday,False
102549,2024-10-30,North,Home & Kitchen,Coffee Maker,New,In-Store,2,62.72,0.0,5.66,125.44,0,Wednesday,False
102550,2024-10-30,East,Electronics,Wireless Earbuds,Loyalty,Online,1,47.64,0.0,36.26,47.64,0,Wednesday,False
102551,2024-10-30,West,Electronics,Smartphone Case,New,In-Store,5,19.16,0.0,13.62,95.8,0,Wednesday,False
102552,2024-10-30,North,Electronics,Smartphone Case,New,In-Store,5,15.62,0.0,8.46,78.1,0,Wednesday,False
102553,2024-10-30,South,Home & Kitchen,Air Fryer,Returning,In-Store,5,67.78,0.0,19.93,338.9,0,Wednesday,False
102554,2024-10-30,East,Apparel,Jacket,Returning,Online,4,93.36,0.0,12.3,373.44,0,Wednesday,False
102555,2024-10-30,North,Home & Kitchen,Air Fryer,New,Online,2,86.41,0.0,26.79,172.82,0,Wednesday,False
102556,2024-10-31,South,Electronics,Bluetooth Speaker,Loyalty,In-Store,5,55.73,0.2,12.95,222.92,0,Thursday,False
102557,2024-10-31,West,Beauty,Shampoo,Returning,Online,1,13.32,0.0,29.84,13.32,0,Thursday,False
102558,2024-10-31,East,Beauty,Moisturizer,Loyalty,Online,4,21.74,0.0,19.15,86.96,0,Thursday,False
102559,2024-10-31,West,Beauty,Shampoo,Returning,In-Store,1,14.62,0.1,6.33,13.16,0,Thursday,False
102560,2024-10-31,East,Electronics,Power Bank,New,Online,5,24.47,0.0,31.07,122.35,0,Thursday,False
102561,2024-10-31,South,Beauty,Shampoo,Loyalty,Online,4,10.96,0.0,46.33,43.84,0,Thursday,False
102562,2024-11-01,North,Home & Kitchen,Blender,Returning,Online,3,46.83,0.0,19.39,140.49,0,Friday,False
102563,2024-11-01,North,Home & Kitchen,Coffee Maker,Returning,In-Store,1,63.03,0.0,40.06,63.03,0,Friday,False
102564,2024-11-01,East,Electronics,Bluetooth Speaker,Returning,Online,4,62.36,0.0,6.28,249.44,0,Friday,False
102565,2024-11-01,West,Apparel,T-Shirt,New,In-Store,1,23.79,0.0,4.98,23.79,0,Friday,False
102566,2024-11-01,West,Electronics,Wireless Earbuds,Loyalty,Marketplace,2,50.23,0.0,33.98,100.46,0,Friday,False
102567,2024-11-01,East,Apparel,Jacket,Loyalty,Online,4,85.94,0.0,28.21,343.76,0,Friday,False
102568,2024-11-01,West,Electronics,Smartphone Case,Returning,Marketplace,3,17.61,0.0,0.0,52.83,1,Friday,False
102569,2024-11-01,East,Apparel,Running Shoes,Returning,Online,4,66.99,0.0,46.86,267.96,0,Friday,False
102570,2024-11-01,South,Beauty,Face Serum,New,Online,1,27.84,0.15,0.35,23.66,0,Friday,False
102571,2024-11-01,East,Electronics,Power Bank,New,In-Store,4,23.51,0.0,6.55,94.04,0,Friday,False
102572,2024-11-02,South,Apparel,Jacket,Loyalty,Marketplace,3,87.67,0.1,55.41,236.71,0,Saturday,True
102573,2024-11-02,East,Beauty,Face Serum,New,Online,3,28.35,0.0,44.96,85.05,0,Saturday,True
102574,2024-11-02,East,Beauty,Moisturizer,Returning,Online,2,23.36,0.0,12.56,46.72,0,Saturday,True
102575,2024-11-02,North,Apparel,Backpack,New,Online,4,56.81,0.15,18.48,193.15,0,Saturday,True
102576,2024-11-02,South,Apparel,Jacket,Returning,In-Store,4,81.2,0.0,58.85,324.8,0,Saturday,True
102577,2024-11-02,South,Apparel,Running Shoes,New,Online,4,64.46,0.0,8.36,257.84,0,Saturday,True
102578,2024-11-02,East,Electronics,Wireless Earbuds,New,Online,5,47.34,0.0,22.64,236.7,0,Saturday,True
102579,2024-11-02,West,Apparel,Backpack,Returning,Online,2,55.65,0.15,22.13,94.6,0,Saturday,True
102581,2024-11-02,East,Electronics,Bluetooth Speaker,New,In-Store,5,61.81,0.0,32.41,309.05,0,Saturday,True
102582,2024-11-02,East,Beauty,Face Serum,New,Online,2,32.07,0.0,33.57,64.14,0,Saturday,True
102583,2024-11-02,South,Home & Kitchen,Air Fryer,New,In-Store,2,71.94,0.0,27.93,143.88,0,Saturday,True
102584,2024-11-02,North,Beauty,Shampoo,Returning,In-Store,2,13.1,0.0,7.29,26.2,0,Saturday,True
102586,2024-11-02,East,Beauty,Moisturizer,Returning,Online,2,22.83,0.0,69.59,45.66,0,Saturday,True
102587,2024-11-02,South,Home & Kitchen,Coffee Maker,New,Online,1,47.91,0.0,56.07,47.91,0,Saturday,True
102588,2024-11-03,North,Home & Kitchen,Coffee Maker,Returning,In-Store,2,58.68,0.0,50.49,117.36,0,Sunday,True
102589,2024-11-03,South,Beauty,Moisturizer,Returning,Online,4,20.81,0.0,0.0,83.24,1,Sunday,True
102590,2024-11-03,West,Electronics,Smartphone Case,New,Marketplace,5,17.66,0.0,20.9,88.3,0,Sunday,True
102591,2024-11-03,West,Electronics,Smartphone Case,New,Online,2,16.12,0.2,7.8,25.79,0,Sunday,True
102592,2024-11-03,South,Home & Kitchen,Blender,Returning,Online,1,37.06,0.2,42.16,29.65,0,Sunday,True
102593,2024-11-03,West,Home & Kitchen,Coffee Maker,Returning,Online,4,67.98,0.0,52.23,271.92,0,Sunday,True
102594,2024-11-03,East,Apparel,T-Shirt,New,Online,3,20.23,0.0,46.36,60.69,0,Sunday,True
102595,2024-11-03,East,Home & Kitchen,Blender,New,In-Store,5,37.51,0.1,64.45,168.8,0,Sunday,True
102596,2024-11-03,South,Apparel,Running Shoes,New,Online,2,66.24,0.0,48.15,132.48,0,Sunday,True
102597,2024-11-03,East,Electronics,Smartphone Case,Loyalty,Marketplace,3,13.79,0.0,3.89,41.37,0,Sunday,True
102598,2024-11-03,East,Apparel,Jacket,New,Online,4,90.57,0.0,1.0,362.28,0,Sunday,True
102599,2024-11-03,West,Electronics,Bluetooth Speaker,Returning,Online,4,65.92,0.0,13.35,263.68,0,Sunday,True
102600,2024-11-03,West,Beauty,Lipstick Set,Returning,Online,1,28.34,0.0,57.19,28.34,0,Sunday,True
102601,2024-11-03,East,Apparel,Jacket,New,Online,2,91.06,0.0,3.85,182.12,0,Sunday,True
102602,2024-11-03,East,Apparel,Backpack,Returning,In-Store,1,46.86,0.0,40.57,46.86,0,Sunday,True
102603,2024-11-04,South,Electronics,Bluetooth Speaker,New,Marketplace,5,52.2,0.0,57.88,261.0,0,Monday,False
102604,2024-11-04,West,Electronics,Bluetooth Speaker,New,Online,4,69.88,0.0,19.15,279.52,0,Monday,False
102605,2024-11-04,South,Home & Kitchen,Coffee Maker,New,Marketplace,2,52.31,0.0,26.81,104.62,0,Monday,False
102606,2024-11-04,South,Electronics,Wireless Earbuds,Loyalty,Online,3,42.13,0.15,64.44,107.43,0,Monday,False
102607,2024-11-04,North,Electronics,Smartphone Case,Loyalty,Online,2,16.57,0.15,67.8,28.17,0,Monday,False
102608,2024-11-04,West,Home & Kitchen,Coffee Maker,Returning,In-Store,4,58.41,0.0,11.72,233.64,0,Monday,False
102609,2024-11-04,South,Home & Kitchen,Air Fryer,Returning,Marketplace,2,65.75,0.0,46.42,131.5,0,Monday,False
102610,2024-11-04,East,Apparel,T-Shirt,Returning,Online,1,19.86,0.0,57.5,19.86,0,Monday,False
102611,2024-11-04,South,Apparel,T-Shirt,Returning,Marketplace,3,18.07,0.0,5.04,54.21,0,Monday,False
102612,2024-11-04,South,Electronics,Smartphone Case,Loyalty,Marketplace,1,12.99,0.0,51.68,12.99,0,Monday,False
102613,2024-11-05,South,Home & Kitchen,Air Fryer,Loyalty,Online,1,68.04,0.0,67.96,68.04,0,Tuesday,False
102614,2024-11-05,West,Electronics,Wireless Earbuds,Loyalty,Marketplace,2,53.2,0.0,7.1,106.4,0,Tuesday,False
102615,2024-11-05,North,Electronics,Power Bank,New,Online,2,28.41,0.0,22.99,56.82,0,Tuesday,False
102616,2024-11-05,East,Beauty,Shampoo,New,In-Store,2,12.49,0.0,18.73,24.98,0,Tuesday,False
102617,2024-11-05,North,Apparel,Backpack,Returning,Online,3,55.22,0.0,32.41,165.66,0,Tuesday,False
102618,2024-11-05,West,Electronics,Wireless Earbuds,Loyalty,Marketplace,5,51.48,0.1,2.15,231.66,0,Tuesday,False
102619,2024-11-05,East,Home & Kitchen,Blender,Loyalty,Online,4,38.39,0.0,63.28,153.56,0,Tuesday,False
102620,2024-11-05,North,Electronics,Power Bank,Returning,Online,1,27.89,0.0,50.01,27.89,0,Tuesday,False
102621,2024-11-05,South,Home & Kitchen,Air Fryer,Returning,In-Store,4,71.85,0.0,54.33,287.4,0,Tuesday,False
102622,2024-11-05,North,Home & Kitchen,Coffee Maker,Loyalty,In-Store,2,58.21,0.15,62.31,98.96,0,Tuesday,False
102623,2024-11-05,South,Beauty,Moisturizer,Returning,Online,2,19.78,0.0,26.52,39.56,0,Tuesday,False
102624,2024-11-05,East,Apparel,Jacket,Returning,In-Store,4,101.32,0.0,22.85,405.28,0,Tuesday,False
102625,2024-11-05,East,Electronics,Smartphone Case,Loyalty,Online,3,14.49,0.0,16.67,43.47,0,Tuesday,False
102626,2024-11-05,North,Apparel,Jacket,New,In-Store,1,98.33,0.0,31.52,98.33,0,Tuesday,False
102627,2024-11-05,East,Home & Kitchen,Vacuum Cleaner,Returning,Online,2,123.14,0.0,11.54,246.28,0,Tuesday,False
102628,2024-11-05,North,Beauty,Shampoo,Returning,Online,1,12.78,0.0,25.83,12.78,0,Tuesday,False
102630,2024-11-06,East,Electronics,Power Bank,Returning,Marketplace,3,23.93,0.15,5.62,61.02,0,Wednesday,False
102631,2024-11-06,East,Apparel,Running Shoes,Loyalty,Online,4,66.63,0.0,6.13,266.52,0,Wednesday,False
102632,2024-11-06,South,Electronics,Bluetooth Speaker,Loyalty,Online,5,51.03,0.0,17.29,255.15,0,Wednesday,False
102633,2024-11-06,West,Beauty,Lipstick Set,New,Online,2,28.36,0.0,37.87,56.72,0,Wednesday,False
102634,2024-11-06,North,Home & Kitchen,Coffee Maker,Loyalty,Online,4,65.24,0.0,1.44,260.96,0,Wednesday,False
102635,2024-11-06,North,Beauty,Lipstick Set,New,Online,5,26.24,0.0,32.28,131.2,0,Wednesday,False
102636,2024-11-06,South,Electronics,Bluetooth Speaker,Loyalty,In-Store,4,57.6,0.0,67.55,230.4,0,Wednesday,False
102637,2024-11-06,South,Beauty,Moisturizer,Returning,Online,1,18.69,0.2,41.78,14.95,0,Wednesday,False
102638,2024-11-06,North,Home & Kitchen,Blender,Loyalty,Marketplace,1,43.21,0.0,1.53,43.21,0,Wednesday,False
102639,2024-11-06,South,Beauty,Face Serum,Returning,In-Store,3,26.58,0.0,20.04,79.74,0,Wednesday,False
102640,2024-11-07,South,Beauty,Lipstick Set,Returning,Marketplace,5,22.03,0.0,7.35,110.15,0,Thursday,False
102641,2024-11-07,West,Apparel,Backpack,Loyalty,In-Store,5,61.33,0.0,63.7,306.65,0,Thursday,False
102642,2024-11-07,East,Home & Kitchen,Blender,Loyalty,Online,2,34.52,0.0,33.38,69.04,0,Thursday,False
102644,2024-11-07,East,Electronics,Bluetooth Speaker,Returning,Online,2,57.5,0.0,38.14,115.0,0,Thursday,False
102645,2024-11-07,West,Home & Kitchen,Blender,Returning,In-Store,1,49.27,0.15,14.33,41.88,0,Thursday,False
102646,2024-11-07,West,Apparel,T-Shirt,Loyalty,Online,5,22.67,0.2,34.2,90.68,0,Thursday,False
102647,2024-11-07,East,Beauty,Shampoo,Loyalty,In-Store,2,11.12,0.0,22.29,22.24,0,Thursday,False
102648,2024-11-07,South,Electronics,Power Bank,New,Online,5,23.3,0.0,5.18,116.5,0,Thursday,False
102649,2024-11-07,South,Apparel,Jacket,Loyalty,Online,4,73.47,0.0,38.48,293.88,0,Thursday,False
102650,2024-11-07,South,Apparel,T-Shirt,Returning,Marketplace,1,18.03,0.0,21.2,18.03,0,Thursday,False
102651,2024-11-07,North,Beauty,Moisturizer,New,Online,5,25.81,0.0,67.3,129.05,0,Thursday,False
102652,2024-11-07,West,Home & Kitchen,Blender,New,Online,5,45.57,0.0,4.2,227.85,0,Thursday,False
102653,2024-11-07,North,Home & Kitchen,Blender,Loyalty,Online,2,43.83,0.15,27.09,74.51,0,Thursday,False
102654,2024-11-07,West,Home & Kitchen,Blender,New,Online,5,46.27,0.0,29.24,231.35,0,Thursday,False
102655,2024-11-07,East,Apparel,T-Shirt,New,In-Store,5,19.73,0.0,58.52,98.65,0,Thursday,False
102656,2024-11-07,East,Beauty,Face Serum,Loyalty,In-Store,5,31.04,0.0,11.14,155.2,0,Thursday,False
102657,2024-11-08,South,Electronics,Smartphone Case,Loyalty,Marketplace,3,14.07,0.1,43.78,37.99,0,Friday,False
102658,2024-11-08,South,Electronics,Power Bank,New,In-Store,1,22.06,0.0,4.82,22.06,0,Friday,False
102659,2024-11-08,South,Apparel,Backpack,Returning,Online,4,45.77,0.0,66.25,183.08,0,Friday,False
102660,2024-11-08,South,Electronics,Wireless Earbuds,Returning,Marketplace,1,38.51,0.0,53.63,38.51,0,Friday,False
102661,2024-11-08,East,Home & Kitchen,Coffee Maker,Returning,Online,3,54.15,0.2,30.18,129.96,0,Friday,False
102662,2024-11-08,North,Home & Kitchen,Blender,New,Online,5,42.1,0.0,24.43,210.5,0,Friday,False
102663,2024-11-08,South,Home & Kitchen,Coffee Maker,Loyalty,Online,4,47.67,0.0,51.45,190.68,0,Friday,False
102664,2024-11-08,North,Beauty,Face Serum,Returning,Online,1,30.97,0.0,36.58,30.97,0,Friday,False
102665,2024-11-08,East,Apparel,Running Shoes,Returning,Online,3,68.61,0.0,45.09,205.83,0,Friday,False
102666,2024-11-08,North,Home & Kitchen,Blender,New,Online,4,43.11,0.0,48.91,172.44,0,Friday,False
102667,2024-11-09,North,Beauty,Moisturizer,New,Online,2,25.5,0.0,31.41,51.0,0,Saturday,True
102668,2024-11-09,North,Beauty,Moisturizer,New,Online,5,23.8,0.0,42.0,119.0,0,Saturday,True
102669,2024-11-09,South,Home & Kitchen,Blender,Returning,In-Store,2,37.44,0.2,63.01,59.9,0,Saturday,True
102670,2024-11-09,North,Beauty,Shampoo,Returning,Marketplace,5,13.49,0.0,4.3,67.45,0,Saturday,True
102671,2024-11-09,South,Apparel,Running Shoes,Returning,Online,3,63.61,0.0,0.52,190.83,0,Saturday,True
102672,2024-11-09,South,Apparel,Jacket,Loyalty,Online,5,81.73,0.0,15.91,408.65,0,Saturday,True
102673,2024-11-09,East,Electronics,Smartphone Case,New,Online,2,14.03,0.0,48.91,28.06,0,Saturday,True
102674,2024-11-09,East,Electronics,Smartphone Case,Loyalty,Online,5,14.97,0.0,28.67,74.85,0,Saturday,True
102675,2024-11-10,East,Electronics,Bluetooth Speaker,New,Online,5,59.75,0.0,0.0,298.75,1,Sunday,True
102676,2024-11-10,South,Apparel,T-Shirt,New,Online,3,17.89,0.0,35.49,53.67,0,Sunday,True
102677,2024-11-10,South,Apparel,Running Shoes,New,In-Store,1,67.64,0.0,30.64,67.64,0,Sunday,True
102678,2024-11-10,West,Apparel,Jacket,Returning,Online,5,97.93,0.2,37.36,391.72,0,Sunday,True
102679,2024-11-10,North,Home & Kitchen,Air Fryer,New,Marketplace,4,90.92,0.2,42.36,290.94,0,Sunday,True
102680,2024-11-10,West,Electronics,Power Bank,New,In-Store,1,26.86,0.0,24.12,26.86,0,Sunday,True
102681,2024-11-10,South,Beauty,Face Serum,Returning,Online,3,25.92,0.0,56.94,77.76,0,Sunday,True
102682,2024-11-10,East,Home & Kitchen,Blender,New,In-Store,4,38.64,0.15,0.0,131.38,1,Sunday,True
102683,2024-11-10,South,Apparel,Jacket,Returning,Online,1,80.8,0.0,41.16,80.8,0,Sunday,True
102684,2024-11-10,East,Home & Kitchen,Blender,Returning,Online,4,41.11,0.0,13.44,164.44,0,Sunday,True
102685,2024-11-10,South,Home & Kitchen,Vacuum Cleaner,Loyalty,In-Store,3,104.53,0.0,66.78,313.59,0,Sunday,True
102686,2024-11-10,North,Beauty,Moisturizer,Loyalty,Marketplace,1,25.58,0.0,18.04,25.58,0,Sunday,True
102687,2024-11-10,North,Electronics,Power Bank,Returning,Online,2,26.37,0.0,24.95,52.74,0,Sunday,True
102689,2024-11-11,North,Electronics,Wireless Earbuds,Loyalty,Online,3,50.86,0.1,2.23,137.32,0,Monday,False
102690,2024-11-11,East,Electronics,Wireless Earbuds,Returning,Online,2,45.31,0.0,5.48,90.62,0,Monday,False
102691,2024-11-11,East,Home & Kitchen,Vacuum Cleaner,Returning,In-Store,3,130.9,0.0,12.28,392.7,0,Monday,False
102692,2024-11-11,North,Beauty,Shampoo,New,Marketplace,3,13.79,0.0,31.83,41.37,0,Monday,False
102693,2024-11-11,South,Apparel,Running Shoes,New,Marketplace,4,63.65,0.0,9.03,254.6,0,Monday,False
102694,2024-11-11,South,Beauty,Face Serum,Returning,In-Store,1,27.82,0.0,3.26,27.82,0,Monday,False
102695,2024-11-11,East,Apparel,T-Shirt,Returning,Marketplace,2,18.62,0.0,31.81,37.24,0,Monday,False
102696,2024-11-11,North,Home & Kitchen,Air Fryer,New,In-Store,3,83.63,0.0,39.12,250.89,0,Monday,False
102697,2024-11-11,West,Home & Kitchen,Air Fryer,New,In-Store,2,88.67,0.0,35.26,177.34,0,Monday,False
102698,2024-11-11,North,Electronics,Bluetooth Speaker,Returning,Marketplace,5,64.17,0.0,39.96,320.85,0,Monday,False
102699,2024-11-12,East,Electronics,Wireless Earbuds,Loyalty,Online,3,45.75,0.0,20.87,137.25,0,Tuesday,False
102700,2024-11-12,West,Electronics,Smartphone Case,Loyalty,Online,4,16.68,0.0,53.29,66.72,0,Tuesday,False
102701,2024-11-12,South,Apparel,Running Shoes,New,Marketplace,2,61.41,0.0,56.34,122.82,0,Tuesday,False
102702,2024-11-12,North,Home & Kitchen,Air Fryer,Loyalty,Online,3,88.55,0.0,50.8,265.65,0,Tuesday,False
102703,2024-11-12,South,Electronics,Wireless Earbuds,Loyalty,Marketplace,3,40.13,0.15,41.71,102.33,0,Tuesday,False
102704,2024-11-12,West,Home & Kitchen,Blender,Returning,Online,1,47.02,0.0,5.44,47.02,0,Tuesday,False
102705,2024-11-12,West,Apparel,Jacket,New,Marketplace,2,100.93,0.0,49.53,201.86,0,Tuesday,False
102706,2024-11-12,South,Apparel,Running Shoes,Loyalty,Online,1,67.22,0.0,10.15,67.22,0,Tuesday,False
102707,2024-11-12,West,Apparel,Running Shoes,Loyalty,Marketplace,3,84.46,0.0,7.47,253.38,0,Tuesday,False
102708,2024-11-12,East,Apparel,Backpack,Returning,In-Store,1,49.25,0.0,64.4,49.25,0,Tuesday,False
102709,2024-11-12,South,Home & Kitchen,Coffee Maker,Returning,Online,3,48.02,0.0,22.04,144.06,0,Tuesday,False
102710,2024-11-12,West,Home & Kitchen,Coffee Maker,Loyalty,Online,4,59.59,0.0,27.4,238.36,0,Tuesday,False
102711,2024-11-12,West,Home & Kitchen,Coffee Maker,New,Marketplace,1,62.15,0.0,50.8,62.15,0,Tuesday,False
102712,2024-11-13,South,Home & Kitchen,Vacuum Cleaner,New,Marketplace,3,107.42,0.15,57.44,273.92,0,Wednesday,False
102713,2024-11-13,East,Electronics,Wireless Earbuds,New,Marketplace,1,45.97,0.0,23.1,45.97,0,Wednesday,False
102714,2024-11-13,South,Electronics,Bluetooth Speaker,Loyalty,Online,2,50.91,0.0,50.13,101.82,0,Wednesday,False
102715,2024-11-13,North,Apparel,T-Shirt,New,Online,3,22.34,0.1,34.06,60.32,0,Wednesday,False
102716,2024-11-13,West,Electronics,Wireless Earbuds,New,Marketplace,4,51.38,0.0,23.37,205.52,0,Wednesday,False
102717,2024-11-13,East,Beauty,Lipstick Set,Returning,In-Store,2,24.2,0.0,54.25,48.4,0,Wednesday,False
102718,2024-11-13,West,Electronics,Power Bank,Returning,Online,5,27.78,0.0,7.9,138.9,0,Wednesday,False
102719,2024-11-13,North,Home & Kitchen,Blender,New,In-Store,4,43.39,0.0,28.86,173.56,0,Wednesday,False
102720,2024-11-13,East,Home & Kitchen,Blender,Returning,Online,4,41.49,0.0,69.29,165.96,0,Wednesday,False
102721,2024-11-13,West,Electronics,Power Bank,Returning,In-Store,4,27.98,0.0,55.28,111.92,0,Wednesday,False
102722,2024-11-13,West,Home & Kitchen,Coffee Maker,New,In-Store,2,65.73,0.15,48.99,111.74,0,Wednesday,False
102723,2024-11-14,West,Electronics,Bluetooth Speaker,Returning,In-Store,3,63.17,0.0,4.62,189.51,0,Thursday,False
102724,2024-11-14,East,Apparel,Jacket,New,Marketplace,1,92.45,0.0,59.11,92.45,0,Thursday,False
102725,2024-11-14,East,Home & Kitchen,Blender,New,In-Store,3,37.01,0.0,24.29,111.03,0,Thursday,False
102726,2024-11-14,North,Apparel,T-Shirt,New,Marketplace,1,22.19,0.0,16.1,22.19,0,Thursday,False
102727,2024-11-14,North,Apparel,Running Shoes,New,Marketplace,2,78.34,0.0,52.78,156.68,0,Thursday,False
102728,2024-11-14,East,Apparel,Backpack,Loyalty,Marketplace,5,50.45,0.0,15.23,252.25,0,Thursday,False
102729,2024-11-14,South,Electronics,Power Bank,Returning,Marketplace,4,23.62,0.0,9.69,94.48,0,Thursday,False
102730,2024-11-15,East,Apparel,Jacket,New,Marketplace,1,86.04,0.1,5.55,77.44,0,Friday,False
102731,2024-11-15,East,Electronics,Bluetooth Speaker,New,Online,2,61.87,0.1,51.16,111.37,0,Friday,False
102732,2024-11-15,East,Apparel,Backpack,New,Online,1,48.08,0.15,31.35,40.87,0,Friday,False
102733,2024-11-15,West,Apparel,Running Shoes,Returning,Marketplace,5,80.01,0.0,28.15,400.05,0,Friday,False
102734,2024-11-15,North,Apparel,Backpack,New,Online,5,54.33,0.1,49.22,244.48,0,Friday,False
102735,2024-11-15,North,Apparel,Running Shoes,Loyalty,In-Store,1,74.16,0.0,38.87,74.16,0,Friday,False
102736,2024-11-15,North,Beauty,Lipstick Set,New,Online,2,27.98,0.0,48.64,55.96,0,Friday,False
102737,2024-11-15,West,Beauty,Face Serum,New,Online,2,34.77,0.0,61.31,69.54,0,Friday,False
102738,2024-11-15,West,Apparel,Backpack,Loyalty,Online,5,57.56,0.0,64.08,287.8,0,Friday,False
102739,2024-11-15,North,Apparel,T-Shirt,New,Marketplace,5,23.5,0.15,47.64,99.88,0,Friday,False
102740,2024-11-16,West,Apparel,T-Shirt,Returning,Online,1,23.24,0.1,24.73,20.92,0,Saturday,True
102741,2024-11-16,North,Electronics,Bluetooth Speaker,New,Online,2,63.85,0.2,52.17,102.16,0,Saturday,True
102742,2024-11-16,South,Electronics,Power Bank,New,Marketplace,4,24.1,0.0,16.69,96.4,0,Saturday,True
102743,2024-11-16,South,Electronics,Bluetooth Speaker,Returning,Marketplace,4,50.62,0.0,1.72,202.48,0,Saturday,True
102744,2024-11-16,East,Electronics,Smartphone Case,New,In-Store,1,15.87,0.0,46.26,15.87,0,Saturday,True
102745,2024-11-16,North,Apparel,Backpack,Returning,In-Store,3,54.66,0.0,33.14,163.98,0,Saturday,True
102746,2024-11-16,East,Electronics,Power Bank,Returning,In-Store,3,24.46,0.0,65.4,73.38,0,Saturday,True
102747,2024-11-16,North,Beauty,Lipstick Set,Returning,In-Store,3,29.3,0.0,12.39,87.9,0,Saturday,True
102748,2024-11-16,East,Home & Kitchen,Air Fryer,Loyalty,In-Store,2,81.41,0.15,62.26,138.4,0,Saturday,True
102749,2024-11-16,East,Beauty,Lipstick Set,Returning,Online,2,24.46,0.0,4.65,48.92,0,Saturday,True
102750,2024-11-16,North,Beauty,Lipstick Set,Returning,In-Store,5,25.81,0.0,66.98,129.05,0,Saturday,True
102751,2024-11-16,North,Apparel,Jacket,New,Online,4,101.1,0.0,21.17,404.4,0,Saturday,True
102752,2024-11-16,North,Beauty,Shampoo,Loyalty,Online,4,13.08,0.0,58.75,52.32,0,Saturday,True
102753,2024-11-16,East,Beauty,Lipstick Set,New,In-Store,3,26.14,0.0,34.45,78.42,0,Saturday,True
102754,2024-11-16,South,Electronics,Wireless Earbuds,Loyalty,Online,5,37.65,0.0,33.01,188.25,0,Saturday,True
102755,2024-11-16,North,Apparel,Running Shoes,Loyalty,Online,5,75.7,0.0,23.65,378.5,0,Saturday,True
102756,2024-11-17,West,Electronics,Power Bank,Loyalty,Online,3,31.25,0.15,69.78,79.69,0,Sunday,True
102757,2024-11-17,East,Electronics,Bluetooth Speaker,New,Online,1,61.6,0.0,34.86,61.6,0,Sunday,True
102758,2024-11-17,North,Home & Kitchen,Air Fryer,Loyalty,Marketplace,3,89.97,0.0,51.92,269.91,0,Sunday,True
102759,2024-11-17,West,Apparel,Jacket,Loyalty,Marketplace,3,103.81,0.0,12.11,311.43,0,Sunday,True
102760,2024-11-17,East,Home & Kitchen,Coffee Maker,New,Marketplace,5,56.65,0.0,45.49,283.25,0,Sunday,True
102762,2024-11-17,South,Home & Kitchen,Vacuum Cleaner,New,Online,1,107.45,0.2,47.56,85.96,0,Sunday,True
102763,2024-11-17,West,Apparel,Running Shoes,New,Online,1,85.41,0.0,66.99,85.41,0,Sunday,True
102764,2024-11-17,East,Home & Kitchen,Vacuum Cleaner,Returning,In-Store,3,124.11,0.0,30.17,372.33,0,Sunday,True
102765,2024-11-17,East,Electronics,Wireless Earbuds,New,Marketplace,3,45.35,0.2,61.65,108.84,0,Sunday,True
102766,2024-11-17,East,Beauty,Moisturizer,Returning,Marketplace,3,22.91,0.0,37.54,68.73,0,Sunday,True
102767,2024-11-17,North,Beauty,Face Serum,Loyalty,Marketplace,1,34.12,0.15,1.77,29.0,0,Sunday,True
102768,2024-11-17,South,Apparel,Running Shoes,Loyalty,Marketplace,5,63.86,0.1,15.62,287.37,0,Sunday,True
102769,2024-11-17,South,Apparel,T-Shirt,New,Online,2,15.79,0.1,7.97,28.42,0,Sunday,True
102770,2024-11-17,South,Apparel,Jacket,Loyalty,In-Store,1,78.93,0.1,32.23,71.04,0,Sunday,True
102771,2024-11-18,North,Beauty,Lipstick Set,Returning,Online,2,26.41,0.2,5.18,42.26,0,Monday,False
102772,2024-11-18,North,Apparel,Jacket,Loyalty,Online,1,95.54,0.0,28.95,95.54,0,Monday,False
102773,2024-11-18,East,Electronics,Bluetooth Speaker,New,In-Store,5,56.41,0.0,53.98,282.05,0,Monday,False
102774,2024-11-18,South,Home & Kitchen,Blender,Returning,In-Store,3,37.92,0.0,47.38,113.76,0,Monday,False
102775,2024-11-18,South,Electronics,Smartphone Case,Returning,In-Store,1,14.12,0.0,30.8,14.12,0,Monday,False
102777,2024-11-18,South,Apparel,Jacket,Loyalty,In-Store,2,77.51,0.15,6.68,131.77,0,Monday,False
102778,2024-11-18,East,Electronics,Smartphone Case,Returning,Online,3,16.01,0.0,40.95,48.03,0,Monday,False
102779,2024-11-18,North,Apparel,Jacket,Returning,Marketplace,1,93.33,0.15,41.92,79.33,0,Monday,False
102780,2024-11-18,North,Home & Kitchen,Blender,Returning,Online,1,43.87,0.0,48.74,43.87,0,Monday,False
102781,2024-11-18,South,Apparel,Running Shoes,New,Online,4,61.39,0.0,9.76,245.56,0,Monday,False
102782,2024-11-18,East,Electronics,Power Bank,Returning,Marketplace,1,25.66,0.0,0.1,25.66,0,Monday,False
102783,2024-11-19,North,Beauty,Moisturizer,New,Marketplace,5,23.75,0.0,38.73,118.75,0,Tuesday,False
102784,2024-11-19,South,Beauty,Face Serum,Loyalty,Online,3,25.92,0.0,40.43,77.76,0,Tuesday,False
102785,2024-11-19,East,Apparel,Backpack,New,In-Store,3,50.68,0.0,59.75,152.04,0,Tuesday,False
102786,2024-11-19,East,Beauty,Face Serum,Returning,Online,1,29.76,0.2,7.37,23.81,0,Tuesday,False
102787,2024-11-19,East,Home & Kitchen,Vacuum Cleaner,Returning,Online,2,116.7,0.0,53.97,233.4,0,Tuesday,False
102788,2024-11-19,North,Electronics,Wireless Earbuds,New,Marketplace,4,49.86,0.0,6.66,199.44,0,Tuesday,False
102789,2024-11-19,West,Beauty,Moisturizer,New,Online,1,24.35,0.0,2.41,24.35,0,Tuesday,False
102790,2024-11-19,East,Electronics,Smartphone Case,New,Online,2,16.37,0.0,26.1,32.74,0,Tuesday,False
102791,2024-11-19,West,Home & Kitchen,Blender,Returning,Marketplace,5,46.33,0.0,48.55,231.65,0,Tuesday,False
102792,2024-11-19,South,Home & Kitchen,Air Fryer,Loyalty,In-Store,4,68.06,0.15,60.53,231.4,0,Tuesday,False
102793,2024-11-20,North,Electronics,Power Bank,New,In-Store,5,26.16,0.0,59.12,130.8,0,Wednesday,False
102794,2024-11-20,South,Home & Kitchen,Coffee Maker,Returning,In-Store,2,50.68,0.0,67.1,101.36,0,Wednesday,False
102795,2024-11-20,North,Electronics,Bluetooth Speaker,New,Marketplace,5,66.11,0.15,57.63,280.97,0,Wednesday,False
102796,2024-11-20,South,Electronics,Smartphone Case,Returning,Online,2,14.53,0.0,43.95,29.06,0,Wednesday,False
102797,2024-11-20,South,Apparel,T-Shirt,New,In-Store,5,18.66,0.0,10.87,93.3,0,Wednesday,False
102798,2024-11-20,North,Electronics,Smartphone Case,New,Marketplace,5,16.59,0.0,40.22,82.95,0,Wednesday,False
102799,2024-11-20,North,Beauty,Shampoo,Returning,Online,5,15.1,0.0,27.55,75.5,0,Wednesday,False
102800,2024-11-20,West,Home & Kitchen,Coffee Maker,Returning,Online,4,64.37,0.0,66.63,257.48,0,Wednesday,False
102801,2024-11-20,North,Beauty,Face Serum,Returning,Marketplace,3,33.31,0.15,40.81,84.94,0,Wednesday,False
102802,2024-11-20,South,Electronics,Smartphone Case,New,Online,2,14.89,0.0,3.79,29.78,0,Wednesday,False
102803,2024-11-20,East,Home & Kitchen,Air Fryer,Returning,Marketplace,2,80.75,0.1,25.53,145.35,0,Wednesday,False
102804,2024-11-20,East,Electronics,Smartphone Case,Returning,Online,4,15.23,0.0,44.14,60.92,0,Wednesday,False
102805,2024-11-21,South,Apparel,Running Shoes,Loyalty,Marketplace,4,57.43,0.0,50.77,229.72,0,Thursday,False
102806,2024-11-21,North,Beauty,Moisturizer,Returning,Online,4,24.88,0.0,33.04,99.52,0,Thursday,False
102807,2024-11-21,North,Electronics,Wireless Earbuds,New,Marketplace,5,54.88,0.1,13.98,246.96,0,Thursday,False
102808,2024-11-21,East,Home & Kitchen,Coffee Maker,Loyalty,In-Store,2,50.59,0.0,66.79,101.18,0,Thursday,False
102809,2024-11-21,North,Beauty,Lipstick Set,New,Marketplace,3,27.63,0.0,66.54,82.89,0,Thursday,False
102810,2024-11-21,North,Home & Kitchen,Blender,New,Marketplace,2,46.25,0.0,41.3,92.5,0,Thursday,False
102812,2024-11-21,South,Electronics,Bluetooth Speaker,Returning,Marketplace,4,52.91,0.0,66.6,211.64,0,Thursday,False
102813,2024-11-21,North,Home & Kitchen,Blender,Loyalty,Online,2,44.19,0.0,44.21,88.38,0,Thursday,False
102814,2024-11-21,West,Electronics,Bluetooth Speaker,New,Online,4,69.14,0.0,21.52,276.56,0,Thursday,False
102815,2024-11-21,West,Electronics,Wireless Earbuds,Loyalty,Online,4,46.7,0.1,5.68,168.12,0,Thursday,False
102817,2024-11-21,West,Beauty,Face Serum,Loyalty,Online,4,33.74,0.0,11.78,134.96,0,Thursday,False
102818,2024-11-22,West,Apparel,Running Shoes,New,Online,1,88.48,0.1,66.42,79.63,0,Friday,False
102819,2024-11-22,South,Electronics,Wireless Earbuds,Returning,Online,3,45.34,0.0,47.34,136.02,0,Friday,False
102820,2024-11-22,North,Electronics,Wireless Earbuds,Loyalty,Marketplace,5,50.87,0.0,66.96,254.35,0,Friday,False
102821,2024-11-22,North,Electronics,Wireless Earbuds,New,Online,2,51.45,0.0,12.38,102.9,0,Friday,False
102822,2024-11-22,North,Apparel,Jacket,New,In-Store,4,99.23,0.1,67.83,357.23,0,Friday,False
102823,2024-11-22,South,Electronics,Power Bank,Returning,Online,1,22.5,0.0,13.5,22.5,0,Friday,False
102824,2024-11-22,East,Beauty,Moisturizer,New,Online,3,23.33,0.0,50.65,69.99,0,Friday,False
102825,2024-11-22,North,Electronics,Wireless Earbuds,New,Online,1,49.89,0.15,14.05,42.41,0,Friday,False
102826,2024-11-22,East,Home & Kitchen,Coffee Maker,New,Online,4,51.6,0.15,31.63,175.44,0,Friday,False
102827,2024-11-22,North,Home & Kitchen,Air Fryer,Returning,In-Store,4,92.44,0.0,22.88,369.76,0,Friday,False
102828,2024-11-23,East,Electronics,Smartphone Case,New,Online,5,15.45,0.1,43.48,69.53,0,Saturday,True
102829,2024-11-23,North,Apparel,Backpack,New,In-Store,3,56.32,0.0,6.85,168.96,0,Saturday,True
102831,2024-11-23,North,Apparel,Jacket,New,Online,1,95.54,0.1,3.45,85.99,0,Saturday,True
102832,2024-11-23,East,Electronics,Power Bank,New,Online,4,23.46,0.0,43.62,93.84,0,Saturday,True
102833,2024-11-23,South,Home & Kitchen,Air Fryer,New,In-Store,5,72.91,0.15,44.85,309.87,0,Saturday,True
102834,2024-11-23,South,Home & Kitchen,Blender,Loyalty,Online,3,34.43,0.0,48.04,103.29,0,Saturday,True
102835,2024-11-23,South,Home & Kitchen,Vacuum Cleaner,New,Online,4,102.74,0.1,42.42,369.86,0,Saturday,True
102836,2024-11-23,North,Apparel,Running Shoes,Loyalty,Online,4,79.75,0.0,62.98,319.0,0,Saturday,True
102837,2024-11-23,North,Beauty,Lipstick Set,New,In-Store,5,30.14,0.0,20.58,150.7,0,Saturday,True
102838,2024-11-23,North,Home & Kitchen,Vacuum Cleaner,Returning,Online,3,123.52,0.0,18.18,370.56,0,Saturday,True
102839,2024-11-23,North,Beauty,Shampoo,New,Online,1,13.41,0.0,4.53,13.41,0,Saturday,True
102840,2024-11-23,North,Beauty,Face Serum,Returning,Online,5,33.13,0.0,67.1,165.65,0,Saturday,True
102841,2024-11-23,West,Apparel,T-Shirt,Loyalty,Online,4,22.03,0.15,29.56,74.9,0,Saturday,True
102842,2024-11-24,West,Beauty,Face Serum,New,In-Store,3,36.73,0.15,5.27,93.66,0,Sunday,True
102843,2024-11-24,South,Beauty,Lipstick Set,New,Online,3,21.14,0.1,17.31,57.08,0,Sunday,True
102844,2024-11-24,East,Electronics,Power Bank,New,Online,1,26.11,0.2,20.67,20.89,0,Sunday,True
102846,2024-11-24,West,Beauty,Lipstick Set,Loyalty,In-Store,5,28.53,0.0,61.69,142.65,0,Sunday,True
102847,2024-11-24,North,Home & Kitchen,Coffee Maker,Returning,Online,3,60.7,0.0,59.74,182.1,0,Sunday,True
102848,2024-11-24,North,Home & Kitchen,Coffee Maker,Returning,Marketplace,5,62.24,0.0,44.78,311.2,0,Sunday,True
102849,2024-11-24,West,Beauty,Lipstick Set,Returning,Marketplace,2,28.88,0.0,25.14,57.76,0,Sunday,True
102850,2024-11-24,North,Home & Kitchen,Vacuum Cleaner,Returning,In-Store,2,129.39,0.1,14.08,232.9,0,Sunday,True
102851,2024-11-24,South,Electronics,Wireless Earbuds,New,Marketplace,5,38.72,0.0,69.27,193.6,0,Sunday,True
102852,2024-11-24,East,Electronics,Smartphone Case,Returning,In-Store,1,15.91,0.0,1.79,15.91,0,Sunday,True
102853,2024-11-24,South,Electronics,Wireless Earbuds,Returning,Online,3,37.42,0.15,28.42,95.42,0,Sunday,True
102854,2024-11-24,West,Home & Kitchen,Coffee Maker,New,Online,3,65.06,0.0,69.52,195.18,0,Sunday,True
102855,2024-11-24,East,Apparel,Running Shoes,Returning,In-Store,5,73.07,0.0,58.52,365.35,0,Sunday,True
102856,2024-11-24,West,Apparel,T-Shirt,Returning,In-Store,4,25.66,0.0,42.54,102.64,0,Sunday,True
102857,2024-11-24,South,Electronics,Wireless Earbuds,Returning,Online,5,40.01,0.0,60.03,200.05,0,Sunday,True
102858,2024-11-24,South,Apparel,Running Shoes,Loyalty,Online,4,62.21,0.0,48.5,248.84,0,Sunday,True
102859,2024-11-24,North,Apparel,Running Shoes,Returning,Online,3,76.38,0.0,30.63,229.14,0,Sunday,True
102860,2024-11-24,South,Electronics,Power Bank,New,Online,1,22.71,0.0,10.12,22.71,0,Sunday,True
102861,2024-11-24,South,Beauty,Shampoo,New,Online,4,10.25,0.0,21.63,41.0,0,Sunday,True
102862,2024-11-25,North,Beauty,Lipstick Set,Returning,Online,2,26.2,0.0,67.07,52.4,0,Monday,False
102863,2024-11-25,East,Apparel,Running Shoes,Loyalty,Online,1,72.24,0.0,2.87,72.24,0,Monday,False
102864,2024-11-25,East,Beauty,Moisturizer,New,Marketplace,3,20.63,0.0,26.82,61.89,0,Monday,False
102865,2024-11-25,North,Beauty,Moisturizer,Returning,In-Store,1,24.88,0.0,41.05,24.88,0,Monday,False
102866,2024-11-25,South,Beauty,Moisturizer,New,Online,3,19.38,0.0,64.38,58.14,0,Monday,False
102867,2024-11-25,East,Home & Kitchen,Air Fryer,New,Online,5,78.01,0.15,7.75,331.54,0,Monday,False
102868,2024-11-25,East,Home & Kitchen,Blender,New,In-Store,4,41.43,0.1,69.23,149.15,0,Monday,False
102869,2024-11-25,North,Apparel,Jacket,Loyalty,In-Store,1,96.11,0.0,51.47,96.11,0,Monday,False
102870,2024-11-25,East,Electronics,Bluetooth Speaker,New,Online,2,60.41,0.0,68.58,120.82,0,Monday,False
102871,2024-11-25,South,Beauty,Shampoo,Returning,Online,1,11.14,0.0,22.08,11.14,0,Monday,False
102872,2024-11-25,North,Apparel,Running Shoes,Loyalty,In-Store,3,77.58,0.0,1.97,232.74,0,Monday,False
102873,2024-11-25,North,Electronics,Power Bank,New,Online,4,26.93,0.0,42.5,107.72,0,Monday,False
102874,2024-11-25,North,Beauty,Lipstick Set,Returning,Marketplace,3,27.39,0.0,19.54,82.17,0,Monday,False
102875,2024-11-25,East,Home & Kitchen,Coffee Maker,Returning,Online,4,56.32,0.0,13.51,225.28,0,Monday,False
102876,2024-11-25,North,Apparel,Backpack,Returning,In-Store,3,52.69,0.0,23.07,158.07,0,Monday,False
102877,2024-11-26,South,Apparel,Running Shoes,New,Online,5,62.36,0.0,18.43,311.8,0,Tuesday,False
102878,2024-11-26,South,Apparel,T-Shirt,Returning,Marketplace,4,19.78,0.0,52.49,79.12,0,Tuesday,False
102879,2024-11-26,East,Apparel,Jacket,Returning,Online,4,81.11,0.15,69.61,275.77,0,Tuesday,False
102880,2024-11-26,South,Beauty,Lipstick Set,New,Online,5,21.47,0.0,65.98,107.35,0,Tuesday,False
102881,2024-11-26,East,Beauty,Face Serum,Returning,Online,2,33.18,0.0,2.18,66.36,0,Tuesday,False
102882,2024-11-26,East,Apparel,Running Shoes,Returning,Marketplace,4,72.77,0.0,69.34,291.08,0,Tuesday,False
102883,2024-11-26,North,Electronics,Smartphone Case,Returning,Online,2,16.13,0.0,45.88,32.26,0,Tuesday,False
102884,2024-11-26,North,Home & Kitchen,Coffee Maker,New,Marketplace,1,61.81,0.0,25.56,61.81,0,Tuesday,False
102885,2024-11-26,South,Apparel,Jacket,Returning,Marketplace,5,81.12,0.0,3.04,405.6,0,Tuesday,False
102886,2024-11-26,West,Electronics,Bluetooth Speaker,New,Online,3,68.9,0.2,47.57,165.36,0,Tuesday,False
102887,2024-11-26,South,Apparel,Jacket,Returning,Online,3,81.19,0.15,14.42,207.03,0,Tuesday,False
102888,2024-11-26,South,Home & Kitchen,Coffee Maker,Returning,Online,4,48.15,0.0,16.29,192.6,0,Tuesday,False
102889,2024-11-26,East,Beauty,Moisturizer,Returning,In-Store,3,22.04,0.0,21.56,66.12,0,Tuesday,False
102890,2024-11-26,East,Home & Kitchen,Blender,Returning,Marketplace,5,42.05,0.0,7.89,210.25,0,Tuesday,False
102891,2024-11-26,East,Beauty,Moisturizer,New,Online,2,23.07,0.0,65.52,46.14,0,Tuesday,False
102892,2024-11-26,North,Home & Kitchen,Blender,New,Marketplace,5,41.44,0.1,42.23,186.48,0,Tuesday,False
102893,2024-11-26,South,Apparel,Running Shoes,Loyalty,Online,3,61.46,0.15,27.11,156.72,0,Tuesday,False
102894,2024-11-26,South,Electronics,Power Bank,Loyalty,Online,4,23.11,0.0,46.94,92.44,0,Tuesday,False
102895,2024-11-26,South,Beauty,Face Serum,New,In-Store,1,27.91,0.0,66.35,27.91,0,Tuesday,False
102896,2024-11-27,West,Beauty,Lipstick Set,Loyalty,Online,3,28.16,0.1,35.37,76.03,0,Wednesday,False
102897,2024-11-27,East,Apparel,T-Shirt,Returning,Online,5,20.78,0.0,36.87,103.9,0,Wednesday,False
102900,2024-11-27,East,Apparel,Backpack,New,Online,5,52.64,0.15,68.33,223.72,0,Wednesday,False
102901,2024-11-27,West,Apparel,Backpack,New,In-Store,2,55.31,0.0,27.42,110.62,0,Wednesday,False
102902,2024-11-27,West,Electronics,Bluetooth Speaker,New,Online,4,69.42,0.15,5.52,236.03,0,Wednesday,False
102903,2024-11-27,South,Beauty,Shampoo,Returning,Online,1,11.45,0.0,16.07,11.45,0,Wednesday,False
102904,2024-11-28,South,Home & Kitchen,Air Fryer,Loyalty,Online,4,74.76,0.15,31.85,254.18,0,Thursday,False
102905,2024-11-28,North,Electronics,Smartphone Case,New,Online,1,16.34,0.0,56.2,16.34,0,Thursday,False
102906,2024-11-28,East,Home & Kitchen,Vacuum Cleaner,New,Online,1,122.57,0.0,65.93,122.57,0,Thursday,False
102907,2024-11-28,West,Home & Kitchen,Blender,Returning,Online,4,45.01,0.0,46.48,180.04,0,Thursday,False
102908,2024-11-28,North,Apparel,T-Shirt,New,Online,1,22.29,0.0,0.94,22.29,0,Thursday,False
102909,2024-11-28,West,Apparel,Running Shoes,Loyalty,Online,5,73.22,0.0,24.18,366.1,0,Thursday,False
102910,2024-11-28,West,Beauty,Lipstick Set,Returning,Online,5,28.75,0.0,44.41,143.75,0,Thursday,False
102911,2024-11-28,North,Home & Kitchen,Coffee Maker,Returning,Marketplace,3,65.13,0.0,38.39,195.39,0,Thursday,False
102912,2024-11-28,North,Home & Kitchen,Coffee Maker,New,Online,2,57.06,0.0,58.47,114.12,0,Thursday,False
102913,2024-11-28,South,Beauty,Face Serum,Loyalty,Online,4,25.17,0.0,58.2,100.68,0,Thursday,False
102914,2024-11-28,East,Beauty,Lipstick Set,Loyalty,Marketplace,3,25.58,0.15,51.48,65.23,0,Thursday,False
102916,2024-11-28,North,Electronics,Bluetooth Speaker,Loyalty,Online,3,67.45,0.1,61.85,182.12,0,Thursday,False
102917,2024-11-28,South,Home & Kitchen,Air Fryer,New,Marketplace,2,74.32,0.15,0.92,126.34,0,Thursday,False
102918,2024-11-28,East,Apparel,Running Shoes,Loyalty,In-Store,5,72.7,0.2,36.23,290.8,0,Thursday,False
102919,2024-11-28,West,Beauty,Shampoo,Returning,Online,2,12.68,0.2,67.16,20.29,0,Thursday,False
102920,2024-11-29,North,Electronics,Bluetooth Speaker,New,Marketplace,3,69.95,0.0,24.79,209.85,0,Friday,False
102921,2024-11-29,West,Apparel,Running Shoes,Returning,In-Store,3,79.32,0.0,5.68,237.96,0,Friday,False
102922,2024-11-29,East,Electronics,Power Bank,Returning,In-Store,3,26.42,0.0,38.82,79.26,0,Friday,False
102923,2024-11-29,East,Electronics,Smartphone Case,Returning,Marketplace,5,14.77,0.15,64.06,62.77,0,Friday,False
102924,2024-11-29,South,Apparel,Backpack,Returning,Online,5,42.41,0.1,67.52,190.84,0,Friday,False
102925,2024-11-29,West,Electronics,Smartphone Case,New,In-Store,3,16.69,0.0,57.54,50.07,0,Friday,False
102926,2024-11-29,North,Electronics,Smartphone Case,New,Online,4,16.17,0.0,27.01,64.68,0,Friday,False
102927,2024-11-29,East,Beauty,Moisturizer,Returning,Online,1,21.36,0.15,62.13,18.16,0,Friday,False
102928,2024-11-29,North,Electronics,Wireless Earbuds,Loyalty,Marketplace,5,49.0,0.2,24.77,196.0,0,Friday,False
102929,2024-11-29,South,Electronics,Smartphone Case,Returning,Marketplace,1,13.11,0.0,25.71,13.11,0,Friday,False
102930,2024-11-29,North,Apparel,Backpack,New,Online,2,56.07,0.0,51.77,112.14,0,Friday,False
102931,2024-11-29,North,Apparel,Backpack,Loyalty,Online,1,54.86,0.15,37.44,46.63,0,Friday,False
102932,2024-11-29,South,Beauty,Lipstick Set,New,Marketplace,1,22.54,0.0,0.0,22.54,1,Friday,False
102933,2024-11-29,South,Apparel,T-Shirt,New,Online,3,17.01,0.15,27.91,43.38,0,Friday,False
102934,2024-11-29,North,Home & Kitchen,Blender,Loyalty,Online,3,41.6,0.0,19.64,124.8,0,Friday,False
102935,2024-11-30,West,Beauty,Lipstick Set,Returning,In-Store,2,28.94,0.0,8.74,57.88,0,Saturday,True
102936,2024-11-30,South,Apparel,T-Shirt,New,In-Store,4,17.42,0.0,40.44,69.68,0,Saturday,True
102937,2024-11-30,West,Apparel,Backpack,Loyalty,In-Store,4,56.38,0.0,27.1,225.52,0,Saturday,True
102938,2024-11-30,West,Beauty,Face Serum,New,Online,4,34.11,0.0,16.7,136.44,0,Saturday,True
102939,2024-11-30,East,Home & Kitchen,Blender,New,Online,5,40.22,0.0,41.48,201.1,0,Saturday,True
102940,2024-11-30,South,Home & Kitchen,Vacuum Cleaner,New,In-Store,3,105.57,0.1,4.27,285.04,0,Saturday,True
102941,2024-11-30,West,Beauty,Moisturizer,Returning,Online,4,24.69,0.0,64.69,98.76,0,Saturday,True
102942,2024-11-30,North,Apparel,T-Shirt,Loyalty,In-Store,3,21.26,0.0,13.27,63.78,0,Saturday,True
102943,2024-11-30,East,Home & Kitchen,Coffee Maker,Returning,In-Store,4,54.33,0.0,52.0,217.32,0,Saturday,True
102944,2024-11-30,East,Home & Kitchen,Air Fryer,Returning,Online,3,82.08,0.0,58.72,246.24,0,Saturday,True
102945,2024-11-30,South,Apparel,Jacket,Returning,Marketplace,1,74.35,0.0,20.58,74.35,0,Saturday,True
102946,2024-11-30,North,Electronics,Wireless Earbuds,Loyalty,In-Store,4,50.83,0.0,24.43,203.32,0,Saturday,True
102947,2024-11-30,East,Apparel,Backpack,New,Marketplace,2,51.94,0.0,22.92,103.88,0,Saturday,True
102948,2024-11-30,South,Home & Kitchen,Coffee Maker,Returning,Online,2,54.21,0.1,27.48,97.58,0,Saturday,True
102949,2024-11-30,East,Apparel,Running Shoes,New,Online,1,69.96,0.0,45.37,69.96,0,Saturday,True
102950,2024-11-30,North,Home & Kitchen,Vacuum Cleaner,Returning,Marketplace,2,132.67,0.0,45.02,265.34,0,Saturday,True
102951,2024-11-30,South,Electronics,Power Bank,Returning,Marketplace,3,23.67,0.0,8.97,71.01,0,Saturday,True
102952,2024-12-01,North,Apparel,Jacket,New,Online,1,93.16,0.0,68.37,93.16,0,Sunday,True
102953,2024-12-01,North,Home & Kitchen,Vacuum Cleaner,Returning,In-Store,2,136.38,0.0,0.0,272.76,1,Sunday,True
102954,2024-12-01,South,Beauty,Shampoo,Loyalty,In-Store,5,10.99,0.0,6.62,54.95,0,Sunday,True
102955,2024-12-01,South,Apparel,Running Shoes,Returning,Online,5,61.74,0.15,34.08,262.4,0,Sunday,True
102956,2024-12-01,North,Home & Kitchen,Vacuum Cleaner,Returning,Online,2,121.14,0.15,23.26,205.94,0,Sunday,True
102957,2024-12-01,East,Apparel,Running Shoes,Returning,In-Store,3,67.94,0.0,14.45,203.82,0,Sunday,True
102958,2024-12-01,South,Home & Kitchen,Coffee Maker,New,Online,3,49.34,0.0,15.87,148.02,0,Sunday,True
102959,2024-12-01,East,Electronics,Smartphone Case,Loyalty,In-Store,2,16.34,0.2,18.92,26.14,0,Sunday,True
102961,2024-12-01,East,Home & Kitchen,Vacuum Cleaner,Returning,Online,2,109.84,0.0,19.84,219.68,0,Sunday,True
102962,2024-12-01,West,Electronics,Bluetooth Speaker,New,In-Store,2,69.4,0.0,20.65,138.8,0,Sunday,True
102963,2024-12-01,North,Electronics,Wireless Earbuds,Loyalty,Marketplace,4,45.64,0.15,28.61,155.18,0,Sunday,True
102964,2024-12-01,West,Beauty,Lipstick Set,New,Online,1,30.73,0.0,44.22,30.73,0,Sunday,True
102965,2024-12-01,West,Apparel,T-Shirt,New,Online,4,25.31,0.15,7.1,86.05,0,Sunday,True
102966,2024-12-01,East,Apparel,T-Shirt,Returning,Online,5,20.3,0.0,22.03,101.5,0,Sunday,True
102967,2024-12-01,West,Apparel,Running Shoes,New,Online,3,81.65,0.0,29.74,244.95,0,Sunday,True
102968,2024-12-01,East,Apparel,T-Shirt,Loyalty,Online,5,19.28,0.0,54.1,96.4,0,Sunday,True
102969,2024-12-01,North,Apparel,Jacket,Returning,Online,1,106.08,0.0,68.99,106.08,0,Sunday,True
102970,2024-12-01,West,Beauty,Face Serum,Returning,In-Store,2,38.53,0.0,44.98,77.06,0,Sunday,True
102971,2024-12-01,West,Apparel,Jacket,New,Online,2,108.67,0.0,62.16,217.34,0,Sunday,True
102972,2024-12-01,East,Apparel,T-Shirt,Returning,In-Store,3,20.07,0.1,60.28,54.19,0,Sunday,True
102973,2024-12-01,West,Apparel,Running Shoes,New,In-Store,2,82.53,0.0,22.67,165.06,0,Sunday,True
102975,2024-12-02,North,Electronics,Power Bank,New,In-Store,3,27.15,0.0,41.97,81.45,0,Monday,False
102976,2024-12-02,East,Electronics,Power Bank,New,Online,3,23.4,0.0,8.15,70.2,0,Monday,False
102977,2024-12-02,West,Electronics,Wireless Earbuds,Returning,In-Store,3,50.76,0.0,2.42,152.28,0,Monday,False
102978,2024-12-02,West,Apparel,T-Shirt,Returning,Online,1,22.8,0.2,24.47,18.24,0,Monday,False
102979,2024-12-02,North,Home & Kitchen,Blender,New,Marketplace,3,43.98,0.0,18.95,131.94,0,Monday,False
102980,2024-12-02,South,Beauty,Lipstick Set,New,In-Store,2,23.23,0.15,34.75,39.49,0,Monday,False
102981,2024-12-02,East,Home & Kitchen,Vacuum Cleaner,Returning,Online,1,112.61,0.0,19.29,112.61,0,Monday,False
102982,2024-12-02,West,Beauty,Moisturizer,Returning,In-Store,4,24.42,0.0,60.73,97.68,0,Monday,False
102983,2024-12-03,North,Home & Kitchen,Coffee Maker,Loyalty,Online,4,59.92,0.0,26.76,239.68,0,Tuesday,False
102985,2024-12-03,West,Apparel,Jacket,Returning,Online,2,110.65,0.15,19.83,188.1,0,Tuesday,False
102986,2024-12-03,North,Electronics,Smartphone Case,Returning,Online,1,17.17,0.15,10.6,14.59,0,Tuesday,False
102987,2024-12-03,South,Beauty,Lipstick Set,Returning,In-Store,2,22.69,0.0,35.18,45.38,0,Tuesday,False
102988,2024-12-03,West,Beauty,Shampoo,New,In-Store,5,14.39,0.15,27.17,61.16,0,Tuesday,False
102989,2024-12-03,South,Apparel,T-Shirt,Loyalty,In-Store,5,18.81,0.0,17.01,94.05,0,Tuesday,False
102990,2024-12-03,North,Apparel,Backpack,Loyalty,Online,4,57.59,0.0,1.52,230.36,0,Tuesday,False
102991,2024-12-03,East,Apparel,T-Shirt,Returning,In-Store,2,19.67,0.0,56.59,39.34,0,Tuesday,False
102992,2024-12-03,East,Beauty,Face Serum,Returning,In-Store,4,32.69,0.0,39.82,130.76,0,Tuesday,False
102993,2024-12-03,South,Beauty,Face Serum,Returning,Online,2,30.03,0.0,48.61,60.06,0,Tuesday,False
102994,2024-12-03,West,Beauty,Lipstick Set,New,Marketplace,3,30.43,0.0,25.57,91.29,0,Tuesday,False
102996,2024-12-03,West,Beauty,Lipstick Set,Loyalty,Online,5,28.12,0.0,50.84,140.6,0,Tuesday,False
102997,2024-12-04,South,Home & Kitchen,Coffee Maker,New,In-Store,4,47.59,0.1,6.32,171.32,0,Wednesday,False
102998,2024-12-04,East,Electronics,Smartphone Case,New,Online,2,14.68,0.0,64.84,29.36,0,Wednesday,False
102999,2024-12-04,South,Home & Kitchen,Vacuum Cleaner,Returning,In-Store,1,105.19,0.0,3.54,105.19,0,Wednesday,False
103000,2024-12-04,East,Beauty,Face Serum,Returning,Marketplace,5,29.36,0.0,66.45,146.8,0,Wednesday,False
103001,2024-12-04,East,Electronics,Power Bank,Returning,Online,3,25.55,0.0,11.83,76.65,0,Wednesday,False
103003,2024-12-04,East,Beauty,Moisturizer,New,Online,2,23.99,0.2,53.49,38.38,0,Wednesday,False
103004,2024-12-04,West,Beauty,Moisturizer,Returning,Online,3,27.57,0.0,46.11,82.71,0,Wednesday,False
103005,2024-12-04,South,Beauty,Shampoo,Loyalty,Online,1,10.33,0.0,32.57,10.33,0,Wednesday,False
103006,2024-12-04,West,Beauty,Lipstick Set,New,Marketplace,5,29.05,0.0,50.74,145.25,0,Wednesday,False
103007,2024-12-04,East,Home & Kitchen,Coffee Maker,Returning,Online,4,52.96,0.0,64.33,211.84,0,Wednesday,False
103008,2024-12-04,East,Home & Kitchen,Blender,Loyalty,Marketplace,5,42.14,0.15,36.24,179.1,0,Wednesday,False
103009,2024-12-04,South,Apparel,T-Shirt,Returning,Online,2,19.4,0.0,15.65,38.8,0,Wednesday,False
103010,2024-12-05,North,Apparel,Running Shoes,New,Online,4,80.02,0.0,19.59,320.08,0,Thursday,False
103012,2024-12-05,East,Apparel,Running Shoes,New,Online,3,73.28,0.0,22.87,219.84,0,Thursday,False
103013,2024-12-05,East,Electronics,Smartphone Case,New,Marketplace,2,16.07,0.0,16.96,32.14,0,Thursday,False
103015,2024-12-05,West,Electronics,Bluetooth Speaker,New,Marketplace,1,63.27,0.2,19.46,50.62,0,Thursday,False
103016,2024-12-05,North,Beauty,Face Serum,Loyalty,Online,3,32.42,0.0,41.91,97.26,0,Thursday,False
103017,2024-12-05,South,Electronics,Smartphone Case,New,In-Store,4,14.09,0.0,57.48,56.36,0,Thursday,False
103018,2024-12-05,North,Beauty,Shampoo,Returning,Marketplace,4,13.3,0.0,17.66,53.2,0,Thursday,False
103019,2024-12-05,South,Electronics,Smartphone Case,Loyalty,Online,2,12.93,0.0,0.0,25.86,0,Thursday,False
103020,2024-12-05,East,Beauty,Shampoo,New,In-Store,5,12.75,0.0,55.85,63.75,0,Thursday,False
103021,2024-12-05,North,Electronics,Power Bank,New,In-Store,2,30.03,0.0,50.53,60.06,0,Thursday,False
103022,2024-12-05,North,Electronics,Smartphone Case,Loyalty,Online,4,16.98,0.0,59.65,67.92,0,Thursday,False
103023,2024-12-06,South,Beauty,Shampoo,Returning,Marketplace,3,10.69,0.0,67.4,32.07,0,Friday,False
103024,2024-12-06,West,Apparel,Running Shoes,Loyalty,In-Store,3,79.37,0.0,33.65,238.11,0,Friday,False
103025,2024-12-06,North,Beauty,Shampoo,Returning,Online,2,13.57,0.1,45.06,24.43,0,Friday,False
103026,2024-12-06,South,Electronics,Smartphone Case,Returning,In-Store,1,13.87,0.0,40.97,13.87,0,Friday,False
103027,2024-12-06,West,Home & Kitchen,Blender,New,In-Store,1,48.07,0.0,57.76,48.07,0,Friday,False
103028,2024-12-06,North,Home & Kitchen,Air Fryer,Returning,Online,4,86.42,0.0,1.24,345.68,0,Friday,False
103029,2024-12-06,East,Apparel,Backpack,New,In-Store,2,48.75,0.0,21.13,97.5,0,Friday,False
103030,2024-12-06,West,Beauty,Shampoo,Loyalty,Online,3,13.36,0.0,52.31,40.08,0,Friday,False
103031,2024-12-06,North,Home & Kitchen,Vacuum Cleaner,Returning,Online,2,139.87,0.0,54.52,279.74,0,Friday,False
103033,2024-12-06,West,Electronics,Smartphone Case,Returning,Online,3,18.31,0.0,20.7,54.93,0,Friday,False
103034,2024-12-07,South,Electronics,Bluetooth Speaker,New,In-Store,3,57.92,0.0,68.54,173.76,0,Saturday,True
103035,2024-12-07,North,Beauty,Moisturizer,Returning,Online,1,23.1,0.0,17.48,23.1,0,Saturday,True
103036,2024-12-07,North,Home & Kitchen,Vacuum Cleaner,New,Online,1,130.19,0.0,22.83,130.19,0,Saturday,True
103037,2024-12-07,West,Apparel,Backpack,Returning,Online,5,61.73,0.1,57.08,277.78,0,Saturday,True
103038,2024-12-07,North,Apparel,T-Shirt,New,Online,4,23.43,0.0,43.91,93.72,0,Saturday,True
103039,2024-12-07,East,Beauty,Moisturizer,Returning,In-Store,4,22.14,0.0,41.41,88.56,0,Saturday,True
103040,2024-12-07,East,Beauty,Lipstick Set,Returning,In-Store,5,27.33,0.0,26.96,136.65,0,Saturday,True
103041,2024-12-07,West,Electronics,Power Bank,Loyalty,In-Store,5,29.05,0.0,2.02,145.25,0,Saturday,True
103042,2024-12-07,East,Beauty,Moisturizer,Returning,Online,5,20.45,0.0,43.62,102.25,0,Saturday,True
103043,2024-12-07,East,Beauty,Lipstick Set,Returning,Online,5,25.68,0.15,21.4,109.14,0,Saturday,True
103044,2024-12-07,South,Electronics,Smartphone Case,Loyalty,In-Store,2,12.84,0.0,34.08,25.68,0,Saturday,True
103045,2024-12-07,East,Electronics,Power Bank,New,In-Store,1,25.71,0.0,41.84,25.71,0,Saturday,True
103046,2024-12-07,West,Electronics,Smartphone Case,Returning,Marketplace,4,16.89,0.0,65.19,67.56,0,Saturday,True
103047,2024-12-07,East,Apparel,Backpack,New,Online,3,53.31,0.0,7.45,159.93,0,Saturday,True
103048,2024-12-07,South,Beauty,Shampoo,New,Online,5,11.13,0.15,66.93,47.3,0,Saturday,True
103049,2024-12-07,South,Electronics,Power Bank,New,Online,1,23.69,0.0,3.66,23.69,0,Saturday,True
103050,2024-12-08,East,Electronics,Power Bank,New,Online,1,24.53,0.0,30.68,24.53,0,Sunday,True
103051,2024-12-08,North,Apparel,Jacket,Loyalty,In-Store,3,98.09,0.0,39.24,294.27,0,Sunday,True
103052,2024-12-08,West,Apparel,Jacket,Returning,In-Store,3,114.53,0.0,17.78,343.59,0,Sunday,True
103053,2024-12-08,North,Electronics,Power Bank,New,Online,4,28.84,0.0,3.95,115.36,0,Sunday,True
103054,2024-12-08,North,Apparel,Backpack,New,Online,2,56.41,0.15,52.47,95.9,0,Sunday,True
103055,2024-12-08,North,Apparel,Running Shoes,Returning,Online,1,79.27,0.0,19.25,79.27,0,Sunday,True
103056,2024-12-08,North,Electronics,Power Bank,Returning,In-Store,5,27.5,0.1,45.83,123.75,0,Sunday,True
103057,2024-12-08,East,Beauty,Lipstick Set,New,Marketplace,5,23.75,0.0,60.17,118.75,0,Sunday,True
103058,2024-12-08,West,Electronics,Power Bank,Loyalty,Online,3,28.16,0.0,15.04,84.48,0,Sunday,True
103059,2024-12-08,West,Apparel,Running Shoes,New,Online,5,75.43,0.0,57.85,377.15,0,Sunday,True
103060,2024-12-08,South,Electronics,Wireless Earbuds,New,Online,5,38.87,0.0,41.48,194.35,0,Sunday,True
103061,2024-12-08,South,Home & Kitchen,Coffee Maker,Returning,In-Store,3,47.61,0.0,61.86,142.83,0,Sunday,True
103062,2024-12-08,East,Home & Kitchen,Vacuum Cleaner,New,Online,1,116.58,0.0,18.58,116.58,0,Sunday,True
103063,2024-12-08,East,Home & Kitchen,Coffee Maker,New,In-Store,1,58.06,0.0,56.96,58.06,0,Sunday,True
103064,2024-12-09,South,Beauty,Moisturizer,Returning,Online,4,20.59,0.15,19.91,70.01,0,Monday,False
103065,2024-12-09,North,Electronics,Bluetooth Speaker,Loyalty,In-Store,5,69.69,0.0,37.8,348.45,0,Monday,False
103066,2024-12-09,North,Beauty,Lipstick Set,Returning,Marketplace,2,27.74,0.0,15.4,55.48,0,Monday,False
103067,2024-12-09,East,Home & Kitchen,Blender,New,In-Store,5,41.6,0.0,4.3,208.0,0,Monday,False
103068,2024-12-09,East,Home & Kitchen,Coffee Maker,New,Online,1,55.59,0.0,4.95,55.59,0,Monday,False
103069,2024-12-09,North,Beauty,Shampoo,Returning,Online,4,12.59,0.0,23.25,50.36,0,Monday,False
103070,2024-12-09,South,Beauty,Moisturizer,New,Online,2,20.68,0.15,21.1,35.16,0,Monday,False
103072,2024-12-09,North,Beauty,Moisturizer,New,Marketplace,5,22.21,0.0,62.95,111.05,0,Monday,False
103073,2024-12-09,North,Apparel,Running Shoes,New,In-Store,3,76.91,0.0,29.68,230.73,0,Monday,False
103074,2024-12-09,East,Electronics,Smartphone Case,Returning,Online,5,15.07,0.0,28.4,75.35,0,Monday,False
103075,2024-12-09,North,Beauty,Moisturizer,Returning,Online,2,23.59,0.0,7.64,47.18,0,Monday,False
103076,2024-12-10,West,Home & Kitchen,Blender,Returning,Online,3,47.69,0.1,32.34,128.76,0,Tuesday,False
103077,2024-12-10,West,Electronics,Wireless Earbuds,Returning,Marketplace,1,52.51,0.15,5.79,44.63,0,Tuesday,False
103078,2024-12-10,East,Electronics,Smartphone Case,New,In-Store,3,14.74,0.0,34.93,44.22,0,Tuesday,False
103079,2024-12-10,North,Beauty,Lipstick Set,Loyalty,Marketplace,2,24.89,0.0,44.84,49.78,0,Tuesday,False
103080,2024-12-10,West,Home & Kitchen,Air Fryer,Loyalty,Marketplace,4,94.57,0.0,9.26,378.28,0,Tuesday,False
103081,2024-12-10,North,Home & Kitchen,Air Fryer,New,Marketplace,3,92.04,0.0,34.0,276.12,0,Tuesday,False
103082,2024-12-10,South,Beauty,Lipstick Set,Loyalty,In-Store,4,22.29,0.0,66.77,89.16,0,Tuesday,False
103083,2024-12-10,East,Home & Kitchen,Vacuum Cleaner,Loyalty,In-Store,1,114.62,0.0,50.71,114.62,0,Tuesday,False
103084,2024-12-10,North,Apparel,T-Shirt,Returning,In-Store,1,20.43,0.0,42.37,20.43,0,Tuesday,False
103085,2024-12-10,West,Electronics,Smartphone Case,New,Online,3,16.38,0.0,37.94,49.14,0,Tuesday,False
103086,2024-12-10,East,Beauty,Moisturizer,New,In-Store,5,22.93,0.0,60.26,114.65,0,Tuesday,False
103087,2024-12-10,East,Apparel,Jacket,New,Online,2,94.22,0.0,51.61,188.44,0,Tuesday,False
103088,2024-12-10,South,Home & Kitchen,Coffee Maker,Loyalty,Marketplace,4,49.05,0.1,26.46,176.58,0,Tuesday,False
103089,2024-12-10,West,Home & Kitchen,Vacuum Cleaner,Returning,Online,2,133.22,0.0,29.3,266.44,0,Tuesday,False
103090,2024-12-10,North,Apparel,Running Shoes,New,In-Store,4,76.4,0.0,1.31,305.6,0,Tuesday,False
103091,2024-12-10,West,Electronics,Power Bank,Returning,Marketplace,1,29.26,0.15,45.21,24.87,0,Tuesday,False
103092,2024-12-10,North,Apparel,Backpack,New,Online,3,54.85,0.0,2.98,164.55,0,Tuesday,False
103093,2024-12-10,East,Beauty,Face Serum,Returning,Online,4,29.77,0.0,45.43,119.08,0,Tuesday,False
103094,2024-12-11,West,Apparel,Jacket,New,Online,1,104.84,0.0,53.86,104.84,0,Wednesday,False
103095,2024-12-11,North,Apparel,Jacket,Returning,Online,1,95.74,0.0,1.23,95.74,0,Wednesday,False
103096,2024-12-11,North,Home & Kitchen,Air Fryer,Loyalty,Online,2,88.76,0.2,48.64,142.02,0,Wednesday,False
103097,2024-12-11,East,Home & Kitchen,Coffee Maker,Loyalty,Online,1,60.1,0.2,64.85,48.08,0,Wednesday,False
103098,2024-12-11,West,Beauty,Lipstick Set,Returning,Online,1,28.78,0.0,25.35,28.78,0,Wednesday,False
103099,2024-12-11,West,Beauty,Lipstick Set,New,Online,2,30.88,0.0,57.45,61.76,0,Wednesday,False
103101,2024-12-11,South,Electronics,Wireless Earbuds,Returning,Marketplace,5,37.74,0.0,0.81,188.7,0,Wednesday,False
103102,2024-12-11,South,Home & Kitchen,Coffee Maker,New,In-Store,3,49.84,0.0,36.14,149.52,0,Wednesday,False
103103,2024-12-12,North,Apparel,Backpack,Loyalty,Online,1,58.9,0.0,12.82,58.9,0,Thursday,False
103104,2024-12-12,North,Beauty,Lipstick Set,New,Online,5,27.72,0.0,26.21,138.6,0,Thursday,False
103105,2024-12-12,North,Apparel,T-Shirt,Returning,In-Store,3,22.62,0.15,3.41,57.68,0,Thursday,False
103106,2024-12-12,South,Beauty,Moisturizer,Loyalty,Online,5,21.04,0.0,41.46,105.2,0,Thursday,False
103107,2024-12-12,East,Beauty,Shampoo,Loyalty,Online,4,11.17,0.0,1.94,44.68,0,Thursday,False
103108,2024-12-12,North,Electronics,Wireless Earbuds,Returning,Online,4,46.46,0.0,50.28,185.84,0,Thursday,False
103109,2024-12-12,East,Beauty,Shampoo,Returning,Online,1,11.08,0.15,38.67,9.42,0,Thursday,False
103110,2024-12-12,East,Home & Kitchen,Air Fryer,Loyalty,In-Store,1,77.79,0.0,36.9,77.79,0,Thursday,False
103111,2024-12-12,South,Home & Kitchen,Air Fryer,New,Online,4,73.08,0.1,26.68,263.09,0,Thursday,False
103112,2024-12-12,North,Home & Kitchen,Air Fryer,Returning,Online,2,85.62,0.0,31.55,171.24,0,Thursday,False
103113,2024-12-12,East,Beauty,Face Serum,Loyalty,Online,1,30.04,0.0,4.69,30.04,0,Thursday,False
103115,2024-12-12,West,Electronics,Bluetooth Speaker,New,Online,1,70.93,0.0,37.42,70.93,0,Thursday,False
103116,2024-12-12,North,Apparel,Jacket,Loyalty,Online,4,89.34,0.0,52.03,357.36,0,Thursday,False
103117,2024-12-12,South,Apparel,Running Shoes,New,Marketplace,4,63.64,0.0,50.07,254.56,0,Thursday,False
103118,2024-12-12,West,Home & Kitchen,Vacuum Cleaner,Returning,Online,1,133.14,0.0,25.97,133.14,0,Thursday,False
103119,2024-12-12,South,Home & Kitchen,Air Fryer,Returning,In-Store,3,65.7,0.0,22.3,197.1,0,Thursday,False
103120,2024-12-13,North,Beauty,Face Serum,New,Online,4,33.83,0.0,3.32,135.32,0,Friday,False
103121,2024-12-13,North,Apparel,Jacket,Loyalty,Online,4,87.66,0.0,30.44,350.64,0,Friday,False
103122,2024-12-13,South,Apparel,Running Shoes,Loyalty,Online,1,63.31,0.0,30.81,63.31,0,Friday,False
103123,2024-12-13,East,Apparel,Running Shoes,New,Online,1,75.98,0.0,69.12,75.98,0,Friday,False
103124,2024-12-13,East,Apparel,Jacket,New,Online,3,93.08,0.0,19.09,279.24,0,Friday,False
103125,2024-12-13,North,Home & Kitchen,Blender,Returning,Marketplace,1,41.23,0.0,24.02,41.23,0,Friday,False
103126,2024-12-13,East,Electronics,Bluetooth Speaker,New,In-Store,3,56.24,0.0,55.07,168.72,0,Friday,False
103127,2024-12-13,North,Electronics,Smartphone Case,Loyalty,Online,2,15.7,0.0,22.7,31.4,0,Friday,False
103128,2024-12-13,East,Electronics,Bluetooth Speaker,Returning,Online,4,57.67,0.0,43.25,230.68,0,Friday,False
103129,2024-12-13,East,Home & Kitchen,Air Fryer,Returning,Online,5,76.3,0.0,13.09,381.5,0,Friday,False
103130,2024-12-13,East,Apparel,Jacket,New,In-Store,1,88.22,0.0,9.71,88.22,0,Friday,False
103131,2024-12-14,North,Electronics,Bluetooth Speaker,Returning,In-Store,5,62.92,0.1,27.12,283.14,0,Saturday,True
103132,2024-12-14,East,Apparel,Running Shoes,New,Online,2,67.82,0.1,11.41,122.08,0,Saturday,True
103133,2024-12-14,East,Electronics,Wireless Earbuds,New,Online,2,43.15,0.1,37.24,77.67,0,Saturday,True
103134,2024-12-14,East,Beauty,Lipstick Set,New,In-Store,2,25.3,0.15,36.96,43.01,0,Saturday,True
103135,2024-12-14,North,Apparel,Jacket,Loyalty,Marketplace,4,97.74,0.0,14.67,390.96,0,Saturday,True
103136,2024-12-14,North,Beauty,Shampoo,New,Online,1,14.01,0.0,50.6,14.01,0,Saturday,True
103137,2024-12-14,West,Home & Kitchen,Coffee Maker,Returning,Online,1,64.53,0.0,57.93,64.53,0,Saturday,True
103138,2024-12-14,South,Home & Kitchen,Air Fryer,New,Marketplace,2,72.49,0.0,48.91,144.98,0,Saturday,True
103139,2024-12-14,South,Apparel,T-Shirt,New,Online,3,18.84,0.0,52.87,56.52,0,Saturday,True
103140,2024-12-14,South,Home & Kitchen,Coffee Maker,Loyalty,Online,4,49.7,0.0,55.85,198.8,0,Saturday,True
103141,2024-12-14,East,Apparel,Running Shoes,Returning,Online,5,68.85,0.0,16.56,344.25,0,Saturday,True
103142,2024-12-14,South,Beauty,Shampoo,New,Online,5,10.79,0.1,60.36,48.56,0,Saturday,True
103143,2024-12-14,West,Electronics,Bluetooth Speaker,Returning,Online,5,67.65,0.15,23.15,287.51,0,Saturday,True
103144,2024-12-14,North,Electronics,Bluetooth Speaker,New,Online,3,69.89,0.1,20.85,188.7,0,Saturday,True
103145,2024-12-14,North,Electronics,Bluetooth Speaker,New,Online,4,67.61,0.0,8.88,270.44,0,Saturday,True
103146,2024-12-14,North,Apparel,Jacket,New,Marketplace,1,100.33,0.15,24.79,85.28,0,Saturday,True
103147,2024-12-14,East,Home & Kitchen,Air Fryer,Returning,Online,2,78.68,0.0,49.83,157.36,0,Saturday,True
103148,2024-12-14,East,Apparel,Backpack,Returning,In-Store,1,45.99,0.0,28.3,45.99,0,Saturday,True
103149,2024-12-14,West,Beauty,Shampoo,New,Marketplace,2,13.47,0.0,30.72,26.94,0,Saturday,True
103150,2024-12-14,North,Electronics,Wireless Earbuds,Returning,Online,2,49.62,0.0,69.31,99.24,0,Saturday,True
103152,2024-12-15,South,Beauty,Lipstick Set,Loyalty,Online,3,21.93,0.0,49.58,65.79,0,Sunday,True
103153,2024-12-15,East,Electronics,Bluetooth Speaker,New,Online,2,59.2,0.0,57.29,118.4,0,Sunday,True
103154,2024-12-15,West,Beauty,Lipstick Set,Returning,Online,2,30.95,0.0,29.44,61.9,0,Sunday,True
103155,2024-12-15,East,Electronics,Smartphone Case,New,Online,3,15.31,0.1,53.42,41.34,0,Sunday,True
103156,2024-12-15,East,Home & Kitchen,Coffee Maker,New,Marketplace,3,54.51,0.0,13.11,163.53,0,Sunday,True
103157,2024-12-15,South,Electronics,Power Bank,New,Marketplace,2,22.9,0.0,13.8,45.8,0,Sunday,True
103158,2024-12-15,East,Electronics,Bluetooth Speaker,Returning,In-Store,2,58.61,0.15,51.15,99.64,0,Sunday,True
103159,2024-12-15,North,Beauty,Face Serum,New,Online,2,32.83,0.0,14.57,65.66,0,Sunday,True
103160,2024-12-15,East,Beauty,Shampoo,Returning,Online,2,12.35,0.2,35.42,19.76,0,Sunday,True
103161,2024-12-15,West,Electronics,Power Bank,Returning,Online,5,29.22,0.0,50.66,146.1,0,Sunday,True
103162,2024-12-15,North,Apparel,Running Shoes,Returning,Marketplace,2,70.87,0.2,43.93,113.39,0,Sunday,True
103163,2024-12-15,South,Home & Kitchen,Air Fryer,New,Online,2,68.7,0.0,16.39,137.4,0,Sunday,True
103165,2024-12-15,West,Beauty,Lipstick Set,New,Online,3,26.92,0.0,45.79,80.76,0,Sunday,True
103166,2024-12-15,East,Beauty,Lipstick Set,Returning,Online,5,24.73,0.0,52.07,123.65,0,Sunday,True
103168,2024-12-15,South,Beauty,Lipstick Set,Returning,Marketplace,1,23.49,0.0,47.58,23.49,0,Sunday,True
103169,2024-12-15,East,Home & Kitchen,Coffee Maker,New,In-Store,4,53.24,0.0,0.71,212.96,0,Sunday,True
103170,2024-12-15,East,Apparel,T-Shirt,Returning,In-Store,2,20.21,0.15,7.06,34.36,0,Sunday,True
103171,2024-12-15,West,Home & Kitchen,Blender,Loyalty,Online,5,45.59,0.0,50.99,227.95,0,Sunday,True
103172,2024-12-16,North,Apparel,Running Shoes,Returning,Online,4,73.17,0.0,38.2,292.68,0,Monday,False
103173,2024-12-16,North,Apparel,Running Shoes,New,Online,1,81.56,0.0,51.09,81.56,0,Monday,False
103174,2024-12-16,North,Home & Kitchen,Blender,Loyalty,Online,5,44.8,0.15,22.99,190.4,0,Monday,False
103175,2024-12-16,East,Home & Kitchen,Vacuum Cleaner,Returning,Online,3,124.33,0.1,64.12,335.69,0,Monday,False
103176,2024-12-16,North,Beauty,Face Serum,Loyalty,Online,2,33.71,0.0,10.92,67.42,0,Monday,False
103177,2024-12-16,South,Home & Kitchen,Blender,New,In-Store,2,35.37,0.0,37.44,70.74,0,Monday,False
103178,2024-12-16,South,Beauty,Moisturizer,New,In-Store,3,18.37,0.0,26.42,55.11,0,Monday,False
103179,2024-12-16,East,Electronics,Bluetooth Speaker,Loyalty,Marketplace,1,62.76,0.0,18.78,62.76,0,Monday,False
103180,2024-12-16,West,Home & Kitchen,Air Fryer,Returning,Online,2,91.08,0.0,35.41,182.16,0,Monday,False
103181,2024-12-17,North,Electronics,Bluetooth Speaker,New,In-Store,5,59.9,0.0,69.79,299.5,0,Tuesday,False
103182,2024-12-17,South,Electronics,Power Bank,Returning,Online,4,20.42,0.0,54.88,81.68,0,Tuesday,False
103183,2024-12-17,North,Home & Kitchen,Blender,Returning,Online,5,40.18,0.2,14.96,160.72,0,Tuesday,False
103184,2024-12-17,East,Electronics,Wireless Earbuds,Returning,In-Store,4,43.79,0.0,56.19,175.16,0,Tuesday,False
103186,2024-12-17,North,Home & Kitchen,Air Fryer,New,Online,2,92.1,0.0,13.14,184.2,0,Tuesday,False
103187,2024-12-17,North,Electronics,Bluetooth Speaker,Loyalty,Marketplace,2,67.53,0.0,45.34,135.06,0,Tuesday,False
103188,2024-12-17,East,Electronics,Bluetooth Speaker,Loyalty,Online,1,63.15,0.1,62.48,56.84,0,Tuesday,False
103189,2024-12-18,North,Apparel,T-Shirt,New,Marketplace,2,21.39,0.0,0.76,42.78,0,Wednesday,False
103190,2024-12-18,East,Electronics,Wireless Earbuds,Loyalty,Online,3,43.42,0.0,21.72,130.26,0,Wednesday,False
103191,2024-12-18,North,Electronics,Smartphone Case,New,Online,3,16.23,0.0,41.85,48.69,0,Wednesday,False
103192,2024-12-18,North,Home & Kitchen,Vacuum Cleaner,New,Online,2,134.91,0.0,2.26,269.82,0,Wednesday,False
103193,2024-12-18,West,Apparel,Jacket,Returning,Online,2,101.43,0.0,60.57,202.86,0,Wednesday,False
103195,2024-12-18,South,Beauty,Shampoo,Returning,Marketplace,5,10.98,0.0,23.49,54.9,0,Wednesday,False
103196,2024-12-18,South,Apparel,Jacket,New,Online,4,84.37,0.0,58.17,337.48,0,Wednesday,False
103197,2024-12-18,South,Beauty,Face Serum,New,In-Store,4,26.96,0.1,13.88,97.06,0,Wednesday,False
103198,2024-12-18,South,Electronics,Smartphone Case,New,In-Store,4,13.01,0.0,24.74,52.04,0,Wednesday,False
103199,2024-12-19,West,Home & Kitchen,Blender,New,Marketplace,3,50.64,0.2,62.24,121.54,0,Thursday,False
103200,2024-12-19,South,Beauty,Moisturizer,Loyalty,Online,2,21.22,0.0,46.95,42.44,0,Thursday,False
103201,2024-12-19,East,Electronics,Power Bank,Returning,In-Store,3,26.11,0.15,28.7,66.58,0,Thursday,False
103202,2024-12-19,North,Beauty,Shampoo,Returning,Online,2,12.03,0.0,29.97,24.06,0,Thursday,False
103203,2024-12-19,East,Apparel,T-Shirt,New,In-Store,4,21.29,0.15,54.25,72.39,0,Thursday,False
103204,2024-12-19,North,Apparel,T-Shirt,Returning,Online,2,21.68,0.0,58.49,43.36,0,Thursday,False
103205,2024-12-19,West,Home & Kitchen,Vacuum Cleaner,New,Online,1,132.89,0.0,55.92,132.89,0,Thursday,False
103206,2024-12-19,East,Beauty,Face Serum,New,In-Store,1,31.17,0.0,27.91,31.17,0,Thursday,False
103207,2024-12-19,North,Apparel,T-Shirt,New,Online,4,21.84,0.1,16.39,78.62,0,Thursday,False
103208,2024-12-19,South,Beauty,Lipstick Set,Returning,Online,3,22.02,0.2,42.14,52.85,0,Thursday,False
103209,2024-12-19,East,Home & Kitchen,Vacuum Cleaner,New,Online,2,117.69,0.1,26.34,211.84,0,Thursday,False
103210,2024-12-19,South,Home & Kitchen,Air Fryer,New,Online,3,69.55,0.0,21.61,208.65,0,Thursday,False
103211,2024-12-20,East,Home & Kitchen,Coffee Maker,New,Online,2,51.9,0.0,54.99,103.8,0,Friday,False
103212,2024-12-20,West,Apparel,Backpack,Returning,Online,3,62.92,0.0,21.18,188.76,0,Friday,False
103213,2024-12-20,South,Beauty,Shampoo,Loyalty,Online,2,9.81,0.1,7.81,17.66,0,Friday,False
103214,2024-12-20,West,Home & Kitchen,Air Fryer,New,Online,2,95.63,0.0,61.67,191.26,0,Friday,False
103215,2024-12-20,West,Beauty,Shampoo,New,Marketplace,1,12.04,0.0,0.0,12.04,1,Friday,False
103216,2024-12-20,South,Beauty,Face Serum,Returning,In-Store,2,28.3,0.0,19.01,56.6,0,Friday,False
103217,2024-12-20,South,Electronics,Bluetooth Speaker,New,Marketplace,5,52.91,0.0,44.91,264.55,0,Friday,False
103218,2024-12-20,West,Beauty,Moisturizer,Loyalty,Marketplace,2,24.33,0.0,41.06,48.66,0,Friday,False
103219,2024-12-20,North,Beauty,Moisturizer,Loyalty,Online,5,25.92,0.15,53.05,110.16,0,Friday,False
103220,2024-12-20,North,Beauty,Shampoo,Returning,Online,5,13.08,0.0,68.03,65.4,0,Friday,False
103221,2024-12-20,West,Beauty,Moisturizer,Returning,In-Store,1,25.62,0.15,55.79,21.78,0,Friday,False
103223,2024-12-20,South,Beauty,Face Serum,Returning,Marketplace,4,25.97,0.0,4.37,103.88,0,Friday,False
103224,2024-12-21,East,Home & Kitchen,Vacuum Cleaner,Returning,Online,4,115.57,0.15,15.8,392.94,0,Saturday,True
103225,2024-12-21,North,Home & Kitchen,Coffee Maker,New,Online,3,61.51,0.0,66.54,184.53,0,Saturday,True
103226,2024-12-21,South,Beauty,Face Serum,New,Online,4,27.19,0.0,54.41,108.76,0,Saturday,True
103227,2024-12-21,East,Beauty,Shampoo,New,Online,1,10.88,0.0,11.67,10.88,0,Saturday,True
103228,2024-12-21,North,Home & Kitchen,Blender,Returning,Marketplace,4,50.26,0.0,34.85,201.04,0,Saturday,True
103229,2024-12-21,South,Beauty,Lipstick Set,New,Marketplace,4,22.95,0.0,11.71,91.8,0,Saturday,True
103230,2024-12-21,West,Beauty,Moisturizer,Returning,Marketplace,5,26.75,0.15,15.42,113.69,0,Saturday,True
103231,2024-12-21,West,Home & Kitchen,Coffee Maker,New,In-Store,4,63.03,0.0,2.3,252.12,0,Saturday,True
103232,2024-12-21,East,Beauty,Lipstick Set,Returning,Online,1,24.29,0.0,57.21,24.29,0,Saturday,True
103233,2024-12-21,North,Electronics,Smartphone Case,Returning,Online,3,17.03,0.1,42.81,45.98,0,Saturday,True
103234,2024-12-21,South,Beauty,Shampoo,New,Marketplace,1,10.34,0.0,60.25,10.34,0,Saturday,True
103235,2024-12-21,West,Electronics,Wireless Earbuds,Loyalty,Online,5,52.48,0.0,45.19,262.4,0,Saturday,True
103236,2024-12-21,North,Electronics,Smartphone Case,Returning,Online,2,17.26,0.2,16.9,27.62,0,Saturday,True
103237,2024-12-21,East,Apparel,T-Shirt,New,Online,3,19.6,0.0,25.46,58.8,0,Saturday,True
103238,2024-12-22,South,Apparel,Jacket,Returning,Marketplace,3,86.69,0.15,15.7,221.06,0,Sunday,True
103239,2024-12-22,East,Electronics,Smartphone Case,New,Online,1,15.71,0.0,46.04,15.71,0,Sunday,True
103240,2024-12-22,North,Electronics,Power Bank,Returning,Marketplace,1,29.38,0.0,58.81,29.38,0,Sunday,True
103241,2024-12-22,South,Electronics,Power Bank,New,In-Store,5,21.7,0.0,50.69,108.5,0,Sunday,True
103242,2024-12-22,North,Apparel,Running Shoes,Loyalty,Online,3,78.14,0.15,7.08,199.26,0,Sunday,True
103243,2024-12-22,West,Beauty,Moisturizer,Returning,Online,1,24.14,0.1,12.77,21.73,0,Sunday,True
103244,2024-12-22,East,Home & Kitchen,Coffee Maker,New,Online,4,65.14,0.0,66.96,260.56,0,Sunday,True
103245,2024-12-22,North,Home & Kitchen,Vacuum Cleaner,New,Online,1,133.2,0.0,68.17,133.2,0,Sunday,True
103246,2024-12-22,South,Beauty,Moisturizer,New,In-Store,1,18.78,0.0,26.43,18.78,0,Sunday,True
103247,2024-12-22,South,Beauty,Shampoo,Returning,Marketplace,4,10.44,0.15,2.33,35.5,0,Sunday,True
103248,2024-12-22,East,Electronics,Wireless Earbuds,Loyalty,Marketplace,3,44.72,0.0,66.62,134.16,0,Sunday,True
103249,2024-12-22,South,Electronics,Wireless Earbuds,Returning,Online,4,38.22,0.0,49.39,152.88,0,Sunday,True
103250,2024-12-22,West,Electronics,Wireless Earbuds,New,Online,4,51.89,0.0,56.07,207.56,0,Sunday,True
103251,2024-12-22,North,Electronics,Wireless Earbuds,Returning,Online,4,49.3,0.15,37.47,167.62,0,Sunday,True
103252,2024-12-22,West,Home & Kitchen,Blender,New,In-Store,2,44.98,0.0,25.75,89.96,0,Sunday,True
103253,2024-12-22,South,Apparel,Backpack,Loyalty,Online,2,46.07,0.0,27.59,92.14,0,Sunday,True
103254,2024-12-22,North,Apparel,Backpack,Returning,Online,5,59.38,0.0,6.34,296.9,0,Sunday,True
103255,2024-12-22,South,Electronics,Power Bank,Loyalty,In-Store,1,22.6,0.0,63.3,22.6,0,Sunday,True
103256,2024-12-23,North,Home & Kitchen,Vacuum Cleaner,New,In-Store,1,131.38,0.0,43.09,131.38,0,Monday,False
103257,2024-12-23,East,Beauty,Lipstick Set,Returning,Online,2,24.05,0.1,59.33,43.29,0,Monday,False
103258,2024-12-23,East,Apparel,Running Shoes,New,Online,3,72.95,0.0,44.33,218.85,0,Monday,False
103259,2024-12-23,South,Home & Kitchen,Coffee Maker,Loyalty,Online,5,47.08,0.0,10.05,235.4,0,Monday,False
103260,2024-12-23,West,Beauty,Lipstick Set,Returning,Online,5,27.16,0.0,39.56,135.8,0,Monday,False
103261,2024-12-23,North,Electronics,Smartphone Case,Returning,Marketplace,2,16.79,0.0,10.03,33.58,0,Monday,False
103262,2024-12-23,North,Electronics,Wireless Earbuds,Loyalty,In-Store,4,48.31,0.0,50.32,193.24,0,Monday,False
103263,2024-12-23,North,Electronics,Wireless Earbuds,Loyalty,Online,3,44.94,0.0,8.5,134.82,0,Monday,False
103264,2024-12-23,North,Electronics,Power Bank,New,In-Store,4,27.52,0.0,3.14,110.08,0,Monday,False
103265,2024-12-23,North,Home & Kitchen,Coffee Maker,Returning,Online,1,56.66,0.0,50.26,56.66,0,Monday,False
103266,2024-12-23,North,Electronics,Power Bank,New,In-Store,3,25.6,0.0,40.13,76.8,0,Monday,False
103267,2024-12-23,South,Electronics,Wireless Earbuds,New,Online,2,39.36,0.15,16.78,66.91,0,Monday,False
103268,2024-12-23,North,Beauty,Lipstick Set,Loyalty,Online,4,26.27,0.0,54.17,105.08,0,Monday,False
103269,2024-12-23,South,Home & Kitchen,Coffee Maker,Loyalty,Marketplace,1,46.63,0.0,41.89,46.63,0,Monday,False
103270,2024-12-23,North,Home & Kitchen,Coffee Maker,Returning,Online,4,63.94,0.0,50.22,255.76,0,Monday,False
103271,2024-12-24,West,Beauty,Lipstick Set,Loyalty,Online,3,24.91,0.15,37.83,63.52,0,Tuesday,False
103272,2024-12-24,South,Electronics,Smartphone Case,New,Online,4,12.72,0.0,0.22,50.88,0,Tuesday,False
103273,2024-12-24,South,Electronics,Bluetooth Speaker,New,Online,1,55.54,0.0,12.72,55.54,0,Tuesday,False
103274,2024-12-24,North,Electronics,Bluetooth Speaker,Returning,In-Store,4,69.27,0.0,32.31,277.08,0,Tuesday,False
103275,2024-12-24,North,Beauty,Lipstick Set,New,In-Store,2,26.95,0.0,58.69,53.9,0,Tuesday,False
103276,2024-12-24,North,Beauty,Face Serum,Returning,Online,3,33.93,0.0,10.68,101.79,0,Tuesday,False
103277,2024-12-24,South,Apparel,Jacket,New,In-Store,1,80.23,0.0,1.75,80.23,0,Tuesday,False
103278,2024-12-24,West,Beauty,Shampoo,Returning,In-Store,2,13.4,0.0,39.15,26.8,0,Tuesday,False
103279,2024-12-24,South,Apparel,T-Shirt,Loyalty,In-Store,2,20.3,0.0,52.95,40.6,0,Tuesday,False
103280,2024-12-24,East,Electronics,Wireless Earbuds,Loyalty,Online,5,45.04,0.0,39.13,225.2,0,Tuesday,False
103281,2024-12-24,East,Beauty,Lipstick Set,Returning,In-Store,3,24.96,0.2,10.41,59.9,0,Tuesday,False
103282,2024-12-24,East,Beauty,Lipstick Set,Loyalty,Online,1,25.25,0.0,38.87,25.25,0,Tuesday,False
103283,2024-12-24,North,Home & Kitchen,Air Fryer,Loyalty,Online,4,83.68,0.0,1.35,334.72,0,Tuesday,False
103284,2024-12-24,North,Home & Kitchen,Air Fryer,Loyalty,Online,3,97.47,0.0,60.17,292.41,0,Tuesday,False
103285,2024-12-24,South,Home & Kitchen,Air Fryer,New,Marketplace,4,75.75,0.0,13.15,303.0,0,Tuesday,False
103286,2024-12-25,South,Beauty,Moisturizer,New,Online,1,20.58,0.1,25.43,18.52,0,Wednesday,False
103287,2024-12-25,West,Electronics,Wireless Earbuds,New,Online,2,52.73,0.0,53.13,105.46,0,Wednesday,False
103288,2024-12-25,South,Beauty,Moisturizer,Returning,In-Store,4,20.18,0.0,29.92,80.72,0,Wednesday,False
103289,2024-12-25,East,Apparel,Backpack,Returning,In-Store,2,51.9,0.0,32.57,103.8,0,Wednesday,False
103290,2024-12-25,East,Beauty,Face Serum,Returning,Online,1,28.66,0.2,7.55,22.93,0,Wednesday,False
103291,2024-12-25,North,Beauty,Lipstick Set,New,In-Store,4,30.07,0.0,3.42,120.28,0,Wednesday,False
103292,2024-12-25,East,Home & Kitchen,Coffee Maker,Returning,Online,3,54.47,0.0,30.7,163.41,0,Wednesday,False
103293,2024-12-25,North,Beauty,Shampoo,Returning,Online,1,14.11,0.0,32.84,14.11,0,Wednesday,False
103294,2024-12-25,East,Apparel,Jacket,Loyalty,Marketplace,1,99.91,0.0,63.78,99.91,0,Wednesday,False
103295,2024-12-25,East,Apparel,T-Shirt,Returning,Online,5,20.98,0.0,9.96,104.9,0,Wednesday,False
103296,2024-12-25,North,Beauty,Moisturizer,New,Online,1,23.53,0.0,22.26,23.53,0,Wednesday,False
103297,2024-12-25,West,Electronics,Bluetooth Speaker,New,Online,4,71.09,0.0,34.16,284.36,0,Wednesday,False
103298,2024-12-26,West,Home & Kitchen,Blender,Returning,In-Store,4,45.19,0.1,12.4,162.68,0,Thursday,False
103299,2024-12-26,East,Electronics,Bluetooth Speaker,Loyalty,Online,2,59.77,0.0,22.88,119.54,0,Thursday,False
103300,2024-12-26,East,Beauty,Shampoo,New,Online,2,11.68,0.15,41.78,19.86,0,Thursday,False
103301,2024-12-26,East,Electronics,Smartphone Case,New,In-Store,3,15.57,0.1,46.28,42.04,0,Thursday,False
103302,2024-12-26,West,Apparel,T-Shirt,New,In-Store,3,24.11,0.0,50.21,72.33,0,Thursday,False
103303,2024-12-26,West,Beauty,Face Serum,Loyalty,Online,2,35.29,0.15,28.68,59.99,0,Thursday,False
103304,2024-12-26,South,Home & Kitchen,Coffee Maker,New,Online,2,51.11,0.15,0.0,86.89,1,Thursday,False
103305,2024-12-26,East,Electronics,Bluetooth Speaker,New,Online,2,59.82,0.0,29.12,119.64,0,Thursday,False
103306,2024-12-26,North,Apparel,Running Shoes,Loyalty,Marketplace,1,75.22,0.0,5.3,75.22,0,Thursday,False
103307,2024-12-26,East,Apparel,Running Shoes,New,Marketplace,4,65.37,0.0,8.56,261.48,0,Thursday,False
103308,2024-12-26,South,Home & Kitchen,Air Fryer,Returning,In-Store,5,76.66,0.0,58.16,383.3,0,Thursday,False
103309,2024-12-26,North,Beauty,Lipstick Set,New,Online,3,27.55,0.0,37.04,82.65,0,Thursday,False
103310,2024-12-26,South,Electronics,Power Bank,Loyalty,Online,3,23.65,0.0,4.18,70.95,0,Thursday,False
103311,2024-12-26,South,Home & Kitchen,Vacuum Cleaner,Loyalty,Marketplace,4,101.93,0.0,29.68,407.72,0,Thursday,False
103312,2024-12-26,North,Beauty,Lipstick Set,Returning,Online,2,25.07,0.0,52.43,50.14,0,Thursday,False
103314,2024-12-27,North,Beauty,Lipstick Set,New,Online,3,28.13,0.0,5.5,84.39,0,Friday,False
103315,2024-12-27,West,Beauty,Shampoo,New,Online,1,13.35,0.0,29.53,13.35,0,Friday,False
103316,2024-12-27,West,Home & Kitchen,Blender,New,Online,1,46.66,0.1,36.86,41.99,0,Friday,False
103317,2024-12-27,North,Electronics,Smartphone Case,Loyalty,Marketplace,5,16.57,0.0,56.05,82.85,0,Friday,False
103318,2024-12-27,North,Electronics,Wireless Earbuds,Returning,Online,3,48.43,0.0,37.19,145.29,0,Friday,False
103319,2024-12-27,East,Home & Kitchen,Air Fryer,Returning,In-Store,1,70.3,0.0,18.7,70.3,0,Friday,False
103320,2024-12-27,West,Home & Kitchen,Coffee Maker,New,In-Store,5,67.44,0.0,57.09,337.2,0,Friday,False
103321,2024-12-27,West,Home & Kitchen,Coffee Maker,New,Online,3,61.64,0.0,2.55,184.92,0,Friday,False
103323,2024-12-27,West,Electronics,Wireless Earbuds,Returning,In-Store,5,46.44,0.0,44.95,232.2,0,Friday,False
103325,2024-12-27,East,Apparel,T-Shirt,Loyalty,Online,3,19.09,0.0,30.72,57.27,0,Friday,False
103326,2024-12-27,South,Apparel,Running Shoes,Returning,Online,4,56.43,0.15,68.62,191.86,0,Friday,False
103327,2024-12-27,West,Beauty,Face Serum,New,Marketplace,4,32.73,0.0,6.15,130.92,0,Friday,False
103328,2024-12-28,East,Beauty,Shampoo,Returning,Online,4,11.39,0.0,0.56,45.56,0,Saturday,True
103330,2024-12-28,North,Apparel,Backpack,New,Online,5,56.21,0.0,44.01,281.05,0,Saturday,True
103331,2024-12-28,North,Home & Kitchen,Vacuum Cleaner,New,Online,1,133.78,0.2,5.76,107.02,0,Saturday,True
103332,2024-12-28,West,Electronics,Wireless Earbuds,Loyalty,Online,5,51.06,0.0,50.09,255.3,0,Saturday,True
103333,2024-12-28,South,Apparel,Backpack,New,Online,1,51.75,0.0,23.95,51.75,0,Saturday,True
103334,2024-12-28,South,Beauty,Face Serum,New,In-Store,4,25.99,0.0,67.15,103.96,0,Saturday,True
103335,2024-12-28,West,Home & Kitchen,Blender,Returning,Online,1,46.05,0.0,38.73,46.05,0,Saturday,True
103336,2024-12-28,East,Electronics,Bluetooth Speaker,Loyalty,In-Store,5,63.35,0.0,11.65,316.75,0,Saturday,True
103337,2024-12-28,South,Electronics,Smartphone Case,New,In-Store,5,13.27,0.0,61.19,66.35,0,Saturday,True
103338,2024-12-28,North,Apparel,Running Shoes,New,Online,4,74.82,0.1,0.5,269.35,0,Saturday,True
103339,2024-12-28,South,Electronics,Bluetooth Speaker,Returning,Online,2,55.3,0.0,5.0,110.6,0,Saturday,True
103340,2024-12-28,West,Beauty,Shampoo,Returning,Online,3,15.08,0.0,18.16,45.24,0,Saturday,True
103341,2024-12-28,East,Electronics,Power Bank,New,Marketplace,3,23.08,0.0,27.32,69.24,0,Saturday,True
103342,2024-12-28,East,Home & Kitchen,Coffee Maker,New,Online,1,52.45,0.0,47.18,52.45,0,Saturday,True
103343,2024-12-28,North,Home & Kitchen,Coffee Maker,Returning,Online,5,59.2,0.0,39.93,296.0,0,Saturday,True
103344,2024-12-28,East,Apparel,Running Shoes,Returning,Online,2,67.28,0.0,47.52,134.56,0,Saturday,True
103345,2024-12-29,East,Electronics,Power Bank,Returning,Online,5,24.14,0.0,33.28,120.7,0,Sunday,True
103346,2024-12-29,South,Home & Kitchen,Vacuum Cleaner,New,Online,3,101.08,0.1,10.19,272.92,0,Sunday,True
103347,2024-12-29,South,Beauty,Moisturizer,Returning,Online,4,19.86,0.0,0.0,79.44,1,Sunday,True
103348,2024-12-29,North,Beauty,Lipstick Set,Returning,Online,4,27.63,0.1,35.89,99.47,0,Sunday,True
103349,2024-12-29,North,Electronics,Bluetooth Speaker,Returning,In-Store,5,67.87,0.15,5.48,288.45,0,Sunday,True
103350,2024-12-29,South,Beauty,Moisturizer,Returning,Marketplace,3,19.48,0.0,52.03,58.44,0,Sunday,True
103351,2024-12-29,South,Home & Kitchen,Coffee Maker,Loyalty,Online,1,54.85,0.0,49.19,54.85,0,Sunday,True
103352,2024-12-30,South,Electronics,Bluetooth Speaker,New,Online,1,54.54,0.1,18.69,49.09,0,Monday,False
103353,2024-12-30,North,Beauty,Face Serum,Returning,Online,3,37.2,0.1,49.96,100.44,0,Monday,False
103354,2024-12-30,West,Beauty,Face Serum,Returning,Online,1,34.0,0.0,8.56,34.0,0,Monday,False
103355,2024-12-30,North,Apparel,Jacket,Loyalty,In-Store,5,94.73,0.15,64.07,402.6,0,Monday,False
103356,2024-12-30,West,Apparel,Jacket,New,Online,3,110.84,0.0,9.88,332.52,0,Monday,False
103357,2024-12-30,West,Apparel,T-Shirt,New,Online,4,21.04,0.0,45.0,84.16,0,Monday,False
103358,2024-12-30,East,Beauty,Shampoo,Returning,Online,4,10.93,0.0,34.51,43.72,0,Monday,False
103359,2024-12-30,North,Apparel,Running Shoes,Returning,In-Store,3,79.85,0.15,28.91,203.62,0,Monday,False
103360,2024-12-30,East,Apparel,Running Shoes,Returning,Online,2,77.03,0.0,50.7,154.06,0,Monday,False
103361,2024-12-30,South,Home & Kitchen,Blender,Returning,Online,5,36.76,0.15,64.55,156.23,0,Monday,False
103362,2024-12-30,East,Beauty,Face Serum,Loyalty,In-Store,3,32.07,0.0,55.23,96.21,0,Monday,False
103363,2024-12-30,West,Apparel,Backpack,Returning,Marketplace,5,54.71,0.0,10.79,273.55,0,Monday,False
103365,2024-12-31,East,Electronics,Power Bank,Returning,Online,4,25.34,0.0,35.25,101.36,0,Tuesday,False
103367,2024-12-31,North,Electronics,Smartphone Case,Returning,Marketplace,3,15.97,0.15,38.31,40.72,0,Tuesday,False
103368,2024-12-31,North,Home & Kitchen,Coffee Maker,Returning,Online,3,63.82,0.0,10.65,191.46,0,Tuesday,False
103369,2024-12-31,East,Apparel,Running Shoes,New,Online,2,62.15,0.0,52.76,124.3,0,Tuesday,False
103370,2024-12-31,West,Beauty,Face Serum,Returning,Marketplace,2,36.55,0.0,40.79,73.1,0,Tuesday,False
103371,2024-12-31,West,Home & Kitchen,Coffee Maker,Loyalty,In-Store,2,66.21,0.0,14.52,132.42,0,Tuesday,False
103372,2024-12-31,South,Electronics,Smartphone Case,Loyalty,In-Store,3,13.8,0.0,58.72,41.4,0,Tuesday,False
103373,2024-12-31,East,Electronics,Wireless Earbuds,Loyalty,Online,4,43.49,0.0,0.0,173.96,1,Tuesday,False
103374,2025-01-01,East,Home & Kitchen,Blender,Returning,In-Store,3,44.02,0.0,47.37,132.06,0,Wednesday,False
103375,2025-01-01,South,Beauty,Lipstick Set,Returning,Online,4,21.45,0.0,13.05,85.8,0,Wednesday,False
103376,2025-01-01,West,Electronics,Bluetooth Speaker,Returning,Online,2,67.25,0.0,41.45,134.5,0,Wednesday,False
103377,2025-01-01,North,Apparel,T-Shirt,Returning,In-Store,5,20.35,0.0,13.22,101.75,0,Wednesday,False
103378,2025-01-01,North,Home & Kitchen,Blender,Returning,In-Store,1,44.79,0.0,35.52,44.79,0,Wednesday,False
103379,2025-01-01,East,Beauty,Moisturizer,New,Online,2,22.9,0.0,30.78,45.8,0,Wednesday,False
103380,2025-01-01,West,Home & Kitchen,Vacuum Cleaner,Returning,Online,2,140.62,0.0,25.36,281.24,0,Wednesday,False
103381,2025-01-02,West,Electronics,Smartphone Case,Loyalty,Online,1,17.33,0.2,42.19,13.86,0,Thursday,False
103382,2025-01-02,West,Apparel,Backpack,Returning,Marketplace,3,55.27,0.0,14.55,165.81,0,Thursday,False
103383,2025-01-02,North,Apparel,Backpack,Loyalty,Online,2,53.94,0.0,11.9,107.88,0,Thursday,False
103385,2025-01-02,South,Electronics,Wireless Earbuds,Returning,Online,4,39.23,0.0,19.11,156.92,0,Thursday,False
103386,2025-01-02,North,Electronics,Wireless Earbuds,New,Marketplace,3,48.36,0.0,13.36,145.08,0,Thursday,False
103388,2025-01-02,South,Electronics,Power Bank,New,Online,3,23.4,0.0,22.3,70.2,0,Thursday,False
103389,2025-01-02,North,Home & Kitchen,Air Fryer,Returning,Online,5,87.3,0.2,41.77,349.2,0,Thursday,False
103390,2025-01-03,East,Beauty,Shampoo,Returning,In-Store,5,11.29,0.0,48.82,56.45,0,Friday,False
103391,2025-01-03,West,Apparel,Backpack,New,Marketplace,1,52.65,0.2,7.09,42.12,0,Friday,False
103392,2025-01-03,North,Home & Kitchen,Coffee Maker,Returning,In-Store,5,64.95,0.0,38.69,324.75,0,Friday,False
103393,2025-01-04,East,Beauty,Shampoo,Returning,In-Store,3,11.89,0.0,41.36,35.67,0,Saturday,True
103394,2025-01-04,South,Apparel,Running Shoes,New,Online,4,68.7,0.15,40.86,233.58,0,Saturday,True
103395,2025-01-04,West,Apparel,T-Shirt,Returning,Online,1,20.6,0.0,13.77,20.6,0,Saturday,True
103396,2025-01-04,South,Apparel,Running Shoes,Returning,Marketplace,2,67.32,0.0,9.05,134.64,0,Saturday,True
103397,2025-01-04,North,Electronics,Wireless Earbuds,Returning,Online,3,50.8,0.15,44.26,129.54,0,Saturday,True
103398,2025-01-04,North,Apparel,T-Shirt,Loyalty,In-Store,3,21.85,0.0,1.12,65.55,0,Saturday,True
103399,2025-01-04,South,Electronics,Bluetooth Speaker,Loyalty,In-Store,2,52.63,0.0,17.57,105.26,0,Saturday,True
103400,2025-01-04,West,Home & Kitchen,Coffee Maker,Returning,Online,3,60.32,0.0,25.01,180.96,0,Saturday,True
103401,2025-01-05,East,Electronics,Wireless Earbuds,Loyalty,Marketplace,4,46.29,0.1,20.43,166.64,0,Sunday,True
103402,2025-01-05,North,Home & Kitchen,Blender,Returning,Marketplace,1,45.03,0.15,14.59,38.28,0,Sunday,True
103403,2025-01-05,South,Apparel,Running Shoes,Returning,Online,3,65.81,0.0,30.73,197.43,0,Sunday,True
103404,2025-01-05,West,Electronics,Wireless Earbuds,Loyalty,In-Store,1,47.9,0.0,22.96,47.9,0,Sunday,True
103405,2025-01-05,West,Electronics,Wireless Earbuds,Returning,In-Store,1,50.18,0.0,3.29,50.18,0,Sunday,True
103406,2025-01-05,East,Electronics,Bluetooth Speaker,Returning,In-Store,2,63.42,0.0,5.14,126.84,0,Sunday,True
103407,2025-01-05,East,Electronics,Wireless Earbuds,Loyalty,Online,1,43.99,0.0,13.06,43.99,0,Sunday,True
103408,2025-01-05,South,Apparel,Backpack,Loyalty,Online,3,46.01,0.0,48.57,138.03,0,Sunday,True
103409,2025-01-05,East,Home & Kitchen,Coffee Maker,New,Marketplace,2,51.96,0.0,44.29,103.92,0,Sunday,True
103410,2025-01-05,East,Electronics,Smartphone Case,Loyalty,In-Store,2,15.88,0.0,38.33,31.76,0,Sunday,True
103411,2025-01-05,East,Electronics,Bluetooth Speaker,New,Marketplace,3,55.73,0.0,49.51,167.19,0,Sunday,True
103412,2025-01-05,South,Beauty,Shampoo,Returning,In-Store,3,10.95,0.0,34.67,32.85,0,Sunday,True
103413,2025-01-06,North,Apparel,Backpack,Loyalty,Online,1,58.75,0.0,28.58,58.75,0,Monday,False
103414,2025-01-06,East,Home & Kitchen,Coffee Maker,New,Online,1,50.4,0.1,46.21,45.36,0,Monday,False
103415,2025-01-06,East,Electronics,Smartphone Case,Returning,Online,4,14.26,0.0,24.78,57.04,0,Monday,False
103416,2025-01-07,South,Beauty,Moisturizer,Returning,Online,4,18.53,0.0,9.46,74.12,0,Tuesday,False
103417,2025-01-07,East,Electronics,Bluetooth Speaker,Returning,Online,1,59.8,0.0,20.96,59.8,0,Tuesday,False
103418,2025-01-07,South,Home & Kitchen,Coffee Maker,Loyalty,Marketplace,3,49.23,0.0,29.79,147.69,0,Tuesday,False
103419,2025-01-07,East,Beauty,Face Serum,Loyalty,Marketplace,5,32.15,0.0,45.88,160.75,0,Tuesday,False
103420,2025-01-07,North,Home & Kitchen,Coffee Maker,Loyalty,Marketplace,5,58.02,0.0,15.02,290.1,0,Tuesday,False
103421,2025-01-07,East,Home & Kitchen,Coffee Maker,Returning,Online,4,50.13,0.0,41.95,200.52,0,Tuesday,False
103422,2025-01-07,North,Electronics,Power Bank,Returning,Online,4,27.23,0.0,26.57,108.92,0,Tuesday,False
103423,2025-01-07,West,Beauty,Moisturizer,Returning,Marketplace,3,23.36,0.15,41.09,59.57,0,Tuesday,False
103424,2025-01-07,South,Home & Kitchen,Blender,Loyalty,Online,5,33.28,0.0,33.69,166.4,0,Tuesday,False
103425,2025-01-07,East,Apparel,Running Shoes,New,Online,1,65.79,0.0,5.73,65.79,0,Tuesday,False
103426,2025-01-07,East,Apparel,Jacket,New,Online,4,83.02,0.0,31.59,332.08,0,Tuesday,False
103427,2025-01-07,West,Home & Kitchen,Blender,Loyalty,Online,5,49.0,0.0,17.47,245.0,0,Tuesday,False
103428,2025-01-07,East,Home & Kitchen,Blender,Loyalty,Online,5,38.47,0.0,24.38,192.35,0,Tuesday,False
103429,2025-01-08,West,Beauty,Moisturizer,Returning,In-Store,2,27.97,0.0,38.2,55.94,0,Wednesday,False
103430,2025-01-08,North,Beauty,Lipstick Set,New,Marketplace,5,27.48,0.0,4.05,137.4,0,Wednesday,False
103431,2025-01-08,North,Electronics,Smartphone Case,Returning,Online,4,15.6,0.2,17.3,49.92,0,Wednesday,False
103432,2025-01-08,West,Electronics,Wireless Earbuds,Loyalty,Marketplace,3,56.88,0.0,11.54,170.64,0,Wednesday,False
103433,2025-01-08,North,Home & Kitchen,Blender,Returning,Marketplace,3,44.76,0.0,23.14,134.28,0,Wednesday,False
103434,2025-01-08,West,Beauty,Face Serum,Returning,In-Store,2,32.79,0.0,17.2,65.58,0,Wednesday,False
103435,2025-01-08,West,Apparel,Running Shoes,New,Online,5,76.44,0.0,0.93,382.2,0,Wednesday,False
103436,2025-01-09,North,Electronics,Bluetooth Speaker,Returning,Online,4,68.81,0.0,41.38,275.24,0,Thursday,False
103437,2025-01-09,South,Home & Kitchen,Air Fryer,New,Marketplace,5,70.3,0.15,27.69,298.77,0,Thursday,False
103439,2025-01-09,South,Beauty,Shampoo,New,Online,1,10.23,0.15,14.01,8.7,0,Thursday,False
103440,2025-01-09,North,Electronics,Smartphone Case,Returning,Online,1,16.09,0.1,33.27,14.48,0,Thursday,False
103441,2025-01-09,East,Electronics,Bluetooth Speaker,Loyalty,In-Store,5,55.37,0.15,48.05,235.32,0,Thursday,False
103442,2025-01-10,South,Electronics,Power Bank,New,In-Store,2,21.44,0.0,26.5,42.88,0,Friday,False
103443,2025-01-10,East,Electronics,Power Bank,Returning,In-Store,5,23.31,0.0,9.31,116.55,0,Friday,False
103444,2025-01-10,West,Beauty,Shampoo,New,Online,5,13.53,0.0,9.88,67.65,0,Friday,False
103445,2025-01-10,East,Beauty,Face Serum,Loyalty,Marketplace,2,28.4,0.15,26.3,48.28,0,Friday,False
103446,2025-01-10,South,Beauty,Face Serum,New,In-Store,1,24.74,0.2,24.55,19.79,0,Friday,False
103447,2025-01-10,North,Apparel,Running Shoes,New,Online,1,76.88,0.1,10.46,69.19,0,Friday,False
103448,2025-01-10,West,Apparel,Running Shoes,Loyalty,In-Store,1,81.88,0.0,31.63,81.88,0,Friday,False
103449,2025-01-10,West,Home & Kitchen,Blender,Returning,Online,2,46.78,0.0,18.47,93.56,0,Friday,False
103450,2025-01-11,East,Home & Kitchen,Air Fryer,New,Online,1,84.57,0.1,35.98,76.11,0,Saturday,True
103451,2025-01-11,West,Apparel,T-Shirt,New,In-Store,3,23.61,0.15,35.03,60.21,0,Saturday,True
103452,2025-01-11,West,Electronics,Power Bank,New,In-Store,3,29.84,0.0,5.9,89.52,0,Saturday,True
103453,2025-01-11,East,Beauty,Shampoo,Loyalty,Online,4,11.83,0.0,49.94,47.32,0,Saturday,True
103454,2025-01-11,East,Beauty,Moisturizer,New,In-Store,1,24.01,0.0,7.87,24.01,0,Saturday,True
103455,2025-01-11,North,Beauty,Face Serum,Loyalty,Online,3,32.77,0.0,8.14,98.31,0,Saturday,True
103456,2025-01-11,North,Apparel,T-Shirt,Returning,In-Store,1,21.74,0.15,27.27,18.48,0,Saturday,True
103457,2025-01-12,North,Home & Kitchen,Blender,Returning,Marketplace,1,42.19,0.0,34.15,42.19,0,Sunday,True
103458,2025-01-12,East,Home & Kitchen,Coffee Maker,Loyalty,Marketplace,5,59.77,0.0,0.83,298.85,0,Sunday,True
103459,2025-01-12,North,Home & Kitchen,Coffee Maker,Returning,Online,3,61.99,0.1,17.05,167.37,0,Sunday,True
103460,2025-01-12,East,Beauty,Shampoo,New,Online,5,11.57,0.0,17.62,57.85,0,Sunday,True
103461,2025-01-12,South,Apparel,Backpack,Returning,Online,2,46.9,0.0,13.79,93.8,0,Sunday,True
103462,2025-01-12,South,Beauty,Shampoo,New,Online,3,11.39,0.0,24.92,34.17,0,Sunday,True
103463,2025-01-12,East,Electronics,Power Bank,New,Marketplace,4,26.8,0.0,17.7,107.2,0,Sunday,True
103464,2025-01-12,South,Apparel,Running Shoes,Returning,Online,5,64.13,0.0,2.45,320.65,0,Sunday,True
103465,2025-01-12,North,Apparel,Backpack,Returning,Online,2,54.41,0.0,46.57,108.82,0,Sunday,True
103466,2025-01-13,East,Home & Kitchen,Coffee Maker,Returning,In-Store,2,55.2,0.0,4.36,110.4,0,Monday,False
103467,2025-01-13,West,Electronics,Smartphone Case,New,In-Store,2,17.08,0.2,1.59,27.33,0,Monday,False
103468,2025-01-13,East,Home & Kitchen,Vacuum Cleaner,Returning,In-Store,2,120.32,0.1,4.7,216.58,0,Monday,False
103469,2025-01-13,North,Home & Kitchen,Blender,Returning,Online,2,42.46,0.1,48.39,76.43,0,Monday,False
103470,2025-01-13,West,Apparel,Backpack,Returning,In-Store,3,56.07,0.0,13.29,168.21,0,Monday,False
103471,2025-01-13,West,Home & Kitchen,Vacuum Cleaner,Returning,In-Store,3,140.84,0.15,21.58,359.14,0,Monday,False
103472,2025-01-13,South,Electronics,Smartphone Case,New,Online,5,14.21,0.0,21.25,71.05,0,Monday,False
103473,2025-01-13,North,Beauty,Lipstick Set,New,Online,2,28.09,0.0,42.19,56.18,0,Monday,False
103474,2025-01-13,North,Electronics,Bluetooth Speaker,Returning,Marketplace,2,66.32,0.0,30.2,132.64,0,Monday,False
103475,2025-01-13,South,Home & Kitchen,Blender,Returning,In-Store,4,33.54,0.2,14.89,107.33,0,Monday,False
103476,2025-01-13,North,Electronics,Bluetooth Speaker,Returning,In-Store,1,61.72,0.0,12.68,61.72,0,Monday,False
103477,2025-01-14,South,Electronics,Smartphone Case,Returning,Online,2,14.38,0.0,10.36,28.76,0,Tuesday,False
103478,2025-01-14,South,Home & Kitchen,Air Fryer,Returning,Online,3,76.58,0.0,23.03,229.74,0,Tuesday,False
103479,2025-01-14,North,Home & Kitchen,Blender,New,Marketplace,1,44.24,0.0,1.41,44.24,0,Tuesday,False
103480,2025-01-14,South,Beauty,Lipstick Set,Returning,Marketplace,4,20.36,0.1,3.6,73.3,0,Tuesday,False
103481,2025-01-14,West,Electronics,Power Bank,New,Marketplace,2,27.21,0.0,0.93,54.42,0,Tuesday,False
103482,2025-01-14,East,Beauty,Shampoo,New,Online,3,12.47,0.2,5.82,29.93,0,Tuesday,False
103483,2025-01-15,West,Beauty,Face Serum,New,In-Store,3,35.37,0.0,22.13,106.11,0,Wednesday,False
103484,2025-01-15,West,Beauty,Lipstick Set,Returning,Online,2,27.89,0.2,38.07,44.62,0,Wednesday,False
103485,2025-01-15,East,Beauty,Moisturizer,Returning,In-Store,4,20.43,0.0,8.47,81.72,0,Wednesday,False
103486,2025-01-15,North,Beauty,Shampoo,New,Online,2,13.33,0.0,39.81,26.66,0,Wednesday,False
103487,2025-01-15,East,Apparel,Jacket,New,Online,3,88.39,0.0,27.19,265.17,0,Wednesday,False
103488,2025-01-16,North,Home & Kitchen,Air Fryer,Returning,Online,4,89.29,0.15,38.43,303.59,0,Thursday,False
103489,2025-01-16,West,Apparel,Jacket,New,Marketplace,2,117.94,0.0,34.37,235.88,0,Thursday,False
103490,2025-01-16,North,Apparel,T-Shirt,Returning,In-Store,1,21.95,0.0,33.65,21.95,0,Thursday,False
103491,2025-01-16,South,Apparel,Jacket,Returning,Online,1,74.72,0.0,32.52,74.72,0,Thursday,False
103492,2025-01-16,East,Electronics,Power Bank,Loyalty,Online,1,25.15,0.0,8.59,25.15,0,Thursday,False
103493,2025-01-17,East,Apparel,T-Shirt,Returning,In-Store,1,19.55,0.0,19.67,19.55,0,Friday,False
103494,2025-01-17,South,Beauty,Face Serum,New,Online,3,28.03,0.0,45.23,84.09,0,Friday,False
103495,2025-01-17,North,Home & Kitchen,Blender,Loyalty,Online,3,47.44,0.0,16.82,142.32,0,Friday,False
103496,2025-01-17,West,Electronics,Power Bank,New,Online,1,28.61,0.0,15.01,28.61,0,Friday,False
103497,2025-01-17,West,Home & Kitchen,Coffee Maker,Returning,Marketplace,4,69.96,0.0,36.08,279.84,0,Friday,False
103498,2025-01-17,North,Beauty,Lipstick Set,New,Online,2,26.64,0.0,4.95,53.28,0,Friday,False
103499,2025-01-17,East,Home & Kitchen,Coffee Maker,Loyalty,Online,3,50.7,0.0,30.37,152.1,0,Friday,False
103500,2025-01-17,West,Electronics,Smartphone Case,Returning,Online,4,15.88,0.0,34.34,63.52,0,Friday,False
103501,2025-01-17,South,Beauty,Face Serum,New,Online,3,27.01,0.0,3.31,81.03,0,Friday,False
103502,2025-01-18,South,Apparel,Backpack,Returning,Online,5,43.29,0.0,0.05,216.45,0,Saturday,True
103503,2025-01-18,North,Electronics,Power Bank,New,Online,1,28.97,0.0,41.59,28.97,0,Saturday,True
103504,2025-01-18,North,Home & Kitchen,Coffee Maker,New,In-Store,4,55.75,0.0,38.11,223.0,0,Saturday,True
103505,2025-01-18,South,Electronics,Bluetooth Speaker,Returning,Marketplace,2,58.16,0.1,35.85,104.69,0,Saturday,True
103506,2025-01-18,South,Home & Kitchen,Air Fryer,Returning,Online,3,68.58,0.0,6.03,205.74,0,Saturday,True
103507,2025-01-18,North,Home & Kitchen,Air Fryer,Loyalty,In-Store,4,87.6,0.1,34.81,315.36,0,Saturday,True
103508,2025-01-18,North,Apparel,Backpack,Returning,Online,2,55.01,0.0,26.32,110.02,0,Saturday,True
103509,2025-01-18,East,Electronics,Bluetooth Speaker,Returning,Marketplace,5,60.08,0.0,39.89,300.4,0,Saturday,True
103510,2025-01-18,South,Apparel,Backpack,Loyalty,Online,5,44.28,0.0,7.96,221.4,0,Saturday,True
103511,2025-01-18,South,Beauty,Lipstick Set,Returning,Marketplace,4,22.64,0.0,3.99,90.56,0,Saturday,True
103512,2025-01-18,South,Home & Kitchen,Blender,Returning,Online,4,36.94,0.15,31.27,125.6,0,Saturday,True
103513,2025-01-18,East,Electronics,Wireless Earbuds,Returning,Marketplace,1,47.47,0.0,2.83,47.47,0,Saturday,True
103514,2025-01-19,North,Beauty,Shampoo,New,Online,4,12.36,0.2,4.73,39.55,0,Sunday,True
103515,2025-01-19,East,Beauty,Lipstick Set,New,Marketplace,4,25.42,0.0,36.5,101.68,0,Sunday,True
103516,2025-01-19,West,Home & Kitchen,Air Fryer,New,Online,1,89.73,0.0,45.19,89.73,0,Sunday,True
103517,2025-01-19,North,Beauty,Moisturizer,Loyalty,Marketplace,3,23.01,0.0,5.81,69.03,0,Sunday,True
103518,2025-01-19,West,Apparel,T-Shirt,Returning,Online,4,23.48,0.0,13.38,93.92,0,Sunday,True
103519,2025-01-19,South,Apparel,Jacket,Returning,Online,1,85.1,0.1,0.0,76.59,1,Sunday,True
103520,2025-01-20,South,Beauty,Moisturizer,Loyalty,Online,5,21.56,0.0,14.95,107.8,0,Monday,False
103521,2025-01-20,North,Beauty,Moisturizer,New,In-Store,1,24.51,0.15,0.0,20.83,1,Monday,False
103522,2025-01-20,East,Apparel,Running Shoes,Returning,Online,4,71.93,0.0,11.55,287.72,0,Monday,False
103523,2025-01-20,West,Electronics,Smartphone Case,New,In-Store,5,18.29,0.0,26.38,91.45,0,Monday,False
103524,2025-01-21,North,Apparel,Backpack,New,Marketplace,3,56.19,0.0,9.87,168.57,0,Tuesday,False
103525,2025-01-21,East,Apparel,T-Shirt,Returning,Online,3,19.4,0.1,27.78,52.38,0,Tuesday,False
103526,2025-01-21,East,Electronics,Smartphone Case,Returning,Online,3,13.73,0.0,40.8,41.19,0,Tuesday,False
103527,2025-01-21,East,Apparel,Running Shoes,New,In-Store,5,74.04,0.0,21.75,370.2,0,Tuesday,False
103528,2025-01-21,South,Electronics,Wireless Earbuds,Returning,In-Store,2,42.13,0.0,14.66,84.26,0,Tuesday,False
103529,2025-01-21,East,Electronics,Smartphone Case,New,In-Store,2,12.96,0.0,45.23,25.92,0,Tuesday,False
103530,2025-01-21,East,Home & Kitchen,Air Fryer,Loyalty,Online,2,81.25,0.0,38.53,162.5,0,Tuesday,False
103531,2025-01-21,South,Electronics,Smartphone Case,Returning,Online,5,13.24,0.0,13.73,66.2,0,Tuesday,False
103532,2025-01-22,West,Home & Kitchen,Coffee Maker,Loyalty,In-Store,4,66.55,0.0,13.75,266.2,0,Wednesday,False
103533,2025-01-22,South,Apparel,Running Shoes,Returning,Online,1,62.21,0.0,1.27,62.21,0,Wednesday,False
103534,2025-01-22,West,Beauty,Lipstick Set,New,Online,2,29.42,0.0,20.24,58.84,0,Wednesday,False
103535,2025-01-22,South,Home & Kitchen,Air Fryer,Loyalty,Online,4,74.85,0.0,11.66,299.4,0,Wednesday,False
103536,2025-01-22,East,Home & Kitchen,Air Fryer,New,Marketplace,2,82.89,0.15,8.41,140.91,0,Wednesday,False
103537,2025-01-22,West,Home & Kitchen,Vacuum Cleaner,Returning,Online,2,140.28,0.0,24.73,280.56,0,Wednesday,False
103538,2025-01-22,East,Home & Kitchen,Air Fryer,New,In-Store,1,78.67,0.0,35.37,78.67,0,Wednesday,False
103540,2025-01-22,West,Apparel,Backpack,Returning,In-Store,1,54.89,0.0,18.61,54.89,0,Wednesday,False
103541,2025-01-22,West,Electronics,Bluetooth Speaker,New,In-Store,2,68.84,0.0,20.8,137.68,0,Wednesday,False
103542,2025-01-23,South,Beauty,Moisturizer,New,Online,4,18.64,0.1,26.73,67.1,0,Thursday,False
103543,2025-01-23,North,Electronics,Wireless Earbuds,Loyalty,Marketplace,2,46.25,0.0,7.72,92.5,0,Thursday,False
103544,2025-01-23,North,Home & Kitchen,Blender,New,In-Store,5,43.86,0.0,4.64,219.3,0,Thursday,False
103545,2025-01-23,East,Electronics,Power Bank,Returning,Online,2,24.82,0.15,11.54,42.19,0,Thursday,False
103546,2025-01-23,North,Apparel,Backpack,Loyalty,In-Store,1,60.83,0.1,23.55,54.75,0,Thursday,False
103547,2025-01-23,West,Electronics,Power Bank,New,Online,2,29.31,0.0,6.84,58.62,0,Thursday,False
103548,2025-01-24,South,Apparel,Jacket,Loyalty,Marketplace,2,86.98,0.1,42.37,156.56,0,Friday,False
103549,2025-01-24,North,Beauty,Shampoo,Returning,In-Store,3,13.9,0.0,38.61,41.7,0,Friday,False
103550,2025-01-24,East,Apparel,Running Shoes,New,Online,1,71.44,0.0,32.97,71.44,0,Friday,False
103551,2025-01-24,West,Home & Kitchen,Blender,New,In-Store,1,43.51,0.0,15.88,43.51,0,Friday,False
103552,2025-01-24,South,Home & Kitchen,Air Fryer,Returning,Marketplace,4,73.01,0.0,3.13,292.04,0,Friday,False
103553,2025-01-24,East,Electronics,Bluetooth Speaker,Returning,Online,5,58.08,0.0,7.37,290.4,0,Friday,False
103554,2025-01-24,South,Beauty,Shampoo,Loyalty,In-Store,2,10.29,0.0,40.14,20.58,0,Friday,False
103555,2025-01-24,South,Home & Kitchen,Vacuum Cleaner,Returning,Online,1,109.22,0.2,12.64,87.38,0,Friday,False
103556,2025-01-24,North,Beauty,Lipstick Set,Loyalty,Online,2,26.39,0.0,14.02,52.78,0,Friday,False
103557,2025-01-24,East,Electronics,Power Bank,Loyalty,In-Store,2,24.49,0.1,39.75,44.08,0,Friday,False
103558,2025-01-25,South,Apparel,Running Shoes,Loyalty,Online,2,59.99,0.0,31.78,119.98,0,Saturday,True
103559,2025-01-25,South,Electronics,Smartphone Case,Returning,Online,2,13.22,0.0,3.72,26.44,0,Saturday,True
103560,2025-01-25,South,Beauty,Lipstick Set,New,Online,3,23.47,0.0,48.95,70.41,0,Saturday,True
103561,2025-01-25,South,Home & Kitchen,Coffee Maker,New,Online,2,49.95,0.2,22.5,79.92,0,Saturday,True
103562,2025-01-25,North,Home & Kitchen,Coffee Maker,Loyalty,In-Store,4,57.87,0.0,49.13,231.48,0,Saturday,True
103563,2025-01-25,South,Beauty,Moisturizer,Loyalty,Online,4,19.64,0.0,36.36,78.56,0,Saturday,True
103564,2025-01-25,South,Apparel,Jacket,Loyalty,Online,1,78.74,0.0,44.94,78.74,0,Saturday,True
103565,2025-01-25,South,Electronics,Wireless Earbuds,Loyalty,Online,2,37.68,0.0,4.64,75.36,0,Saturday,True
103566,2025-01-26,South,Electronics,Smartphone Case,New,Online,2,13.48,0.0,1.82,26.96,0,Sunday,True
103567,2025-01-26,South,Electronics,Smartphone Case,New,Online,2,12.64,0.0,34.3,25.28,0,Sunday,True
103568,2025-01-26,West,Beauty,Lipstick Set,New,Online,3,28.75,0.15,23.44,73.31,0,Sunday,True
103569,2025-01-26,North,Home & Kitchen,Blender,Loyalty,In-Store,1,41.5,0.0,46.01,41.5,0,Sunday,True
103570,2025-01-26,South,Beauty,Shampoo,Returning,In-Store,4,10.83,0.0,10.15,43.32,0,Sunday,True
103571,2025-01-26,South,Electronics,Power Bank,Returning,Online,3,24.33,0.0,30.08,72.99,0,Sunday,True
103572,2025-01-26,East,Electronics,Smartphone Case,Loyalty,Online,5,14.75,0.15,15.21,62.69,0,Sunday,True
103573,2025-01-26,North,Beauty,Face Serum,Returning,In-Store,2,32.21,0.0,24.91,64.42,0,Sunday,True
103574,2025-01-27,South,Electronics,Wireless Earbuds,Returning,Marketplace,2,39.61,0.2,39.74,63.38,0,Monday,False
103575,2025-01-27,North,Apparel,T-Shirt,Loyalty,Online,5,21.85,0.0,42.58,109.25,0,Monday,False
103576,2025-01-27,East,Home & Kitchen,Vacuum Cleaner,Returning,Online,3,134.45,0.0,20.54,403.35,0,Monday,False
103577,2025-01-27,East,Apparel,Running Shoes,Returning,Marketplace,5,66.21,0.0,15.59,331.05,0,Monday,False
103578,2025-01-27,East,Beauty,Face Serum,Returning,Online,4,30.1,0.1,12.27,108.36,0,Monday,False
103579,2025-01-27,South,Apparel,Jacket,New,In-Store,5,79.04,0.0,27.62,395.2,0,Monday,False
103580,2025-01-27,South,Apparel,Jacket,Loyalty,Online,4,82.09,0.0,26.54,328.36,0,Monday,False
103581,2025-01-27,East,Home & Kitchen,Air Fryer,New,Online,4,77.15,0.0,4.33,308.6,0,Monday,False
103582,2025-01-27,West,Home & Kitchen,Coffee Maker,New,Online,4,65.11,0.0,0.0,260.44,1,Monday,False
103583,2025-01-27,North,Beauty,Shampoo,New,Online,4,12.54,0.2,22.93,40.13,0,Monday,False
103584,2025-01-28,East,Apparel,Running Shoes,Loyalty,In-Store,1,71.18,0.0,15.16,71.18,0,Tuesday,False
103585,2025-01-28,North,Home & Kitchen,Blender,Returning,Marketplace,5,40.6,0.0,44.48,203.0,0,Tuesday,False
103586,2025-01-28,North,Apparel,Running Shoes,New,Online,4,71.32,0.0,23.54,285.28,0,Tuesday,False
103588,2025-01-28,North,Electronics,Power Bank,New,Online,1,29.84,0.0,42.67,29.84,0,Tuesday,False
103589,2025-01-28,North,Electronics,Wireless Earbuds,Loyalty,Marketplace,2,46.67,0.0,19.8,93.34,0,Tuesday,False
103590,2025-01-28,North,Apparel,Running Shoes,Loyalty,Online,4,75.71,0.0,32.38,302.84,0,Tuesday,False
103591,2025-01-28,East,Apparel,Running Shoes,New,Online,5,65.4,0.0,3.02,327.0,0,Tuesday,False
103592,2025-01-28,North,Home & Kitchen,Coffee Maker,New,Online,3,61.81,0.0,25.57,185.43,0,Tuesday,False
103593,2025-01-29,West,Beauty,Moisturizer,Returning,Online,4,25.71,0.0,8.33,102.84,0,Wednesday,False
103594,2025-01-29,East,Electronics,Wireless Earbuds,New,Online,4,46.28,0.0,37.46,185.12,0,Wednesday,False
103595,2025-01-29,East,Electronics,Smartphone Case,Returning,In-Store,5,14.71,0.0,29.49,73.55,0,Wednesday,False
103596,2025-01-29,North,Beauty,Lipstick Set,New,Marketplace,5,27.44,0.0,16.98,137.2,0,Wednesday,False
103597,2025-01-29,South,Home & Kitchen,Air Fryer,New,In-Store,1,70.13,0.0,30.73,70.13,0,Wednesday,False
103598,2025-01-29,East,Electronics,Bluetooth Speaker,Loyalty,In-Store,3,59.27,0.0,14.44,177.81,0,Wednesday,False
103599,2025-01-29,West,Electronics,Smartphone Case,New,Marketplace,5,17.44,0.15,38.68,74.12,0,Wednesday,False
103600,2025-01-29,East,Home & Kitchen,Air Fryer,New,Online,3,79.84,0.0,38.27,239.52,0,Wednesday,False
103601,2025-01-29,South,Apparel,Jacket,Returning,Marketplace,2,82.79,0.1,36.82,149.02,0,Wednesday,False
103602,2025-01-30,East,Beauty,Face Serum,Returning,Marketplace,1,31.81,0.0,4.16,31.81,0,Thursday,False
103603,2025-01-30,South,Home & Kitchen,Vacuum Cleaner,Returning,Online,1,108.86,0.0,7.71,108.86,0,Thursday,False
103604,2025-01-30,East,Apparel,Running Shoes,Returning,In-Store,4,72.71,0.0,43.76,290.84,0,Thursday,False
103606,2025-01-31,North,Apparel,T-Shirt,New,Marketplace,5,20.95,0.15,24.35,89.04,0,Friday,False
103607,2025-01-31,South,Apparel,Running Shoes,New,Online,3,62.74,0.15,31.48,159.99,0,Friday,False
103608,2025-01-31,South,Beauty,Face Serum,Returning,In-Store,5,26.28,0.0,48.51,131.4,0,Friday,False
103609,2025-01-31,South,Electronics,Power Bank,New,Marketplace,1,23.07,0.1,15.05,20.76,0,Friday,False
103610,2025-01-31,North,Electronics,Power Bank,New,Online,1,24.85,0.0,0.87,24.85,0,Friday,False
103611,2025-01-31,East,Beauty,Moisturizer,Returning,In-Store,3,21.79,0.2,0.0,52.3,1,Friday,False
103612,2025-01-31,North,Electronics,Power Bank,New,Online,2,27.81,0.15,48.47,47.28,0,Friday,False
103613,2025-01-31,North,Electronics,Bluetooth Speaker,Loyalty,Online,1,64.05,0.0,0.53,64.05,0,Friday,False
103614,2025-01-31,North,Beauty,Shampoo,New,In-Store,5,12.41,0.0,24.18,62.05,0,Friday,False
103615,2025-02-01,West,Electronics,Smartphone Case,Loyalty,Marketplace,2,16.43,0.1,1.11,29.57,0,Saturday,True
103618,2025-02-01,North,Apparel,Backpack,New,Online,2,57.35,0.1,36.34,103.23,0,Saturday,True
103619,2025-02-01,North,Beauty,Moisturizer,Returning,In-Store,1,24.27,0.0,9.29,24.27,0,Saturday,True
103620,2025-02-01,West,Electronics,Power Bank,Returning,Online,4,29.58,0.15,10.52,100.57,0,Saturday,True
103621,2025-02-01,North,Home & Kitchen,Coffee Maker,Returning,Online,3,58.92,0.0,20.07,176.76,0,Saturday,True
103622,2025-02-01,North,Electronics,Power Bank,New,Online,2,27.66,0.0,33.22,55.32,0,Saturday,True
103623,2025-02-01,North,Beauty,Face Serum,Returning,Marketplace,2,30.66,0.0,37.2,61.32,0,Saturday,True
103624,2025-02-01,South,Apparel,Backpack,New,In-Store,5,45.38,0.0,29.16,226.9,0,Saturday,True
103625,2025-02-02,North,Apparel,T-Shirt,Loyalty,Online,3,20.94,0.0,43.14,62.82,0,Sunday,True
103626,2025-02-02,East,Home & Kitchen,Air Fryer,Loyalty,Marketplace,1,77.14,0.0,47.3,77.14,0,Sunday,True
103627,2025-02-02,North,Apparel,Backpack,New,Online,3,51.81,0.0,5.09,155.43,0,Sunday,True
103628,2025-02-02,South,Home & Kitchen,Vacuum Cleaner,New,Online,2,118.03,0.0,17.65,236.06,0,Sunday,True
103629,2025-02-02,East,Apparel,Backpack,Returning,Marketplace,1,48.66,0.0,15.63,48.66,0,Sunday,True
103630,2025-02-02,North,Home & Kitchen,Air Fryer,Loyalty,Online,2,90.11,0.0,12.28,180.22,0,Sunday,True
103631,2025-02-02,North,Electronics,Power Bank,New,In-Store,1,28.35,0.0,48.66,28.35,0,Sunday,True
103632,2025-02-02,North,Apparel,T-Shirt,Returning,In-Store,4,22.15,0.0,15.41,88.6,0,Sunday,True
103633,2025-02-02,West,Apparel,Jacket,Loyalty,Online,4,100.83,0.15,19.63,342.82,0,Sunday,True
103634,2025-02-02,West,Beauty,Moisturizer,Returning,In-Store,5,26.29,0.0,45.4,131.45,0,Sunday,True
103635,2025-02-02,North,Beauty,Face Serum,New,Online,5,32.04,0.0,32.83,160.2,0,Sunday,True
103636,2025-02-03,East,Electronics,Smartphone Case,Loyalty,Online,4,16.34,0.0,21.74,65.36,0,Monday,False
103637,2025-02-03,North,Home & Kitchen,Blender,Returning,Marketplace,3,41.69,0.15,21.06,106.31,0,Monday,False
103638,2025-02-03,North,Apparel,Running Shoes,New,Online,4,73.76,0.15,13.61,250.78,0,Monday,False
103639,2025-02-03,North,Beauty,Moisturizer,New,Online,5,27.29,0.0,20.0,136.45,0,Monday,False
103640,2025-02-03,West,Electronics,Power Bank,Returning,Marketplace,1,29.58,0.0,46.61,29.58,0,Monday,False
103641,2025-02-03,South,Home & Kitchen,Air Fryer,Returning,In-Store,5,69.64,0.0,0.0,348.2,1,Monday,False
103642,2025-02-03,West,Electronics,Power Bank,Returning,Online,1,28.07,0.0,21.22,28.07,0,Monday,False
103643,2025-02-04,South,Apparel,Backpack,Returning,Online,2,47.85,0.0,22.92,95.7,0,Tuesday,False
103644,2025-02-04,South,Home & Kitchen,Vacuum Cleaner,New,Online,4,110.4,0.1,0.0,397.44,1,Tuesday,False
103645,2025-02-04,South,Home & Kitchen,Coffee Maker,New,Online,4,51.39,0.0,27.83,205.56,0,Tuesday,False
103646,2025-02-04,South,Apparel,Backpack,Returning,Online,1,43.64,0.0,41.62,43.64,0,Tuesday,False
103647,2025-02-04,North,Apparel,Backpack,New,Online,1,57.34,0.0,20.33,57.34,0,Tuesday,False
103648,2025-02-04,North,Electronics,Bluetooth Speaker,New,Online,3,66.25,0.0,22.9,198.75,0,Tuesday,False
103649,2025-02-04,East,Electronics,Bluetooth Speaker,Returning,Marketplace,2,55.47,0.0,4.58,110.94,0,Tuesday,False
103651,2025-02-05,South,Beauty,Shampoo,Returning,In-Store,3,11.65,0.0,0.0,34.95,1,Wednesday,False
103652,2025-02-05,North,Electronics,Bluetooth Speaker,Loyalty,Marketplace,2,69.61,0.0,21.27,139.22,0,Wednesday,False
103653,2025-02-05,South,Electronics,Power Bank,Returning,Online,4,22.36,0.0,41.89,89.44,0,Wednesday,False
103654,2025-02-05,East,Beauty,Face Serum,New,In-Store,1,29.52,0.0,11.53,29.52,0,Wednesday,False
103655,2025-02-05,South,Electronics,Power Bank,New,In-Store,4,21.62,0.2,14.9,69.18,0,Wednesday,False
103656,2025-02-05,South,Apparel,T-Shirt,Loyalty,Online,5,17.41,0.2,8.4,69.64,0,Wednesday,False
103657,2025-02-05,East,Beauty,Lipstick Set,Returning,Online,5,24.95,0.0,42.12,124.75,0,Wednesday,False
103658,2025-02-05,West,Beauty,Face Serum,Returning,Marketplace,2,33.39,0.0,31.93,66.78,0,Wednesday,False
103659,2025-02-05,South,Beauty,Lipstick Set,New,In-Store,4,22.98,0.0,35.02,91.92,0,Wednesday,False
103660,2025-02-05,North,Electronics,Bluetooth Speaker,New,Online,1,67.34,0.0,10.73,67.34,0,Wednesday,False
103661,2025-02-05,North,Apparel,Jacket,Returning,Online,3,99.44,0.0,24.84,298.32,0,Wednesday,False
103662,2025-02-06,East,Electronics,Bluetooth Speaker,Returning,In-Store,4,61.86,0.0,26.51,247.44,0,Thursday,False
103663,2025-02-06,East,Electronics,Smartphone Case,New,Online,5,15.69,0.0,45.85,78.45,0,Thursday,False
103664,2025-02-06,East,Electronics,Power Bank,Returning,In-Store,1,23.94,0.0,5.88,23.94,0,Thursday,False
103665,2025-02-06,East,Apparel,Running Shoes,Returning,Marketplace,1,76.72,0.0,1.21,76.72,0,Thursday,False
103666,2025-02-06,South,Home & Kitchen,Coffee Maker,Returning,Online,3,48.37,0.0,30.27,145.11,0,Thursday,False
103667,2025-02-07,South,Apparel,Running Shoes,Returning,Online,2,59.5,0.15,9.36,101.15,0,Friday,False
103669,2025-02-07,South,Apparel,Backpack,Loyalty,Online,3,43.07,0.0,43.26,129.21,0,Friday,False
103670,2025-02-07,South,Apparel,Running Shoes,New,Marketplace,2,63.84,0.0,49.36,127.68,0,Friday,False
103671,2025-02-07,East,Beauty,Shampoo,New,Online,1,12.52,0.0,11.32,12.52,0,Friday,False
103672,2025-02-07,East,Electronics,Wireless Earbuds,Returning,Online,1,45.96,0.0,49.13,45.96,0,Friday,False
103673,2025-02-07,North,Electronics,Smartphone Case,Returning,Marketplace,2,16.48,0.0,27.61,32.96,0,Friday,False
103675,2025-02-07,West,Electronics,Wireless Earbuds,Returning,In-Store,4,53.59,0.0,12.64,214.36,0,Friday,False
103676,2025-02-07,West,Home & Kitchen,Air Fryer,Loyalty,Online,1,98.3,0.0,20.46,98.3,0,Friday,False
103677,2025-02-07,East,Home & Kitchen,Coffee Maker,New,Marketplace,5,56.01,0.0,28.49,280.05,0,Friday,False
103678,2025-02-07,North,Home & Kitchen,Blender,Loyalty,Online,2,41.57,0.0,14.33,83.14,0,Friday,False
103679,2025-02-07,East,Apparel,Backpack,Loyalty,Online,4,51.02,0.0,41.73,204.08,0,Friday,False
103680,2025-02-07,West,Electronics,Smartphone Case,New,Online,4,16.67,0.15,16.9,56.68,0,Friday,False
103681,2025-02-07,South,Electronics,Smartphone Case,Loyalty,Online,3,13.4,0.2,7.34,32.16,0,Friday,False
103682,2025-02-08,East,Beauty,Shampoo,Returning,Online,4,11.61,0.0,3.08,46.44,0,Saturday,True
103683,2025-02-08,West,Home & Kitchen,Blender,New,Online,2,49.76,0.0,25.84,99.52,0,Saturday,True
103684,2025-02-08,North,Apparel,Running Shoes,New,Marketplace,2,79.38,0.0,42.94,158.76,0,Saturday,True
103686,2025-02-08,East,Apparel,Jacket,New,Online,4,96.17,0.0,31.1,384.68,0,Saturday,True
103687,2025-02-08,North,Beauty,Shampoo,Loyalty,Online,1,12.4,0.0,33.13,12.4,0,Saturday,True
103688,2025-02-08,South,Home & Kitchen,Blender,Returning,In-Store,4,34.72,0.15,21.03,118.05,0,Saturday,True
103689,2025-02-08,East,Home & Kitchen,Coffee Maker,Loyalty,Online,4,52.39,0.0,20.48,209.56,0,Saturday,True
103690,2025-02-08,West,Electronics,Bluetooth Speaker,Loyalty,Marketplace,1,70.93,0.0,38.29,70.93,0,Saturday,True
103691,2025-02-09,East,Electronics,Bluetooth Speaker,Returning,Online,3,59.2,0.1,45.26,159.84,0,Sunday,True
103692,2025-02-09,South,Beauty,Lipstick Set,Returning,Marketplace,5,21.97,0.0,0.0,109.85,1,Sunday,True
103693,2025-02-09,West,Beauty,Moisturizer,Returning,Online,2,26.65,0.0,49.41,53.3,0,Sunday,True
103694,2025-02-09,West,Beauty,Lipstick Set,Loyalty,Online,5,29.78,0.0,4.04,148.9,0,Sunday,True
103696,2025-02-09,South,Home & Kitchen,Vacuum Cleaner,Returning,Online,1,110.59,0.0,0.74,110.59,0,Sunday,True
103697,2025-02-09,South,Beauty,Shampoo,New,Online,3,9.56,0.0,9.87,28.68,0,Sunday,True
103698,2025-02-09,West,Home & Kitchen,Air Fryer,Returning,Online,2,90.21,0.15,7.31,153.36,0,Sunday,True
103699,2025-02-09,North,Beauty,Shampoo,Loyalty,Online,3,12.4,0.0,26.23,37.2,0,Sunday,True
103700,2025-02-09,South,Electronics,Smartphone Case,Loyalty,Marketplace,3,13.81,0.0,12.03,41.43,0,Sunday,True
103702,2025-02-09,West,Electronics,Wireless Earbuds,Returning,Online,1,47.09,0.0,8.53,47.09,0,Sunday,True
103703,2025-02-09,North,Apparel,Running Shoes,Returning,In-Store,2,80.04,0.1,43.3,144.07,0,Sunday,True
103704,2025-02-09,North,Apparel,Backpack,New,Marketplace,2,52.59,0.0,12.26,105.18,0,Sunday,True
103705,2025-02-09,South,Beauty,Moisturizer,Returning,In-Store,2,19.36,0.15,45.54,32.91,0,Sunday,True
103706,2025-02-10,North,Electronics,Power Bank,Returning,Online,5,26.43,0.0,41.99,132.15,0,Monday,False
103707,2025-02-10,North,Home & Kitchen,Blender,Loyalty,Marketplace,1,40.79,0.0,32.3,40.79,0,Monday,False
103708,2025-02-10,East,Home & Kitchen,Vacuum Cleaner,New,Online,3,130.24,0.15,27.99,332.11,0,Monday,False
103709,2025-02-10,North,Apparel,Running Shoes,New,Online,5,78.92,0.2,39.04,315.68,0,Monday,False
103710,2025-02-10,East,Beauty,Moisturizer,New,In-Store,1,21.96,0.0,16.11,21.96,0,Monday,False
103711,2025-02-11,East,Home & Kitchen,Air Fryer,Returning,Online,3,89.32,0.0,31.46,267.96,0,Tuesday,False
103712,2025-02-11,North,Electronics,Wireless Earbuds,Returning,Online,3,48.37,0.0,35.0,145.11,0,Tuesday,False
103713,2025-02-11,North,Home & Kitchen,Blender,Loyalty,Marketplace,4,44.45,0.0,28.84,177.8,0,Tuesday,False
103714,2025-02-11,East,Electronics,Smartphone Case,Loyalty,Online,3,14.71,0.0,10.54,44.13,0,Tuesday,False
103715,2025-02-11,South,Home & Kitchen,Vacuum Cleaner,Loyalty,In-Store,3,103.45,0.15,48.87,263.8,0,Tuesday,False
103716,2025-02-11,South,Apparel,T-Shirt,New,Online,3,18.44,0.0,46.2,55.32,0,Tuesday,False
103717,2025-02-11,East,Beauty,Moisturizer,Returning,Online,5,22.44,0.0,34.79,112.2,0,Tuesday,False
103718,2025-02-11,South,Apparel,T-Shirt,Loyalty,Marketplace,4,17.78,0.0,25.21,71.12,0,Tuesday,False
103719,2025-02-12,North,Home & Kitchen,Coffee Maker,New,In-Store,5,58.81,0.0,31.23,294.05,0,Wednesday,False
103720,2025-02-12,South,Apparel,T-Shirt,Returning,Marketplace,1,18.84,0.0,11.59,18.84,0,Wednesday,False
103721,2025-02-12,North,Beauty,Face Serum,New,Online,2,31.78,0.0,19.07,63.56,0,Wednesday,False
103722,2025-02-12,South,Electronics,Smartphone Case,New,Online,3,14.76,0.0,16.65,44.28,0,Wednesday,False
103723,2025-02-12,South,Electronics,Power Bank,Returning,Online,5,24.72,0.1,14.27,111.24,0,Wednesday,False
103724,2025-02-12,North,Apparel,T-Shirt,Loyalty,In-Store,3,23.23,0.0,46.26,69.69,0,Wednesday,False
103725,2025-02-13,South,Home & Kitchen,Blender,Loyalty,In-Store,5,35.53,0.1,7.43,159.89,0,Thursday,False
103726,2025-02-13,South,Apparel,Running Shoes,Returning,Online,3,65.66,0.15,25.98,167.43,0,Thursday,False
103727,2025-02-14,South,Beauty,Shampoo,Loyalty,Marketplace,5,11.53,0.0,19.13,57.65,0,Friday,False
103728,2025-02-14,East,Beauty,Lipstick Set,New,Online,2,24.71,0.0,17.58,49.42,0,Friday,False
103729,2025-02-14,West,Home & Kitchen,Blender,Loyalty,Online,4,43.58,0.0,33.35,174.32,0,Friday,False
103730,2025-02-14,East,Beauty,Face Serum,New,Online,3,28.66,0.1,17.19,77.38,0,Friday,False
103731,2025-02-14,West,Home & Kitchen,Vacuum Cleaner,New,In-Store,2,129.76,0.0,17.17,259.52,0,Friday,False
103732,2025-02-15,South,Home & Kitchen,Vacuum Cleaner,Loyalty,Marketplace,3,114.12,0.0,10.66,342.36,0,Saturday,True
103733,2025-02-15,East,Apparel,Backpack,Returning,Online,3,45.79,0.0,25.44,137.37,0,Saturday,True
103734,2025-02-15,East,Electronics,Smartphone Case,New,Online,3,15.11,0.0,4.68,45.33,0,Saturday,True
103735,2025-02-15,West,Electronics,Wireless Earbuds,Returning,Online,2,50.94,0.0,28.43,101.88,0,Saturday,True
103736,2025-02-15,West,Home & Kitchen,Blender,Returning,In-Store,2,46.35,0.0,39.55,92.7,0,Saturday,True
103737,2025-02-15,West,Electronics,Wireless Earbuds,New,In-Store,5,52.14,0.1,41.15,234.63,0,Saturday,True
103738,2025-02-15,North,Electronics,Smartphone Case,Returning,In-Store,5,16.44,0.1,46.7,73.98,0,Saturday,True
103739,2025-02-15,North,Beauty,Face Serum,Loyalty,In-Store,1,32.08,0.0,41.11,32.08,0,Saturday,True
103740,2025-02-15,East,Electronics,Wireless Earbuds,Returning,In-Store,4,46.57,0.15,40.73,158.34,0,Saturday,True
103741,2025-02-15,East,Home & Kitchen,Vacuum Cleaner,New,Online,1,120.76,0.0,16.84,120.76,0,Saturday,True
103742,2025-02-15,North,Electronics,Smartphone Case,Returning,In-Store,5,17.39,0.0,29.22,86.95,0,Saturday,True
103743,2025-02-15,South,Apparel,Running Shoes,New,Online,3,58.64,0.0,8.09,175.92,0,Saturday,True
103744,2025-02-15,East,Home & Kitchen,Air Fryer,Returning,Online,4,82.76,0.0,17.79,331.04,0,Saturday,True
103745,2025-02-16,West,Apparel,Jacket,Returning,Marketplace,4,96.77,0.0,31.38,387.08,0,Sunday,True
103746,2025-02-16,West,Beauty,Face Serum,Returning,In-Store,2,32.03,0.0,22.12,64.06,0,Sunday,True
103747,2025-02-16,West,Beauty,Lipstick Set,Returning,Online,4,29.73,0.0,21.69,118.92,0,Sunday,True
103748,2025-02-16,South,Home & Kitchen,Vacuum Cleaner,Loyalty,Online,1,110.98,0.0,38.76,110.98,0,Sunday,True
103749,2025-02-16,East,Electronics,Bluetooth Speaker,New,Online,3,60.05,0.15,3.68,153.13,0,Sunday,True
103750,2025-02-16,East,Apparel,T-Shirt,Loyalty,In-Store,3,19.43,0.0,6.15,58.29,0,Sunday,True
103751,2025-02-16,South,Apparel,Jacket,New,Online,2,81.43,0.15,49.79,138.43,0,Sunday,True
103752,2025-02-16,East,Beauty,Moisturizer,Returning,Marketplace,3,23.19,0.15,1.23,59.13,0,Sunday,True
103753,2025-02-16,North,Home & Kitchen,Blender,Returning,Marketplace,5,44.75,0.0,32.38,223.75,0,Sunday,True
103754,2025-02-16,East,Home & Kitchen,Vacuum Cleaner,New,Online,3,129.8,0.0,45.65,389.4,0,Sunday,True
103755,2025-02-16,North,Beauty,Face Serum,Returning,Online,2,32.7,0.0,46.67,65.4,0,Sunday,True
103756,2025-02-16,West,Apparel,Running Shoes,Loyalty,Online,2,83.9,0.0,26.84,167.8,0,Sunday,True
103757,2025-02-17,West,Home & Kitchen,Vacuum Cleaner,New,Online,3,139.57,0.15,46.59,355.9,0,Monday,False
103758,2025-02-17,North,Home & Kitchen,Coffee Maker,New,In-Store,1,65.89,0.0,25.19,65.89,0,Monday,False
103759,2025-02-17,North,Electronics,Wireless Earbuds,Returning,Online,4,49.71,0.15,20.27,169.01,0,Monday,False
103760,2025-02-17,East,Home & Kitchen,Coffee Maker,Returning,In-Store,4,65.48,0.0,41.92,261.92,0,Monday,False
103761,2025-02-17,North,Beauty,Shampoo,New,Marketplace,1,13.95,0.0,6.93,13.95,0,Monday,False
103762,2025-02-17,North,Beauty,Lipstick Set,Loyalty,Online,2,29.11,0.0,24.76,58.22,0,Monday,False
103763,2025-02-17,West,Apparel,T-Shirt,Loyalty,In-Store,1,23.24,0.0,6.2,23.24,0,Monday,False
103764,2025-02-17,West,Home & Kitchen,Coffee Maker,New,Marketplace,2,62.78,0.0,26.24,125.56,0,Monday,False
103765,2025-02-18,South,Home & Kitchen,Coffee Maker,Returning,Online,4,48.69,0.0,11.04,194.76,0,Tuesday,False
103766,2025-02-18,South,Home & Kitchen,Air Fryer,Returning,Online,2,73.96,0.0,4.29,147.92,0,Tuesday,False
103767,2025-02-18,South,Beauty,Moisturizer,New,Online,1,19.91,0.0,44.39,19.91,0,Tuesday,False
103769,2025-02-18,North,Home & Kitchen,Blender,New,Online,3,43.73,0.0,29.66,131.19,0,Tuesday,False
103770,2025-02-18,South,Beauty,Moisturizer,Returning,In-Store,2,18.99,0.15,27.01,32.28,0,Tuesday,False
103771,2025-02-19,North,Apparel,Jacket,Returning,Marketplace,1,106.46,0.1,16.28,95.81,0,Wednesday,False
103772,2025-02-19,North,Electronics,Wireless Earbuds,New,In-Store,5,52.7,0.0,9.72,263.5,0,Wednesday,False
103773,2025-02-19,West,Apparel,Running Shoes,Returning,Online,4,76.53,0.15,4.93,260.2,0,Wednesday,False
103774,2025-02-19,East,Apparel,Jacket,Returning,Online,1,94.86,0.15,37.19,80.63,0,Wednesday,False
103775,2025-02-19,West,Apparel,T-Shirt,Loyalty,Online,4,23.9,0.2,34.08,76.48,0,Wednesday,False
103776,2025-02-19,West,Apparel,Backpack,Loyalty,In-Store,3,62.11,0.1,30.35,167.7,0,Wednesday,False
103777,2025-02-19,North,Home & Kitchen,Coffee Maker,New,In-Store,2,56.33,0.0,7.57,112.66,0,Wednesday,False
103778,2025-02-20,West,Apparel,T-Shirt,Returning,Marketplace,4,24.03,0.0,19.44,96.12,0,Thursday,False
103779,2025-02-20,South,Beauty,Face Serum,Returning,Marketplace,3,28.69,0.15,43.54,73.16,0,Thursday,False
103780,2025-02-20,North,Home & Kitchen,Air Fryer,New,In-Store,4,90.4,0.0,34.27,361.6,0,Thursday,False
103781,2025-02-20,East,Apparel,Jacket,New,Marketplace,2,80.86,0.0,45.98,161.72,0,Thursday,False
103782,2025-02-21,South,Electronics,Bluetooth Speaker,New,In-Store,4,50.39,0.0,33.7,201.56,0,Friday,False
103783,2025-02-21,North,Home & Kitchen,Coffee Maker,Loyalty,Online,1,61.71,0.0,26.47,61.71,0,Friday,False
103784,2025-02-21,East,Beauty,Lipstick Set,New,Marketplace,5,25.25,0.0,6.36,126.25,0,Friday,False
103785,2025-02-21,East,Apparel,Backpack,Returning,Online,3,49.04,0.1,13.67,132.41,0,Friday,False
103786,2025-02-21,South,Beauty,Lipstick Set,New,Marketplace,4,20.73,0.0,20.06,82.92,0,Friday,False
103787,2025-02-22,West,Beauty,Lipstick Set,Returning,In-Store,3,27.05,0.0,42.99,81.15,0,Saturday,True
103788,2025-02-22,South,Beauty,Shampoo,New,Online,2,10.18,0.0,4.97,20.36,0,Saturday,True
103789,2025-02-22,South,Electronics,Smartphone Case,Loyalty,Online,2,13.95,0.0,16.02,27.9,0,Saturday,True
103790,2025-02-22,West,Home & Kitchen,Blender,Loyalty,Online,2,45.3,0.0,37.42,90.6,0,Saturday,True
103791,2025-02-22,North,Electronics,Wireless Earbuds,Loyalty,In-Store,5,55.25,0.15,12.88,234.81,0,Saturday,True
103792,2025-02-22,South,Home & Kitchen,Coffee Maker,Returning,Marketplace,2,48.33,0.0,6.01,96.66,0,Saturday,True
103793,2025-02-22,East,Home & Kitchen,Coffee Maker,Returning,Online,2,55.65,0.15,43.22,94.6,0,Saturday,True
103795,2025-02-22,East,Apparel,Backpack,Loyalty,Marketplace,1,50.12,0.0,20.5,50.12,0,Saturday,True
103797,2025-02-22,South,Home & Kitchen,Blender,Returning,Online,2,35.22,0.0,9.98,70.44,0,Saturday,True
103798,2025-02-22,South,Apparel,T-Shirt,Loyalty,Online,1,18.19,0.0,18.13,18.19,0,Saturday,True
103799,2025-02-22,East,Beauty,Moisturizer,Returning,Marketplace,1,21.52,0.0,22.04,21.52,0,Saturday,True
103800,2025-02-22,North,Electronics,Smartphone Case,Returning,In-Store,2,16.35,0.0,34.76,32.7,0,Saturday,True
103801,2025-02-23,South,Electronics,Wireless Earbuds,Returning,In-Store,2,42.18,0.0,44.64,84.36,0,Sunday,True
103802,2025-02-23,South,Home & Kitchen,Air Fryer,Loyalty,In-Store,4,78.62,0.0,25.98,314.48,0,Sunday,True
103803,2025-02-23,North,Electronics,Wireless Earbuds,Returning,Online,3,50.59,0.1,12.31,136.59,0,Sunday,True
103804,2025-02-23,North,Apparel,Running Shoes,New,Online,1,78.3,0.15,36.74,66.55,0,Sunday,True
103805,2025-02-23,East,Electronics,Smartphone Case,New,In-Store,2,15.32,0.0,12.29,30.64,0,Sunday,True
103806,2025-02-23,East,Home & Kitchen,Coffee Maker,New,In-Store,2,49.34,0.0,17.33,98.68,0,Sunday,True
103807,2025-02-23,West,Electronics,Smartphone Case,Returning,Marketplace,2,17.18,0.0,28.46,34.36,0,Sunday,True
103808,2025-02-23,South,Home & Kitchen,Blender,New,Marketplace,4,35.07,0.15,47.19,119.24,0,Sunday,True
103809,2025-02-23,West,Electronics,Power Bank,New,Marketplace,4,29.23,0.0,25.73,116.92,0,Sunday,True
103810,2025-02-23,North,Beauty,Moisturizer,Returning,Online,4,22.75,0.0,11.85,91.0,0,Sunday,True
103811,2025-02-23,North,Electronics,Power Bank,Returning,Online,5,28.85,0.2,7.47,115.4,0,Sunday,True
103812,2025-02-24,East,Apparel,Running Shoes,Loyalty,Online,5,77.63,0.0,22.71,388.15,0,Monday,False
103813,2025-02-24,North,Beauty,Lipstick Set,Returning,Online,4,27.09,0.0,10.79,108.36,0,Monday,False
103814,2025-02-24,East,Electronics,Smartphone Case,New,In-Store,4,15.63,0.0,2.16,62.52,0,Monday,False
103815,2025-02-24,West,Apparel,Running Shoes,New,Online,5,79.55,0.1,17.01,357.98,0,Monday,False
103816,2025-02-24,East,Beauty,Lipstick Set,Loyalty,Online,5,25.18,0.0,36.95,125.9,0,Monday,False
103817,2025-02-24,East,Home & Kitchen,Coffee Maker,New,In-Store,3,54.52,0.1,11.97,147.2,0,Monday,False
103818,2025-02-24,South,Home & Kitchen,Blender,Returning,In-Store,4,34.98,0.0,0.6,139.92,0,Monday,False
103819,2025-02-24,South,Home & Kitchen,Blender,Returning,Online,4,36.74,0.1,9.09,132.26,0,Monday,False
103820,2025-02-25,South,Apparel,Backpack,New,In-Store,3,43.99,0.0,29.34,131.97,0,Tuesday,False
103821,2025-02-25,North,Apparel,T-Shirt,Returning,In-Store,3,22.01,0.0,40.3,66.03,0,Tuesday,False
103822,2025-02-25,West,Electronics,Wireless Earbuds,Returning,Online,5,53.1,0.0,31.9,265.5,0,Tuesday,False
103823,2025-02-25,South,Electronics,Wireless Earbuds,Loyalty,Online,1,43.3,0.0,44.74,43.3,0,Tuesday,False
103824,2025-02-25,West,Beauty,Lipstick Set,Loyalty,In-Store,2,28.71,0.0,39.11,57.42,0,Tuesday,False
103825,2025-02-25,North,Electronics,Smartphone Case,Returning,Online,1,14.91,0.0,37.06,14.91,0,Tuesday,False
103826,2025-02-26,South,Home & Kitchen,Blender,New,Online,3,34.27,0.0,9.79,102.81,0,Wednesday,False
103827,2025-02-26,East,Apparel,Jacket,Returning,Online,2,84.52,0.0,49.99,169.04,0,Wednesday,False
103829,2025-02-27,East,Apparel,Backpack,New,In-Store,1,45.08,0.0,32.71,45.08,0,Thursday,False
103830,2025-02-27,North,Apparel,T-Shirt,Returning,Online,5,24.53,0.0,36.09,122.65,0,Thursday,False
103831,2025-02-27,West,Apparel,T-Shirt,Returning,Online,1,24.96,0.0,36.65,24.96,0,Thursday,False
103832,2025-02-27,North,Home & Kitchen,Blender,Loyalty,Online,5,45.32,0.0,0.17,226.6,0,Thursday,False
103833,2025-02-27,North,Beauty,Moisturizer,New,Online,3,25.03,0.0,9.81,75.09,0,Thursday,False
103834,2025-02-27,South,Electronics,Power Bank,Returning,Online,5,22.75,0.0,33.64,113.75,0,Thursday,False
103835,2025-02-27,North,Apparel,Running Shoes,Loyalty,Online,3,69.85,0.0,43.85,209.55,0,Thursday,False
103836,2025-02-27,West,Beauty,Lipstick Set,New,In-Store,1,28.52,0.15,27.76,24.24,0,Thursday,False
103837,2025-02-28,South,Apparel,Backpack,Returning,Online,1,42.63,0.0,28.84,42.63,0,Friday,False
103838,2025-02-28,West,Apparel,Running Shoes,New,In-Store,3,78.55,0.0,0.0,235.65,1,Friday,False
103839,2025-02-28,East,Home & Kitchen,Air Fryer,Returning,Online,2,76.53,0.0,4.81,153.06,0,Friday,False
103840,2025-02-28,East,Apparel,Backpack,New,Online,2,52.01,0.0,39.19,104.02,0,Friday,False
103841,2025-02-28,South,Apparel,T-Shirt,New,In-Store,5,16.34,0.0,10.77,81.7,0,Friday,False
103842,2025-02-28,North,Beauty,Lipstick Set,Returning,Online,5,29.92,0.0,0.98,149.6,0,Friday,False
103843,2025-03-01,East,Electronics,Wireless Earbuds,New,Online,4,41.49,0.1,9.73,149.36,0,Saturday,True
103844,2025-03-01,South,Electronics,Smartphone Case,Loyalty,In-Store,3,12.47,0.2,29.43,29.93,0,Saturday,True
103845,2025-03-01,North,Home & Kitchen,Air Fryer,New,In-Store,5,83.78,0.1,27.25,377.01,0,Saturday,True
103846,2025-03-01,South,Apparel,Jacket,Returning,In-Store,4,85.27,0.1,2.08,306.97,0,Saturday,True
103847,2025-03-01,North,Apparel,Jacket,Loyalty,Marketplace,4,106.77,0.1,3.49,384.37,0,Saturday,True
103848,2025-03-01,East,Beauty,Moisturizer,Returning,In-Store,1,21.25,0.15,25.9,18.06,0,Saturday,True
103849,2025-03-01,East,Home & Kitchen,Blender,Returning,Online,1,41.87,0.0,45.89,41.87,0,Saturday,True
103850,2025-03-02,South,Home & Kitchen,Air Fryer,Returning,Online,2,71.4,0.15,14.02,121.38,0,Sunday,True
103851,2025-03-02,East,Home & Kitchen,Blender,New,Online,3,39.5,0.2,18.86,94.8,0,Sunday,True
103852,2025-03-02,South,Electronics,Power Bank,New,In-Store,5,23.51,0.0,0.07,117.55,0,Sunday,True
103853,2025-03-02,North,Electronics,Smartphone Case,New,Online,3,15.92,0.0,26.1,47.76,0,Sunday,True
103854,2025-03-02,South,Home & Kitchen,Vacuum Cleaner,New,Online,1,103.41,0.0,36.28,103.41,0,Sunday,True
103855,2025-03-02,North,Electronics,Power Bank,Loyalty,Online,4,27.72,0.0,5.45,110.88,0,Sunday,True
103856,2025-03-02,East,Electronics,Wireless Earbuds,Returning,Online,4,45.87,0.0,38.79,183.48,0,Sunday,True
103857,2025-03-02,East,Electronics,Power Bank,Returning,In-Store,2,25.23,0.0,42.18,50.46,0,Sunday,True
103859,2025-03-03,North,Beauty,Lipstick Set,New,Online,4,26.19,0.1,8.42,94.28,0,Monday,False
103860,2025-03-03,East,Apparel,Running Shoes,Returning,In-Store,3,67.13,0.0,28.32,201.39,0,Monday,False
103861,2025-03-03,South,Apparel,Backpack,Returning,In-Store,1,41.7,0.0,48.43,41.7,0,Monday,False
103862,2025-03-03,West,Apparel,T-Shirt,Returning,Online,5,23.34,0.0,37.72,116.7,0,Monday,False
103863,2025-03-03,North,Beauty,Shampoo,New,In-Store,3,13.27,0.0,46.03,39.81,0,Monday,False
103864,2025-03-03,North,Electronics,Wireless Earbuds,Loyalty,Online,5,49.53,0.1,1.45,222.89,0,Monday,False
103865,2025-03-03,East,Beauty,Lipstick Set,Returning,Online,1,25.96,0.0,27.22,25.96,0,Monday,False
103866,2025-03-03,West,Electronics,Smartphone Case,Returning,In-Store,2,17.14,0.0,44.26,34.28,0,Monday,False
103867,2025-03-03,South,Beauty,Lipstick Set,Returning,Online,3,23.2,0.0,17.84,69.6,0,Monday,False
103868,2025-03-03,North,Electronics,Bluetooth Speaker,Returning,Marketplace,2,64.56,0.0,29.67,129.12,0,Monday,False
103869,2025-03-03,East,Home & Kitchen,Blender,New,Marketplace,4,42.45,0.0,18.63,169.8,0,Monday,False
103870,2025-03-04,East,Home & Kitchen,Coffee Maker,New,In-Store,3,55.48,0.0,34.33,166.44,0,Tuesday,False
103871,2025-03-04,South,Apparel,Running Shoes,Returning,Online,1,62.59,0.0,19.57,62.59,0,Tuesday,False
103872,2025-03-04,South,Home & Kitchen,Coffee Maker,Returning,Online,2,49.84,0.0,40.63,99.68,0,Tuesday,False
103873,2025-03-04,West,Home & Kitchen,Blender,Returning,Online,1,43.75,0.1,28.25,39.38,0,Tuesday,False
103874,2025-03-05,North,Beauty,Moisturizer,Loyalty,Online,2,25.12,0.15,29.54,42.7,0,Wednesday,False
103875,2025-03-05,East,Home & Kitchen,Air Fryer,New,Online,2,79.43,0.0,6.72,158.86,0,Wednesday,False
103876,2025-03-05,South,Home & Kitchen,Coffee Maker,New,Marketplace,2,49.34,0.0,11.41,98.68,0,Wednesday,False
103877,2025-03-05,North,Beauty,Moisturizer,New,In-Store,1,22.66,0.0,7.85,22.66,0,Wednesday,False
103878,2025-03-05,East,Apparel,T-Shirt,Loyalty,Marketplace,4,20.86,0.0,14.01,83.44,0,Wednesday,False
103879,2025-03-05,North,Beauty,Lipstick Set,Returning,Marketplace,2,27.99,0.15,22.82,47.58,0,Wednesday,False
103880,2025-03-05,North,Home & Kitchen,Vacuum Cleaner,New,Online,1,137.31,0.0,13.7,137.31,0,Wednesday,False
103882,2025-03-06,West,Electronics,Bluetooth Speaker,Loyalty,Marketplace,3,68.18,0.0,8.55,204.54,0,Thursday,False
103883,2025-03-06,East,Electronics,Wireless Earbuds,Returning,Online,4,47.82,0.0,18.91,191.28,0,Thursday,False
103884,2025-03-06,North,Home & Kitchen,Vacuum Cleaner,Returning,Online,1,122.91,0.0,6.57,122.91,0,Thursday,False
103885,2025-03-06,West,Beauty,Moisturizer,Returning,Online,3,26.83,0.0,0.0,80.49,1,Thursday,False
103886,2025-03-07,East,Electronics,Bluetooth Speaker,New,Online,3,55.23,0.15,8.66,140.84,0,Friday,False
103887,2025-03-07,North,Electronics,Bluetooth Speaker,Loyalty,In-Store,1,66.2,0.1,8.75,59.58,0,Friday,False
103888,2025-03-07,East,Apparel,Jacket,Returning,Online,3,92.25,0.1,12.99,249.08,0,Friday,False
103889,2025-03-07,East,Apparel,T-Shirt,New,In-Store,3,21.49,0.0,35.06,64.47,0,Friday,False
103890,2025-03-07,South,Apparel,Backpack,Returning,Marketplace,3,44.85,0.0,42.4,134.55,0,Friday,False
103891,2025-03-07,North,Electronics,Power Bank,Loyalty,Marketplace,2,30.53,0.0,33.78,61.06,0,Friday,False
103892,2025-03-08,North,Electronics,Smartphone Case,New,In-Store,1,18.56,0.0,3.78,18.56,0,Saturday,True
103893,2025-03-08,North,Electronics,Wireless Earbuds,New,Online,1,51.1,0.0,46.44,51.1,0,Saturday,True
103894,2025-03-08,West,Beauty,Shampoo,Returning,In-Store,3,12.98,0.15,48.03,33.1,0,Saturday,True
103895,2025-03-08,North,Apparel,Running Shoes,New,Online,2,84.03,0.0,11.36,168.06,0,Saturday,True
103896,2025-03-08,North,Home & Kitchen,Blender,Returning,Online,3,41.89,0.0,14.09,125.67,0,Saturday,True
103897,2025-03-09,West,Home & Kitchen,Blender,Returning,Online,4,45.75,0.0,3.42,183.0,0,Sunday,True
103898,2025-03-09,West,Apparel,Running Shoes,Returning,Online,2,83.48,0.0,11.26,166.96,0,Sunday,True
103899,2025-03-09,North,Apparel,Backpack,New,Online,2,51.1,0.0,0.57,102.2,0,Sunday,True
103900,2025-03-09,North,Electronics,Bluetooth Speaker,Returning,Marketplace,5,63.67,0.0,14.74,318.35,0,Sunday,True
103901,2025-03-09,West,Apparel,Running Shoes,Loyalty,Online,4,77.24,0.0,9.22,308.96,0,Sunday,True
103903,2025-03-09,South,Beauty,Shampoo,New,Online,3,10.59,0.0,1.38,31.77,0,Sunday,True
103904,2025-03-09,West,Electronics,Smartphone Case,Returning,Marketplace,4,16.0,0.15,15.42,54.4,0,Sunday,True
103905,2025-03-09,East,Home & Kitchen,Blender,Returning,Online,5,38.66,0.0,24.03,193.3,0,Sunday,True
103906,2025-03-09,West,Electronics,Wireless Earbuds,New,Online,2,50.92,0.0,23.8,101.84,0,Sunday,True
103907,2025-03-09,East,Home & Kitchen,Coffee Maker,Returning,In-Store,4,55.77,0.0,4.29,223.08,0,Sunday,True
103908,2025-03-09,East,Beauty,Shampoo,Loyalty,Online,5,11.41,0.0,33.98,57.05,0,Sunday,True
103909,2025-03-09,East,Home & Kitchen,Air Fryer,Loyalty,Online,2,80.6,0.0,13.05,161.2,0,Sunday,True
103910,2025-03-10,North,Home & Kitchen,Vacuum Cleaner,Returning,Online,2,134.65,0.0,24.95,269.3,0,Monday,False
103911,2025-03-10,North,Home & Kitchen,Coffee Maker,Returning,Online,2,59.61,0.0,23.83,119.22,0,Monday,False
103912,2025-03-10,North,Home & Kitchen,Vacuum Cleaner,Loyalty,Marketplace,3,130.06,0.0,29.59,390.18,0,Monday,False
103914,2025-03-10,South,Apparel,Backpack,Returning,Online,2,42.07,0.0,34.75,84.14,0,Monday,False
103915,2025-03-10,North,Beauty,Moisturizer,Returning,Online,5,24.26,0.0,8.52,121.3,0,Monday,False
103916,2025-03-10,West,Apparel,T-Shirt,Loyalty,Online,3,23.52,0.0,8.68,70.56,0,Monday,False
103917,2025-03-10,South,Home & Kitchen,Blender,Loyalty,Online,2,35.58,0.0,39.39,71.16,0,Monday,False
103918,2025-03-10,South,Home & Kitchen,Blender,New,In-Store,4,36.33,0.0,0.0,145.32,1,Monday,False
103919,2025-03-10,North,Beauty,Shampoo,New,Marketplace,4,13.22,0.0,14.55,52.88,0,Monday,False
103920,2025-03-10,North,Home & Kitchen,Air Fryer,New,In-Store,1,82.06,0.0,17.81,82.06,0,Monday,False
103921,2025-03-10,East,Electronics,Smartphone Case,New,Online,3,14.85,0.0,10.96,44.55,0,Monday,False
103922,2025-03-10,West,Home & Kitchen,Blender,New,Online,2,46.32,0.0,10.79,92.64,0,Monday,False
103923,2025-03-11,South,Apparel,T-Shirt,New,Online,2,18.61,0.0,0.0,37.22,1,Tuesday,False
103924,2025-03-11,North,Electronics,Bluetooth Speaker,New,Online,2,69.09,0.1,17.0,124.36,0,Tuesday,False
103925,2025-03-11,North,Apparel,Jacket,New,Online,1,97.63,0.0,8.73,97.63,0,Tuesday,False
103926,2025-03-11,East,Home & Kitchen,Blender,Returning,In-Store,2,42.24,0.0,23.41,84.48,0,Tuesday,False
103927,2025-03-11,South,Beauty,Moisturizer,Loyalty,Online,1,19.61,0.0,44.77,19.61,0,Tuesday,False
103928,2025-03-11,South,Beauty,Shampoo,New,In-Store,2,10.77,0.0,0.0,21.54,1,Tuesday,False
103929,2025-03-12,East,Beauty,Shampoo,Loyalty,Online,5,11.86,0.0,39.66,59.3,0,Wednesday,False
103930,2025-03-12,North,Apparel,Running Shoes,New,Online,1,72.89,0.2,43.12,58.31,0,Wednesday,False
103931,2025-03-12,West,Electronics,Bluetooth Speaker,New,Marketplace,1,65.92,0.0,11.07,65.92,0,Wednesday,False
103932,2025-03-12,South,Electronics,Bluetooth Speaker,Loyalty,Marketplace,1,54.15,0.0,39.39,54.15,0,Wednesday,False
103933,2025-03-12,South,Beauty,Lipstick Set,New,Online,1,21.71,0.0,4.18,21.71,0,Wednesday,False
103934,2025-03-13,North,Beauty,Shampoo,New,Online,5,13.32,0.1,27.04,59.94,0,Thursday,False
103935,2025-03-13,South,Apparel,Jacket,Returning,Online,1,83.56,0.0,34.03,83.56,0,Thursday,False
103936,2025-03-13,North,Beauty,Shampoo,Returning,Online,2,14.32,0.0,4.22,28.64,0,Thursday,False
103937,2025-03-13,East,Apparel,T-Shirt,Returning,Online,1,21.45,0.1,29.07,19.3,0,Thursday,False
103938,2025-03-13,North,Electronics,Wireless Earbuds,Loyalty,Online,4,49.43,0.0,4.35,197.72,0,Thursday,False
103939,2025-03-13,East,Apparel,Running Shoes,Returning,Marketplace,5,66.49,0.0,0.34,332.45,0,Thursday,False
103940,2025-03-14,South,Beauty,Lipstick Set,Returning,Online,3,24.91,0.1,43.7,67.26,0,Friday,False
103941,2025-03-14,South,Apparel,T-Shirt,New,In-Store,4,18.15,0.0,41.42,72.6,0,Friday,False
103942,2025-03-14,North,Beauty,Shampoo,Returning,Online,2,12.91,0.0,6.55,25.82,0,Friday,False
103943,2025-03-14,West,Beauty,Lipstick Set,Returning,Online,1,26.78,0.0,20.07,26.78,0,Friday,False
103944,2025-03-14,North,Electronics,Power Bank,New,In-Store,2,28.76,0.0,1.51,57.52,0,Friday,False
103946,2025-03-14,North,Apparel,Backpack,New,In-Store,3,54.66,0.0,3.6,163.98,0,Friday,False
103947,2025-03-14,East,Home & Kitchen,Vacuum Cleaner,New,Marketplace,3,118.96,0.2,36.68,285.5,0,Friday,False
103948,2025-03-14,South,Beauty,Face Serum,Returning,Marketplace,1,27.0,0.0,24.98,27.0,0,Friday,False
103949,2025-03-15,South,Electronics,Wireless Earbuds,Returning,Marketplace,2,44.76,0.0,25.93,89.52,0,Saturday,True
103950,2025-03-15,West,Beauty,Moisturizer,New,Online,1,26.74,0.1,9.26,24.07,0,Saturday,True
103951,2025-03-15,North,Apparel,Jacket,Returning,In-Store,3,97.76,0.1,12.74,263.95,0,Saturday,True
103952,2025-03-15,East,Apparel,T-Shirt,Returning,Online,5,18.9,0.0,48.67,94.5,0,Saturday,True
103953,2025-03-15,North,Electronics,Smartphone Case,New,Online,3,15.86,0.0,0.0,47.58,1,Saturday,True
103954,2025-03-15,East,Apparel,Jacket,New,Online,2,89.57,0.0,41.46,179.14,0,Saturday,True
103955,2025-03-15,North,Electronics,Power Bank,Returning,Online,4,30.67,0.0,43.7,122.68,0,Saturday,True
103957,2025-03-15,North,Beauty,Lipstick Set,Returning,In-Store,1,30.25,0.0,0.29,30.25,0,Saturday,True
103958,2025-03-15,South,Electronics,Power Bank,Returning,Online,3,23.93,0.0,23.21,71.79,0,Saturday,True
103959,2025-03-16,West,Beauty,Shampoo,Returning,Online,5,13.12,0.0,30.97,65.6,0,Sunday,True
103960,2025-03-16,North,Beauty,Face Serum,Returning,Online,3,36.26,0.0,17.71,108.78,0,Sunday,True
103961,2025-03-16,West,Electronics,Bluetooth Speaker,Returning,In-Store,4,70.05,0.0,43.3,280.2,0,Sunday,True
103962,2025-03-16,South,Electronics,Smartphone Case,Returning,Online,3,14.68,0.2,1.44,35.23,0,Sunday,True
103964,2025-03-16,South,Beauty,Shampoo,Returning,Online,4,10.59,0.0,33.83,42.36,0,Sunday,True
103965,2025-03-16,South,Electronics,Power Bank,New,Online,3,21.85,0.15,22.74,55.72,0,Sunday,True
103966,2025-03-16,South,Beauty,Moisturizer,Returning,In-Store,1,17.69,0.0,32.99,17.69,0,Sunday,True
103967,2025-03-16,East,Beauty,Shampoo,Returning,Online,3,11.17,0.0,0.0,33.51,1,Sunday,True
103968,2025-03-16,North,Electronics,Smartphone Case,Returning,Marketplace,3,14.97,0.0,9.79,44.91,0,Sunday,True
103969,2025-03-16,East,Apparel,Backpack,New,Online,3,52.93,0.0,33.09,158.79,0,Sunday,True
103970,2025-03-16,North,Home & Kitchen,Air Fryer,New,Online,3,84.59,0.0,19.5,253.77,0,Sunday,True
103971,2025-03-16,West,Apparel,T-Shirt,Returning,Online,3,23.24,0.0,2.11,69.72,0,Sunday,True
103972,2025-03-16,West,Home & Kitchen,Vacuum Cleaner,Returning,In-Store,2,139.36,0.0,28.48,278.72,0,Sunday,True
103973,2025-03-16,East,Apparel,T-Shirt,Returning,Online,4,18.88,0.0,35.0,75.52,0,Sunday,True
103974,2025-03-16,North,Home & Kitchen,Blender,New,In-Store,3,46.77,0.0,9.86,140.31,0,Sunday,True
103975,2025-03-16,South,Home & Kitchen,Coffee Maker,Returning,Marketplace,4,48.48,0.0,43.38,193.92,0,Sunday,True
103976,2025-03-17,West,Beauty,Lipstick Set,Returning,Online,3,29.94,0.0,38.95,89.82,0,Monday,False
103977,2025-03-17,East,Beauty,Lipstick Set,New,Marketplace,3,27.22,0.0,17.51,81.66,0,Monday,False
103978,2025-03-17,West,Beauty,Moisturizer,Loyalty,Online,4,25.83,0.0,43.79,103.32,0,Monday,False
103979,2025-03-17,North,Home & Kitchen,Vacuum Cleaner,New,Online,3,121.59,0.1,6.22,328.29,0,Monday,False
103980,2025-03-17,East,Beauty,Shampoo,New,Marketplace,5,13.08,0.1,26.19,58.86,0,Monday,False
103981,2025-03-17,North,Electronics,Wireless Earbuds,New,Marketplace,2,49.06,0.0,22.97,98.12,0,Monday,False
103982,2025-03-17,East,Home & Kitchen,Blender,New,Online,2,38.82,0.0,35.91,77.64,0,Monday,False
103983,2025-03-17,North,Apparel,T-Shirt,Returning,Online,1,21.56,0.0,13.81,21.56,0,Monday,False
103984,2025-03-18,South,Electronics,Wireless Earbuds,New,Online,3,40.31,0.1,13.4,108.84,0,Tuesday,False
103985,2025-03-18,South,Home & Kitchen,Coffee Maker,Returning,In-Store,4,47.59,0.2,7.04,152.29,0,Tuesday,False
103986,2025-03-18,West,Home & Kitchen,Blender,Returning,In-Store,5,48.13,0.0,0.0,240.65,1,Tuesday,False
103988,2025-03-18,West,Apparel,Jacket,Loyalty,Online,4,92.62,0.0,44.45,370.48,0,Tuesday,False
103989,2025-03-18,North,Electronics,Power Bank,Returning,Online,1,27.48,0.0,0.0,27.48,1,Tuesday,False
103990,2025-03-19,West,Home & Kitchen,Vacuum Cleaner,Returning,In-Store,3,135.2,0.0,7.89,405.6,0,Wednesday,False
103991,2025-03-19,East,Beauty,Shampoo,Returning,In-Store,3,11.81,0.2,17.62,28.34,0,Wednesday,False
103993,2025-03-19,West,Electronics,Bluetooth Speaker,New,Online,4,68.71,0.1,47.93,247.36,0,Wednesday,False
103994,2025-03-19,North,Beauty,Face Serum,Loyalty,In-Store,2,35.13,0.0,41.31,70.26,0,Wednesday,False
103995,2025-03-19,West,Apparel,Backpack,Returning,Online,5,56.65,0.0,15.96,283.25,0,Wednesday,False
103996,2025-03-19,East,Home & Kitchen,Blender,Returning,In-Store,3,40.28,0.1,8.95,108.76,0,Wednesday,False
103997,2025-03-19,South,Electronics,Wireless Earbuds,New,Online,5,41.63,0.0,41.76,208.15,0,Wednesday,False
103998,2025-03-19,South,Home & Kitchen,Coffee Maker,Loyalty,Online,5,52.5,0.0,7.47,262.5,0,Wednesday,False
103999,2025-03-19,North,Electronics,Wireless Earbuds,Returning,In-Store,5,53.05,0.0,4.47,265.25,0,Wednesday,False
104001,2025-03-20,North,Beauty,Face Serum,New,Online,1,31.61,0.0,1.29,31.61,0,Thursday,False
104002,2025-03-20,West,Beauty,Lipstick Set,Returning,Online,4,29.27,0.0,46.44,117.08,0,Thursday,False
104003,2025-03-20,North,Home & Kitchen,Coffee Maker,Loyalty,In-Store,5,59.06,0.0,15.8,295.3,0,Thursday,False
104004,2025-03-20,North,Beauty,Face Serum,Returning,Online,5,35.31,0.0,0.0,176.55,1,Thursday,False
104005,2025-03-20,North,Home & Kitchen,Coffee Maker,New,In-Store,1,58.2,0.1,43.31,52.38,0,Thursday,False
104006,2025-03-20,North,Home & Kitchen,Vacuum Cleaner,New,Marketplace,1,135.86,0.0,27.22,135.86,0,Thursday,False
104007,2025-03-20,North,Electronics,Smartphone Case,New,Marketplace,3,15.52,0.0,46.96,46.56,0,Thursday,False
104008,2025-03-20,North,Apparel,Running Shoes,Returning,Online,2,72.22,0.0,39.27,144.44,0,Thursday,False
104009,2025-03-20,West,Apparel,Backpack,Returning,Marketplace,3,58.76,0.15,35.87,149.84,0,Thursday,False
104011,2025-03-20,South,Apparel,T-Shirt,Loyalty,Online,2,18.7,0.2,31.13,29.92,0,Thursday,False
104012,2025-03-21,South,Electronics,Bluetooth Speaker,Returning,Marketplace,2,52.26,0.1,20.86,94.07,0,Friday,False
104013,2025-03-21,West,Electronics,Bluetooth Speaker,Loyalty,Online,5,67.04,0.0,0.0,335.2,1,Friday,False
104014,2025-03-21,South,Beauty,Lipstick Set,New,In-Store,4,20.99,0.0,13.3,83.96,0,Friday,False
104015,2025-03-21,East,Beauty,Moisturizer,Returning,In-Store,5,19.56,0.15,38.31,83.13,0,Friday,False
104016,2025-03-22,South,Apparel,T-Shirt,New,Marketplace,3,18.47,0.0,29.7,55.41,0,Saturday,True
104017,2025-03-22,West,Beauty,Face Serum,Loyalty,Marketplace,1,34.35,0.0,38.36,34.35,0,Saturday,True
104018,2025-03-22,North,Home & Kitchen,Blender,Returning,Online,4,41.79,0.0,29.37,167.16,0,Saturday,True
104019,2025-03-22,East,Beauty,Face Serum,New,In-Store,3,30.99,0.0,14.79,92.97,0,Saturday,True
104020,2025-03-22,South,Apparel,Running Shoes,Loyalty,In-Store,3,73.54,0.0,36.05,220.62,0,Saturday,True
104021,2025-03-22,South,Apparel,Jacket,Returning,Online,3,83.93,0.1,12.93,226.61,0,Saturday,True
104022,2025-03-22,North,Apparel,Running Shoes,Returning,Online,4,77.73,0.0,40.97,310.92,0,Saturday,True
104023,2025-03-22,South,Apparel,Running Shoes,Returning,Online,2,59.15,0.0,25.37,118.3,0,Saturday,True
104024,2025-03-22,East,Home & Kitchen,Air Fryer,New,Online,2,77.32,0.0,41.08,154.64,0,Saturday,True
104025,2025-03-22,North,Apparel,Backpack,New,Online,3,53.82,0.0,33.96,161.46,0,Saturday,True
104026,2025-03-22,South,Home & Kitchen,Blender,New,Online,5,38.65,0.0,21.76,193.25,0,Saturday,True
104027,2025-03-23,East,Apparel,Running Shoes,Returning,In-Store,4,69.75,0.0,5.9,279.0,0,Sunday,True
104028,2025-03-23,North,Electronics,Bluetooth Speaker,Loyalty,In-Store,2,59.95,0.2,38.57,95.92,0,Sunday,True
104029,2025-03-23,East,Electronics,Bluetooth Speaker,Returning,In-Store,5,56.58,0.2,22.34,226.32,0,Sunday,True
104031,2025-03-23,North,Beauty,Lipstick Set,Returning,Marketplace,1,27.77,0.0,20.39,27.77,0,Sunday,True
104032,2025-03-23,North,Electronics,Smartphone Case,New,Marketplace,5,16.54,0.0,23.05,82.7,0,Sunday,True
104033,2025-03-23,West,Electronics,Bluetooth Speaker,Returning,Online,3,66.44,0.0,8.82,199.32,0,Sunday,True
104034,2025-03-23,West,Electronics,Power Bank,Returning,Online,2,31.23,0.0,5.04,62.46,0,Sunday,True
104035,2025-03-23,South,Apparel,Running Shoes,New,Online,2,62.04,0.0,7.42,124.08,0,Sunday,True
104036,2025-03-23,South,Home & Kitchen,Coffee Maker,Returning,Online,3,48.04,0.0,16.98,144.12,0,Sunday,True
104037,2025-03-23,South,Beauty,Shampoo,New,Online,4,10.12,0.0,5.58,40.48,0,Sunday,True
104038,2025-03-23,North,Beauty,Face Serum,New,Online,2,34.26,0.0,0.15,68.52,0,Sunday,True
104039,2025-03-23,North,Electronics,Wireless Earbuds,New,Online,1,49.96,0.15,1.48,42.47,0,Sunday,True
104040,2025-03-23,East,Home & Kitchen,Coffee Maker,Returning,Online,2,56.9,0.0,23.66,113.8,0,Sunday,True
104041,2025-03-24,South,Beauty,Face Serum,New,Online,2,26.73,0.0,14.77,53.46,0,Monday,False
104042,2025-03-24,South,Apparel,Jacket,Returning,In-Store,2,77.63,0.1,37.92,139.73,0,Monday,False
104043,2025-03-24,North,Home & Kitchen,Blender,New,In-Store,5,45.79,0.0,3.94,228.95,0,Monday,False
104044,2025-03-25,South,Apparel,Jacket,New,Online,4,72.81,0.0,36.99,291.24,0,Tuesday,False
104045,2025-03-25,South,Beauty,Shampoo,New,In-Store,1,11.12,0.1,45.06,10.01,0,Tuesday,False
104046,2025-03-25,South,Apparel,T-Shirt,Returning,Online,3,17.66,0.0,11.79,52.98,0,Tuesday,False
104047,2025-03-25,North,Electronics,Bluetooth Speaker,New,Online,3,64.4,0.0,31.7,193.2,0,Tuesday,False
104048,2025-03-25,North,Apparel,T-Shirt,Returning,Marketplace,5,21.06,0.2,27.03,84.24,0,Tuesday,False
104049,2025-03-25,North,Beauty,Lipstick Set,New,Online,3,28.79,0.1,8.66,77.73,0,Tuesday,False
104050,2025-03-25,South,Beauty,Shampoo,Loyalty,Online,1,10.1,0.15,10.54,8.58,0,Tuesday,False
104051,2025-03-25,North,Beauty,Shampoo,Returning,Online,3,11.46,0.0,46.87,34.38,0,Tuesday,False
104052,2025-03-25,East,Home & Kitchen,Blender,Loyalty,Online,2,39.45,0.1,16.07,71.01,0,Tuesday,False
104053,2025-03-25,North,Apparel,T-Shirt,New,Online,4,21.41,0.1,35.76,77.08,0,Tuesday,False
104054,2025-03-26,North,Apparel,Jacket,Returning,Marketplace,2,109.58,0.2,38.76,175.33,0,Wednesday,False
104055,2025-03-26,South,Home & Kitchen,Coffee Maker,Returning,Online,4,50.14,0.0,0.11,200.56,0,Wednesday,False
104056,2025-03-26,North,Apparel,Backpack,Loyalty,Online,5,54.7,0.0,17.67,273.5,0,Wednesday,False
104057,2025-03-26,North,Beauty,Moisturizer,New,Marketplace,1,27.2,0.0,14.12,27.2,0,Wednesday,False
104058,2025-03-26,East,Beauty,Face Serum,New,In-Store,1,31.63,0.0,37.17,31.63,0,Wednesday,False
104059,2025-03-26,North,Apparel,Jacket,Returning,Marketplace,1,105.81,0.0,25.25,105.81,0,Wednesday,False
104060,2025-03-26,West,Beauty,Lipstick Set,Returning,Online,5,26.26,0.0,28.38,131.3,0,Wednesday,False
104061,2025-03-26,North,Beauty,Face Serum,New,Online,3,32.65,0.0,31.62,97.95,0,Wednesday,False
104062,2025-03-26,South,Home & Kitchen,Air Fryer,Returning,Marketplace,1,74.24,0.0,37.2,74.24,0,Wednesday,False
104063,2025-03-27,South,Home & Kitchen,Blender,Returning,Marketplace,5,35.54,0.0,17.75,177.7,0,Thursday,False
104064,2025-03-27,South,Electronics,Wireless Earbuds,New,Online,4,41.55,0.1,8.42,149.58,0,Thursday,False
104065,2025-03-27,North,Apparel,Running Shoes,Returning,In-Store,1,76.45,0.0,48.68,76.45,0,Thursday,False
104066,2025-03-27,West,Electronics,Wireless Earbuds,Loyalty,Online,2,49.3,0.0,31.35,98.6,0,Thursday,False
104067,2025-03-28,South,Electronics,Smartphone Case,Loyalty,Online,1,12.29,0.0,21.89,12.29,0,Friday,False
104068,2025-03-28,South,Electronics,Wireless Earbuds,New,Online,1,40.43,0.0,43.14,40.43,0,Friday,False
104069,2025-03-28,North,Electronics,Bluetooth Speaker,Returning,Marketplace,3,61.0,0.0,43.04,183.0,0,Friday,False
104070,2025-03-28,East,Beauty,Lipstick Set,New,In-Store,3,23.86,0.0,11.73,71.58,0,Friday,False
104071,2025-03-28,South,Apparel,Jacket,Returning,Marketplace,4,81.64,0.0,41.79,326.56,0,Friday,False
104072,2025-03-28,South,Beauty,Shampoo,New,In-Store,2,10.6,0.0,25.77,21.2,0,Friday,False
104073,2025-03-28,South,Apparel,Jacket,Returning,Online,1,85.44,0.0,11.94,85.44,0,Friday,False
104074,2025-03-28,East,Home & Kitchen,Air Fryer,Returning,Online,2,81.97,0.0,12.53,163.94,0,Friday,False
104075,2025-03-28,South,Beauty,Lipstick Set,Returning,Online,3,22.52,0.1,49.95,60.8,0,Friday,False
104076,2025-03-28,South,Home & Kitchen,Vacuum Cleaner,Returning,In-Store,1,112.99,0.0,22.33,112.99,0,Friday,False
104077,2025-03-28,North,Home & Kitchen,Coffee Maker,Loyalty,Marketplace,5,59.49,0.15,10.74,252.83,0,Friday,False
104078,2025-03-28,East,Electronics,Power Bank,New,Marketplace,1,26.15,0.0,18.24,26.15,0,Friday,False
104079,2025-03-29,West,Electronics,Bluetooth Speaker,Returning,Marketplace,1,67.01,0.0,45.83,67.01,0,Saturday,True
104080,2025-03-29,West,Beauty,Face Serum,New,Marketplace,3,35.55,0.0,29.69,106.65,0,Saturday,True
104081,2025-03-29,South,Home & Kitchen,Air Fryer,Loyalty,Online,5,79.24,0.15,14.12,336.77,0,Saturday,True
104082,2025-03-29,West,Beauty,Moisturizer,Loyalty,Online,3,25.2,0.0,48.51,75.6,0,Saturday,True
104083,2025-03-29,East,Home & Kitchen,Blender,Loyalty,Online,1,43.14,0.15,19.65,36.67,0,Saturday,True
104084,2025-03-29,East,Home & Kitchen,Blender,Returning,Online,4,39.74,0.0,30.16,158.96,0,Saturday,True
104085,2025-03-29,West,Apparel,Jacket,Loyalty,Online,2,97.77,0.0,15.39,195.54,0,Saturday,True
104086,2025-03-29,North,Apparel,Backpack,Returning,Marketplace,4,55.4,0.0,48.07,221.6,0,Saturday,True
104087,2025-03-29,West,Electronics,Smartphone Case,Returning,Online,4,18.28,0.0,32.13,73.12,0,Saturday,True
104088,2025-03-30,South,Home & Kitchen,Blender,New,Online,4,37.08,0.1,12.8,133.49,0,Sunday,True
104089,2025-03-30,North,Apparel,T-Shirt,Returning,In-Store,1,21.29,0.0,24.92,21.29,0,Sunday,True
104090,2025-03-30,North,Beauty,Lipstick Set,Returning,Online,3,26.97,0.0,41.53,80.91,0,Sunday,True
104091,2025-03-30,South,Beauty,Lipstick Set,Loyalty,Online,5,20.91,0.0,3.66,104.55,0,Sunday,True
104092,2025-03-30,North,Electronics,Smartphone Case,New,Online,4,15.75,0.0,49.78,63.0,0,Sunday,True
104093,2025-03-30,South,Electronics,Bluetooth Speaker,Returning,Marketplace,3,56.99,0.0,37.7,170.97,0,Sunday,True
104096,2025-03-30,West,Beauty,Shampoo,New,Online,3,14.26,0.0,27.43,42.78,0,Sunday,True
104097,2025-03-30,West,Apparel,Running Shoes,New,Online,2,79.15,0.0,21.69,158.3,0,Sunday,True
104098,2025-03-30,East,Beauty,Face Serum,Returning,Online,5,31.24,0.0,21.16,156.2,0,Sunday,True
104099,2025-03-30,South,Beauty,Lipstick Set,Returning,Online,2,21.77,0.0,18.7,43.54,0,Sunday,True
104100,2025-03-30,East,Apparel,T-Shirt,New,Online,4,20.0,0.1,48.09,72.0,0,Sunday,True
104101,2025-03-31,East,Home & Kitchen,Coffee Maker,Returning,Marketplace,3,53.29,0.0,26.21,159.87,0,Monday,False
104102,2025-03-31,East,Beauty,Shampoo,Returning,Marketplace,1,12.07,0.0,22.36,12.07,0,Monday,False
104103,2025-03-31,North,Beauty,Lipstick Set,Loyalty,Online,3,27.67,0.0,11.35,83.01,0,Monday,False
104104,2025-03-31,South,Beauty,Moisturizer,Returning,Marketplace,5,19.41,0.0,24.92,97.05,0,Monday,False
104105,2025-04-01,South,Beauty,Shampoo,Loyalty,Marketplace,5,11.16,0.0,46.04,55.8,0,Tuesday,False
104106,2025-04-01,East,Apparel,T-Shirt,New,Online,5,19.27,0.0,27.38,96.35,0,Tuesday,False
104108,2025-04-01,West,Electronics,Smartphone Case,Returning,Marketplace,3,16.41,0.0,45.87,49.23,0,Tuesday,False
104109,2025-04-01,West,Apparel,T-Shirt,Loyalty,Marketplace,1,21.27,0.0,15.22,21.27,0,Tuesday,False
104110,2025-04-01,East,Beauty,Moisturizer,Loyalty,Marketplace,4,23.29,0.1,10.57,83.84,0,Tuesday,False
104111,2025-04-01,North,Apparel,Backpack,Returning,In-Store,3,54.13,0.2,0.0,129.91,1,Tuesday,False
104112,2025-04-01,West,Beauty,Face Serum,Returning,In-Store,4,34.09,0.15,23.12,115.91,0,Tuesday,False
104114,2025-04-02,North,Apparel,Jacket,Returning,In-Store,1,98.23,0.0,29.43,98.23,0,Wednesday,False
104115,2025-04-03,North,Electronics,Wireless Earbuds,New,In-Store,5,50.51,0.0,46.38,252.55,0,Thursday,False
104116,2025-04-03,West,Electronics,Wireless Earbuds,New,In-Store,1,51.64,0.1,47.73,46.48,0,Thursday,False
104117,2025-04-03,North,Beauty,Lipstick Set,Loyalty,Online,5,25.91,0.0,18.44,129.55,0,Thursday,False
104118,2025-04-03,North,Beauty,Face Serum,Returning,In-Store,2,31.63,0.0,25.93,63.26,0,Thursday,False
104119,2025-04-03,East,Home & Kitchen,Coffee Maker,Loyalty,Online,3,53.74,0.0,6.1,161.22,0,Thursday,False
104121,2025-04-03,East,Beauty,Lipstick Set,Returning,In-Store,4,23.91,0.0,33.23,95.64,0,Thursday,False
104122,2025-04-04,North,Beauty,Moisturizer,Loyalty,Marketplace,4,26.04,0.0,13.78,104.16,0,Friday,False
104123,2025-04-04,East,Beauty,Face Serum,Returning,In-Store,3,30.9,0.0,36.46,92.7,0,Friday,False
104124,2025-04-04,South,Home & Kitchen,Air Fryer,New,Marketplace,4,65.52,0.2,24.64,209.66,0,Friday,False
104125,2025-04-04,East,Electronics,Smartphone Case,Returning,Online,3,15.04,0.15,8.41,38.35,0,Friday,False
104126,2025-04-04,East,Home & Kitchen,Vacuum Cleaner,New,Online,1,119.88,0.0,41.51,119.88,0,Friday,False
104127,2025-04-04,East,Beauty,Lipstick Set,Returning,Online,3,25.86,0.0,17.43,77.58,0,Friday,False
104128,2025-04-04,North,Apparel,T-Shirt,New,Online,4,22.54,0.15,10.56,76.64,0,Friday,False
104129,2025-04-04,East,Home & Kitchen,Blender,Returning,In-Store,2,38.91,0.2,31.98,62.26,0,Friday,False
104130,2025-04-05,East,Home & Kitchen,Coffee Maker,Returning,Online,3,54.43,0.0,5.88,163.29,0,Saturday,True
104131,2025-04-05,West,Electronics,Wireless Earbuds,Loyalty,Marketplace,1,50.23,0.0,32.06,50.23,0,Saturday,True
104132,2025-04-05,East,Beauty,Shampoo,Returning,In-Store,3,12.12,0.0,23.79,36.36,0,Saturday,True
104133,2025-04-05,South,Apparel,Running Shoes,New,Online,5,58.37,0.0,12.25,291.85,0,Saturday,True
104134,2025-04-05,North,Home & Kitchen,Blender,Loyalty,Online,4,44.83,0.0,35.68,179.32,0,Saturday,True
104135,2025-04-05,South,Electronics,Bluetooth Speaker,Loyalty,Online,4,56.84,0.0,27.01,227.36,0,Saturday,True
104136,2025-04-05,South,Beauty,Shampoo,New,In-Store,4,11.71,0.0,22.41,46.84,0,Saturday,True
104137,2025-04-05,South,Electronics,Wireless Earbuds,Returning,Online,3,39.3,0.0,49.23,117.9,0,Saturday,True
104138,2025-04-05,West,Apparel,Jacket,Returning,Online,4,97.65,0.0,32.99,390.6,0,Saturday,True
104139,2025-04-06,West,Beauty,Moisturizer,Returning,In-Store,4,26.03,0.15,26.31,88.5,0,Sunday,True
104140,2025-04-06,South,Apparel,Jacket,Loyalty,Marketplace,5,80.66,0.0,30.87,403.3,0,Sunday,True
104141,2025-04-06,North,Beauty,Lipstick Set,Loyalty,Online,4,28.16,0.0,3.07,112.64,0,Sunday,True
104142,2025-04-06,South,Apparel,T-Shirt,Returning,Online,5,17.9,0.15,33.76,76.08,0,Sunday,True
104144,2025-04-06,East,Apparel,Backpack,New,Online,5,44.85,0.0,29.81,224.25,0,Sunday,True
104145,2025-04-06,South,Beauty,Moisturizer,New,Marketplace,5,20.2,0.0,30.23,101.0,0,Sunday,True
104147,2025-04-06,South,Electronics,Wireless Earbuds,Returning,Marketplace,2,40.68,0.0,38.18,81.36,0,Sunday,True
104148,2025-04-07,South,Home & Kitchen,Coffee Maker,Returning,Online,5,49.92,0.2,21.17,199.68,0,Monday,False
104149,2025-04-07,North,Electronics,Bluetooth Speaker,Returning,In-Store,4,70.26,0.0,34.76,281.04,0,Monday,False
104150,2025-04-07,South,Home & Kitchen,Blender,Returning,Online,4,35.31,0.0,26.95,141.24,0,Monday,False
104151,2025-04-07,South,Home & Kitchen,Blender,Returning,Online,3,34.56,0.0,5.15,103.68,0,Monday,False
104152,2025-04-07,South,Home & Kitchen,Blender,Returning,In-Store,4,32.79,0.0,15.85,131.16,0,Monday,False
104153,2025-04-07,East,Home & Kitchen,Blender,New,In-Store,5,43.72,0.1,40.81,196.74,0,Monday,False
104154,2025-04-07,West,Electronics,Wireless Earbuds,New,Online,1,57.93,0.1,2.53,52.14,0,Monday,False
104155,2025-04-07,South,Beauty,Face Serum,Returning,Online,5,28.16,0.0,24.69,140.8,0,Monday,False
104156,2025-04-07,East,Beauty,Shampoo,New,In-Store,3,12.45,0.1,34.75,33.61,0,Monday,False
104157,2025-04-07,South,Apparel,Jacket,Loyalty,Marketplace,1,83.46,0.0,36.45,83.46,0,Monday,False
104159,2025-04-08,North,Apparel,T-Shirt,Returning,In-Store,1,22.63,0.0,2.12,22.63,0,Tuesday,False
104160,2025-04-08,West,Apparel,T-Shirt,New,Online,3,23.05,0.0,12.21,69.15,0,Tuesday,False
104161,2025-04-08,East,Home & Kitchen,Air Fryer,New,Online,3,75.39,0.1,37.2,203.55,0,Tuesday,False
104163,2025-04-09,North,Electronics,Smartphone Case,Loyalty,In-Store,2,18.35,0.0,15.69,36.7,0,Wednesday,False
104164,2025-04-09,West,Electronics,Wireless Earbuds,New,Marketplace,3,54.67,0.0,9.92,164.01,0,Wednesday,False
104165,2025-04-09,West,Home & Kitchen,Coffee Maker,Loyalty,Online,3,60.32,0.0,34.34,180.96,0,Wednesday,False
104166,2025-04-09,North,Home & Kitchen,Air Fryer,New,Online,2,87.52,0.0,8.88,175.04,0,Wednesday,False
104167,2025-04-09,North,Beauty,Shampoo,New,Online,2,12.72,0.0,9.25,25.44,0,Wednesday,False
104168,2025-04-09,West,Beauty,Lipstick Set,New,In-Store,1,30.45,0.1,41.53,27.4,0,Wednesday,False
104169,2025-04-09,North,Electronics,Power Bank,New,Online,4,28.92,0.0,3.83,115.68,0,Wednesday,False
104170,2025-04-09,North,Apparel,Jacket,Loyalty,Online,2,101.86,0.2,16.54,162.98,0,Wednesday,False
104171,2025-04-09,West,Home & Kitchen,Blender,New,Marketplace,2,45.55,0.0,34.53,91.1,0,Wednesday,False
104172,2025-04-09,North,Electronics,Bluetooth Speaker,Returning,Online,2,59.27,0.0,27.56,118.54,0,Wednesday,False
104173,2025-04-10,North,Apparel,Jacket,Returning,Online,4,101.28,0.0,33.29,405.12,0,Thursday,False
104174,2025-04-10,North,Beauty,Lipstick Set,Loyalty,Online,5,23.89,0.0,18.92,119.45,0,Thursday,False
104175,2025-04-10,South,Apparel,T-Shirt,New,Online,1,16.62,0.15,34.52,14.13,0,Thursday,False
104176,2025-04-10,West,Home & Kitchen,Coffee Maker,Loyalty,Online,4,63.1,0.0,6.28,252.4,0,Thursday,False
104177,2025-04-10,West,Electronics,Smartphone Case,Loyalty,Online,2,17.97,0.0,30.3,35.94,0,Thursday,False
104178,2025-04-10,South,Apparel,Jacket,New,Online,4,83.02,0.0,28.89,332.08,0,Thursday,False
104179,2025-04-11,East,Home & Kitchen,Blender,Returning,Marketplace,1,38.99,0.0,0.0,38.99,1,Friday,False
104180,2025-04-11,South,Home & Kitchen,Blender,Returning,Marketplace,3,33.6,0.1,10.13,90.72,0,Friday,False
104181,2025-04-11,West,Home & Kitchen,Coffee Maker,Returning,Online,5,65.63,0.15,10.57,278.93,0,Friday,False
104182,2025-04-11,South,Apparel,Backpack,New,Online,2,44.61,0.0,3.86,89.22,0,Friday,False
104183,2025-04-11,North,Home & Kitchen,Coffee Maker,Loyalty,In-Store,2,57.16,0.0,46.47,114.32,0,Friday,False
104184,2025-04-11,East,Beauty,Lipstick Set,Returning,Online,1,25.31,0.0,25.96,25.31,0,Friday,False
104185,2025-04-11,South,Beauty,Moisturizer,Returning,Online,5,21.01,0.0,48.53,105.05,0,Friday,False
104186,2025-04-11,South,Home & Kitchen,Air Fryer,New,Online,4,74.74,0.0,2.56,298.96,0,Friday,False
104188,2025-04-12,South,Electronics,Wireless Earbuds,Returning,Marketplace,3,43.08,0.0,8.65,129.24,0,Saturday,True
104189,2025-04-12,North,Electronics,Power Bank,New,In-Store,3,28.09,0.0,31.45,84.27,0,Saturday,True
104190,2025-04-12,East,Electronics,Wireless Earbuds,Returning,In-Store,2,40.91,0.0,25.56,81.82,0,Saturday,True
104191,2025-04-12,East,Electronics,Bluetooth Speaker,Loyalty,Online,5,62.29,0.0,19.81,311.45,0,Saturday,True
104192,2025-04-12,West,Beauty,Shampoo,Loyalty,Online,5,13.64,0.15,41.99,57.97,0,Saturday,True
104193,2025-04-12,North,Electronics,Power Bank,Returning,Online,1,27.58,0.15,8.28,23.44,0,Saturday,True
104194,2025-04-12,North,Home & Kitchen,Vacuum Cleaner,New,Online,2,131.4,0.0,30.96,262.8,0,Saturday,True
104195,2025-04-12,East,Home & Kitchen,Vacuum Cleaner,New,In-Store,1,119.23,0.15,14.59,101.35,0,Saturday,True
104196,2025-04-12,South,Electronics,Power Bank,New,In-Store,4,20.57,0.0,11.89,82.28,0,Saturday,True
104197,2025-04-12,West,Beauty,Moisturizer,New,Online,3,25.85,0.0,36.49,77.55,0,Saturday,True
104198,2025-04-12,North,Apparel,T-Shirt,New,Marketplace,2,22.25,0.0,33.56,44.5,0,Saturday,True
104199,2025-04-13,South,Home & Kitchen,Air Fryer,Returning,Marketplace,5,68.83,0.0,11.8,344.15,0,Sunday,True
104200,2025-04-13,North,Beauty,Shampoo,Returning,Online,5,13.33,0.1,29.78,59.99,0,Sunday,True
104201,2025-04-13,West,Beauty,Lipstick Set,Loyalty,Online,4,29.19,0.2,9.01,93.41,0,Sunday,True
104202,2025-04-13,North,Beauty,Lipstick Set,New,Marketplace,4,26.96,0.0,23.79,107.84,0,Sunday,True
104203,2025-04-13,East,Electronics,Wireless Earbuds,Returning,Online,2,43.61,0.0,2.77,87.22,0,Sunday,True
104204,2025-04-13,North,Beauty,Face Serum,New,In-Store,5,31.92,0.0,2.28,159.6,0,Sunday,True
104205,2025-04-13,North,Beauty,Face Serum,Returning,Online,2,32.14,0.2,33.02,51.42,0,Sunday,True
104206,2025-04-13,East,Beauty,Shampoo,Returning,Online,5,11.66,0.15,10.84,49.56,0,Sunday,True
104207,2025-04-13,West,Electronics,Wireless Earbuds,New,Marketplace,5,54.12,0.0,25.85,270.6,0,Sunday,True
104208,2025-04-14,North,Home & Kitchen,Vacuum Cleaner,New,Online,2,133.84,0.0,8.19,267.68,0,Monday,False
104209,2025-04-14,North,Beauty,Face Serum,Returning,In-Store,4,29.89,0.0,26.6,119.56,0,Monday,False
104210,2025-04-14,South,Electronics,Power Bank,New,Online,4,22.06,0.0,21.7,88.24,0,Monday,False
104211,2025-04-14,South,Beauty,Lipstick Set,Loyalty,Online,4,23.27,0.0,31.8,93.08,0,Monday,False
104212,2025-04-14,East,Beauty,Moisturizer,New,Online,4,23.47,0.0,0.87,93.88,0,Monday,False
104213,2025-04-14,South,Home & Kitchen,Coffee Maker,New,Marketplace,4,48.71,0.0,40.08,194.84,0,Monday,False
104214,2025-04-14,North,Beauty,Lipstick Set,New,Online,5,28.79,0.15,21.51,122.36,0,Monday,False
104215,2025-04-14,North,Electronics,Smartphone Case,Loyalty,Online,4,17.82,0.0,38.29,71.28,0,Monday,False
104216,2025-04-15,South,Home & Kitchen,Air Fryer,New,Online,3,72.17,0.0,33.31,216.51,0,Tuesday,False
104217,2025-04-15,West,Electronics,Smartphone Case,Loyalty,Online,3,18.41,0.0,37.81,55.23,0,Tuesday,False
104218,2025-04-15,East,Electronics,Smartphone Case,Loyalty,Marketplace,5,15.65,0.15,45.41,66.51,0,Tuesday,False
104219,2025-04-15,South,Home & Kitchen,Blender,New,In-Store,1,38.24,0.0,41.79,38.24,0,Tuesday,False
104220,2025-04-15,East,Electronics,Power Bank,New,Marketplace,2,25.18,0.0,29.53,50.36,0,Tuesday,False
104221,2025-04-16,South,Home & Kitchen,Vacuum Cleaner,New,Online,4,103.08,0.15,38.31,350.47,0,Wednesday,False
104222,2025-04-16,South,Home & Kitchen,Blender,Returning,Marketplace,4,36.33,0.0,19.68,145.32,0,Wednesday,False
104223,2025-04-16,South,Electronics,Power Bank,New,Online,4,21.24,0.0,12.59,84.96,0,Wednesday,False
104224,2025-04-16,East,Beauty,Lipstick Set,New,Online,3,24.68,0.15,22.98,62.93,0,Wednesday,False
104225,2025-04-16,East,Electronics,Smartphone Case,Loyalty,Marketplace,2,13.32,0.0,39.39,26.64,0,Wednesday,False
104226,2025-04-16,West,Electronics,Bluetooth Speaker,Returning,In-Store,5,70.09,0.15,4.26,297.88,0,Wednesday,False
104227,2025-04-16,South,Electronics,Bluetooth Speaker,New,In-Store,2,56.0,0.0,26.51,112.0,0,Wednesday,False
104229,2025-04-16,North,Beauty,Face Serum,New,In-Store,4,30.08,0.0,36.89,120.32,0,Wednesday,False
104230,2025-04-16,East,Home & Kitchen,Air Fryer,Loyalty,Online,4,77.69,0.0,37.94,310.76,0,Wednesday,False
104231,2025-04-17,East,Electronics,Wireless Earbuds,New,Online,2,45.87,0.0,41.7,91.74,0,Thursday,False
104232,2025-04-17,North,Beauty,Moisturizer,New,Online,3,23.8,0.0,49.81,71.4,0,Thursday,False
104233,2025-04-17,North,Apparel,Running Shoes,Loyalty,Marketplace,3,79.3,0.0,0.17,237.9,0,Thursday,False
104235,2025-04-17,West,Home & Kitchen,Vacuum Cleaner,Returning,Marketplace,2,142.84,0.1,14.76,257.11,0,Thursday,False
104236,2025-04-17,South,Electronics,Wireless Earbuds,Returning,Online,1,41.68,0.0,41.93,41.68,0,Thursday,False
104237,2025-04-17,South,Beauty,Face Serum,Returning,Online,2,29.58,0.0,37.45,59.16,0,Thursday,False
104238,2025-04-17,North,Home & Kitchen,Vacuum Cleaner,Loyalty,Online,2,121.68,0.0,10.69,243.36,0,Thursday,False
104239,2025-04-17,East,Home & Kitchen,Vacuum Cleaner,Returning,Marketplace,3,126.87,0.0,39.58,380.61,0,Thursday,False
104240,2025-04-17,North,Beauty,Moisturizer,Returning,Online,1,22.87,0.15,39.68,19.44,0,Thursday,False
104241,2025-04-17,South,Apparel,Backpack,Returning,Marketplace,2,44.37,0.1,0.91,79.87,0,Thursday,False
104242,2025-04-17,West,Beauty,Lipstick Set,New,Online,3,29.71,0.0,10.37,89.13,0,Thursday,False
104243,2025-04-17,North,Home & Kitchen,Blender,Loyalty,Online,1,44.03,0.0,43.63,44.03,0,Thursday,False
104244,2025-04-18,East,Home & Kitchen,Air Fryer,Loyalty,Online,4,85.59,0.0,47.27,342.36,0,Friday,False
104245,2025-04-18,East,Apparel,Running Shoes,New,Marketplace,5,70.92,0.15,0.0,301.41,1,Friday,False
104246,2025-04-18,North,Electronics,Power Bank,New,Online,2,26.94,0.0,5.98,53.88,0,Friday,False
104247,2025-04-18,South,Electronics,Wireless Earbuds,New,In-Store,2,40.18,0.1,12.46,72.32,0,Friday,False
104248,2025-04-18,North,Electronics,Wireless Earbuds,New,Online,1,44.9,0.0,33.03,44.9,0,Friday,False
104250,2025-04-19,South,Electronics,Smartphone Case,Returning,Online,5,14.06,0.0,46.31,70.3,0,Saturday,True
104251,2025-04-19,South,Apparel,Running Shoes,New,Online,5,59.88,0.1,48.1,269.46,0,Saturday,True
104252,2025-04-19,East,Apparel,Running Shoes,New,Online,1,69.88,0.15,8.45,59.4,0,Saturday,True
104253,2025-04-19,West,Electronics,Bluetooth Speaker,New,Online,2,73.94,0.0,8.79,147.88,0,Saturday,True
104254,2025-04-19,North,Electronics,Wireless Earbuds,New,Marketplace,4,49.98,0.0,14.74,199.92,0,Saturday,True
104255,2025-04-19,East,Electronics,Bluetooth Speaker,New,Online,1,57.68,0.1,45.71,51.91,0,Saturday,True
104256,2025-04-19,West,Electronics,Smartphone Case,Returning,In-Store,3,18.7,0.0,38.17,56.1,0,Saturday,True
104257,2025-04-19,North,Electronics,Wireless Earbuds,New,Online,1,51.28,0.0,8.92,51.28,0,Saturday,True
104258,2025-04-19,South,Beauty,Face Serum,Returning,Marketplace,4,24.84,0.0,49.39,99.36,0,Saturday,True
104259,2025-04-19,South,Home & Kitchen,Coffee Maker,Loyalty,Marketplace,4,50.65,0.1,41.9,182.34,0,Saturday,True
104260,2025-04-19,North,Home & Kitchen,Coffee Maker,Returning,Marketplace,5,63.47,0.0,20.48,317.35,0,Saturday,True
104261,2025-04-20,West,Beauty,Moisturizer,Returning,In-Store,5,23.87,0.0,41.47,119.35,0,Sunday,True
104262,2025-04-20,South,Beauty,Moisturizer,New,In-Store,5,19.23,0.15,29.69,81.73,0,Sunday,True
104263,2025-04-20,West,Beauty,Shampoo,Loyalty,In-Store,4,13.97,0.0,26.32,55.88,0,Sunday,True
104264,2025-04-20,North,Beauty,Moisturizer,Returning,Marketplace,3,26.78,0.0,13.21,80.34,0,Sunday,True
104265,2025-04-20,East,Beauty,Lipstick Set,Returning,In-Store,3,24.53,0.0,43.63,73.59,0,Sunday,True
104266,2025-04-20,West,Electronics,Smartphone Case,Loyalty,Online,5,15.9,0.0,44.09,79.5,0,Sunday,True
104267,2025-04-20,North,Home & Kitchen,Coffee Maker,Loyalty,Online,1,61.53,0.0,13.72,61.53,0,Sunday,True
104268,2025-04-20,North,Apparel,T-Shirt,Returning,In-Store,3,22.16,0.0,8.67,66.48,0,Sunday,True
104269,2025-04-20,North,Apparel,Jacket,New,Online,1,98.6,0.0,23.59,98.6,0,Sunday,True
104270,2025-04-20,East,Home & Kitchen,Coffee Maker,New,Online,3,58.97,0.2,29.66,141.53,0,Sunday,True
104271,2025-04-21,West,Electronics,Smartphone Case,Returning,Online,4,18.07,0.0,28.17,72.28,0,Monday,False
104273,2025-04-21,West,Home & Kitchen,Vacuum Cleaner,Returning,Marketplace,3,126.06,0.0,39.93,378.18,0,Monday,False
104274,2025-04-21,West,Home & Kitchen,Blender,Loyalty,Online,5,47.43,0.0,2.74,237.15,0,Monday,False
104275,2025-04-21,East,Beauty,Moisturizer,Returning,Online,1,21.44,0.0,0.42,21.44,0,Monday,False
104276,2025-04-22,South,Electronics,Bluetooth Speaker,Returning,Online,2,51.99,0.0,49.44,103.98,0,Tuesday,False
104277,2025-04-22,East,Beauty,Shampoo,Returning,Online,4,12.32,0.1,16.09,44.35,0,Tuesday,False
104278,2025-04-22,North,Apparel,Jacket,New,Online,2,94.39,0.0,39.37,188.78,0,Tuesday,False
104279,2025-04-22,South,Beauty,Lipstick Set,New,Marketplace,2,22.32,0.0,1.57,44.64,0,Tuesday,False
104280,2025-04-23,North,Apparel,Jacket,Loyalty,Online,4,99.85,0.0,13.18,399.4,0,Wednesday,False
104281,2025-04-23,West,Beauty,Moisturizer,New,In-Store,4,26.97,0.0,18.12,107.88,0,Wednesday,False
104282,2025-04-23,West,Electronics,Wireless Earbuds,Returning,In-Store,3,52.38,0.0,6.69,157.14,0,Wednesday,False
104283,2025-04-23,North,Electronics,Power Bank,New,Online,1,26.82,0.15,37.79,22.8,0,Wednesday,False
104284,2025-04-23,East,Electronics,Bluetooth Speaker,New,Online,2,60.05,0.0,6.58,120.1,0,Wednesday,False
104285,2025-04-23,North,Apparel,Running Shoes,New,Online,2,70.57,0.0,32.74,141.14,0,Wednesday,False
104286,2025-04-23,North,Electronics,Power Bank,Loyalty,Online,3,27.36,0.0,10.31,82.08,0,Wednesday,False
104287,2025-04-24,South,Home & Kitchen,Coffee Maker,Returning,Online,3,50.77,0.0,31.89,152.31,0,Thursday,False
104288,2025-04-24,South,Electronics,Power Bank,Returning,In-Store,5,20.54,0.15,9.29,87.29,0,Thursday,False
104289,2025-04-24,South,Beauty,Face Serum,New,Online,2,25.82,0.15,14.25,43.89,0,Thursday,False
104290,2025-04-24,West,Apparel,Jacket,Returning,Online,2,110.45,0.1,0.0,198.81,1,Thursday,False
104291,2025-04-25,East,Beauty,Lipstick Set,New,In-Store,5,27.1,0.15,14.6,115.18,0,Friday,False
104292,2025-04-25,North,Beauty,Face Serum,New,Online,2,30.47,0.0,1.07,60.94,0,Friday,False
104293,2025-04-25,South,Electronics,Power Bank,Loyalty,Online,5,24.06,0.0,3.09,120.3,0,Friday,False
104294,2025-04-25,East,Home & Kitchen,Air Fryer,New,Online,4,82.04,0.0,19.71,328.16,0,Friday,False
104295,2025-04-25,South,Beauty,Moisturizer,Returning,In-Store,2,20.56,0.0,30.16,41.12,0,Friday,False
104296,2025-04-25,South,Home & Kitchen,Vacuum Cleaner,New,Online,2,106.67,0.0,19.67,213.34,0,Friday,False
104297,2025-04-25,North,Home & Kitchen,Blender,New,Online,3,44.59,0.0,39.85,133.77,0,Friday,False
104299,2025-04-25,West,Electronics,Power Bank,Returning,Online,4,29.11,0.0,11.12,116.44,0,Friday,False
104300,2025-04-26,South,Electronics,Bluetooth Speaker,Loyalty,In-Store,5,55.7,0.0,29.08,278.5,0,Saturday,True
104301,2025-04-26,North,Apparel,Backpack,New,Online,5,53.74,0.0,2.23,268.7,0,Saturday,True
104302,2025-04-26,North,Electronics,Wireless Earbuds,Returning,In-Store,1,49.49,0.0,6.6,49.49,0,Saturday,True
104303,2025-04-26,South,Beauty,Moisturizer,Loyalty,Online,5,21.03,0.0,17.28,105.15,0,Saturday,True
104304,2025-04-26,East,Apparel,T-Shirt,Returning,Marketplace,2,18.12,0.0,31.01,36.24,0,Saturday,True
104305,2025-04-26,South,Electronics,Smartphone Case,New,Marketplace,5,11.92,0.2,12.9,47.68,0,Saturday,True
104306,2025-04-26,South,Home & Kitchen,Coffee Maker,New,In-Store,1,51.05,0.0,33.39,51.05,0,Saturday,True
104307,2025-04-27,South,Electronics,Power Bank,Returning,Online,3,23.32,0.0,38.16,69.96,0,Sunday,True
104308,2025-04-27,South,Apparel,T-Shirt,Loyalty,Marketplace,4,19.26,0.0,34.57,77.04,0,Sunday,True
104309,2025-04-27,East,Apparel,Running Shoes,New,Online,4,64.57,0.0,44.28,258.28,0,Sunday,True
104310,2025-04-27,South,Beauty,Face Serum,Loyalty,In-Store,4,25.15,0.0,40.72,100.6,0,Sunday,True
104311,2025-04-27,East,Electronics,Wireless Earbuds,New,Online,4,46.55,0.0,10.79,186.2,0,Sunday,True
104312,2025-04-27,South,Apparel,Backpack,Returning,Online,4,41.69,0.1,48.43,150.08,0,Sunday,True
104313,2025-04-27,South,Home & Kitchen,Coffee Maker,New,In-Store,5,48.3,0.0,2.1,241.5,0,Sunday,True
104314,2025-04-27,East,Beauty,Lipstick Set,New,Online,3,25.78,0.0,3.93,77.34,0,Sunday,True
104316,2025-04-27,North,Home & Kitchen,Blender,Loyalty,In-Store,5,40.58,0.0,2.59,202.9,0,Sunday,True
104317,2025-04-27,South,Home & Kitchen,Coffee Maker,Returning,Marketplace,3,49.82,0.1,24.87,134.51,0,Sunday,True
104318,2025-04-28,North,Apparel,Backpack,Returning,Online,3,56.09,0.1,37.37,151.44,0,Monday,False
104319,2025-04-28,East,Beauty,Lipstick Set,New,Online,3,25.06,0.0,40.59,75.18,0,Monday,False
104320,2025-04-28,North,Beauty,Face Serum,New,Online,5,34.35,0.1,25.99,154.58,0,Monday,False
104321,2025-04-28,South,Home & Kitchen,Vacuum Cleaner,New,Online,2,113.82,0.0,0.43,227.64,0,Monday,False
104322,2025-04-28,North,Apparel,Jacket,Returning,Online,3,92.87,0.0,9.67,278.61,0,Monday,False
104323,2025-04-29,West,Home & Kitchen,Blender,Returning,Online,3,44.19,0.0,36.4,132.57,0,Tuesday,False
104324,2025-04-29,West,Apparel,Running Shoes,Loyalty,Online,1,83.84,0.0,30.01,83.84,0,Tuesday,False
104325,2025-04-29,North,Apparel,Jacket,Returning,Marketplace,2,97.58,0.15,46.36,165.89,0,Tuesday,False
104326,2025-04-29,North,Apparel,Backpack,Returning,In-Store,3,55.4,0.0,23.83,166.2,0,Tuesday,False
104327,2025-04-29,North,Home & Kitchen,Vacuum Cleaner,Returning,In-Store,1,138.51,0.0,29.41,138.51,0,Tuesday,False
104328,2025-04-29,West,Apparel,Jacket,Loyalty,Online,2,107.1,0.0,21.38,214.2,0,Tuesday,False
104329,2025-04-29,South,Beauty,Shampoo,Loyalty,Online,2,10.93,0.0,49.22,21.86,0,Tuesday,False
104330,2025-04-30,East,Beauty,Shampoo,Returning,Online,2,12.49,0.0,49.46,24.98,0,Wednesday,False
104331,2025-04-30,South,Beauty,Shampoo,New,Marketplace,1,10.75,0.0,47.85,10.75,0,Wednesday,False
104333,2025-04-30,East,Beauty,Face Serum,Loyalty,Online,5,31.6,0.0,41.93,158.0,0,Wednesday,False
104334,2025-04-30,North,Apparel,T-Shirt,Returning,Marketplace,2,22.43,0.0,17.5,44.86,0,Wednesday,False
104335,2025-04-30,North,Electronics,Wireless Earbuds,New,In-Store,3,46.03,0.0,22.87,138.09,0,Wednesday,False
104336,2025-05-01,South,Beauty,Lipstick Set,Returning,Marketplace,2,22.89,0.15,1.99,38.91,0,Thursday,False
104337,2025-05-01,East,Beauty,Moisturizer,Returning,Marketplace,5,21.74,0.15,48.71,92.39,0,Thursday,False
104338,2025-05-01,North,Beauty,Moisturizer,New,Online,5,23.66,0.0,14.2,118.3,0,Thursday,False
104340,2025-05-01,North,Electronics,Smartphone Case,Loyalty,Marketplace,1,17.1,0.0,35.73,17.1,0,Thursday,False
104341,2025-05-01,South,Home & Kitchen,Blender,Loyalty,Online,3,35.06,0.0,7.67,105.18,0,Thursday,False
104342,2025-05-01,South,Home & Kitchen,Coffee Maker,Returning,Marketplace,2,51.89,0.0,11.24,103.78,0,Thursday,False
104343,2025-05-02,South,Apparel,Backpack,New,Online,2,45.36,0.1,41.5,81.65,0,Friday,False
104344,2025-05-02,East,Beauty,Face Serum,New,Marketplace,2,31.2,0.0,4.47,62.4,0,Friday,False
104345,2025-05-02,South,Electronics,Smartphone Case,Loyalty,In-Store,1,14.56,0.2,43.83,11.65,0,Friday,False
104346,2025-05-02,North,Apparel,Backpack,New,Marketplace,2,51.81,0.0,14.16,103.62,0,Friday,False
104348,2025-05-03,North,Electronics,Bluetooth Speaker,New,Online,1,64.17,0.0,21.0,64.17,0,Saturday,True
104349,2025-05-03,East,Beauty,Shampoo,Returning,In-Store,1,12.75,0.0,22.81,12.75,0,Saturday,True
104350,2025-05-03,North,Home & Kitchen,Blender,New,In-Store,2,44.26,0.0,36.15,88.52,0,Saturday,True
104351,2025-05-03,West,Home & Kitchen,Coffee Maker,Returning,Online,1,62.56,0.0,3.66,62.56,0,Saturday,True
104352,2025-05-03,North,Beauty,Shampoo,New,In-Store,1,13.63,0.0,41.84,13.63,0,Saturday,True
104353,2025-05-03,North,Electronics,Bluetooth Speaker,New,Marketplace,5,66.9,0.0,15.73,334.5,0,Saturday,True
104354,2025-05-03,West,Electronics,Smartphone Case,Returning,Online,1,19.11,0.0,31.07,19.11,0,Saturday,True
104355,2025-05-03,East,Apparel,Running Shoes,Returning,Marketplace,2,68.85,0.0,49.49,137.7,0,Saturday,True
104356,2025-05-03,North,Electronics,Power Bank,Loyalty,Online,5,29.14,0.0,25.11,145.7,0,Saturday,True
104358,2025-05-04,South,Electronics,Wireless Earbuds,Returning,Online,2,41.97,0.0,10.2,83.94,0,Sunday,True
104359,2025-05-04,East,Home & Kitchen,Air Fryer,Returning,Online,3,79.43,0.0,1.52,238.29,0,Sunday,True
104360,2025-05-04,West,Beauty,Shampoo,Returning,Marketplace,3,14.32,0.15,6.63,36.52,0,Sunday,True
104361,2025-05-05,East,Home & Kitchen,Blender,New,In-Store,5,37.04,0.0,20.85,185.2,0,Monday,False
104362,2025-05-05,North,Apparel,Running Shoes,New,Online,2,76.62,0.0,37.11,153.24,0,Monday,False
104363,2025-05-05,South,Apparel,Backpack,Returning,Marketplace,5,44.61,0.1,33.84,200.74,0,Monday,False
104364,2025-05-05,North,Home & Kitchen,Air Fryer,Returning,Marketplace,1,83.09,0.1,25.65,74.78,0,Monday,False
104365,2025-05-05,West,Apparel,T-Shirt,New,Online,4,25.37,0.0,5.14,101.48,0,Monday,False
104366,2025-05-05,South,Beauty,Lipstick Set,Returning,Online,3,22.43,0.0,6.06,67.29,0,Monday,False
104367,2025-05-05,East,Electronics,Smartphone Case,Returning,Online,1,14.99,0.0,47.44,14.99,0,Monday,False
104368,2025-05-05,West,Beauty,Face Serum,Returning,Online,2,35.81,0.0,14.9,71.62,0,Monday,False
104369,2025-05-05,North,Beauty,Face Serum,Returning,Online,5,32.8,0.0,42.91,164.0,0,Monday,False
104370,2025-05-05,North,Beauty,Lipstick Set,Loyalty,In-Store,4,27.45,0.0,18.41,109.8,0,Monday,False
104371,2025-05-05,East,Beauty,Moisturizer,New,Marketplace,4,21.67,0.15,23.54,73.68,0,Monday,False
104372,2025-05-05,South,Apparel,Jacket,New,Marketplace,3,78.91,0.0,6.51,236.73,0,Monday,False
104373,2025-05-05,West,Electronics,Bluetooth Speaker,New,In-Store,5,68.46,0.0,23.11,342.3,0,Monday,False
104374,2025-05-06,North,Home & Kitchen,Coffee Maker,Returning,In-Store,3,59.29,0.2,33.95,142.3,0,Tuesday,False
104375,2025-05-06,East,Electronics,Bluetooth Speaker,Loyalty,Marketplace,1,63.99,0.0,47.28,63.99,0,Tuesday,False
104376,2025-05-06,South,Home & Kitchen,Blender,New,Online,5,36.17,0.0,45.81,180.85,0,Tuesday,False
104377,2025-05-06,South,Electronics,Wireless Earbuds,New,Marketplace,2,39.1,0.0,0.73,78.2,0,Tuesday,False
104378,2025-05-06,South,Electronics,Bluetooth Speaker,New,In-Store,5,49.85,0.0,14.86,249.25,0,Tuesday,False
104379,2025-05-06,East,Electronics,Smartphone Case,Returning,Online,1,15.16,0.0,23.7,15.16,0,Tuesday,False
104380,2025-05-06,North,Beauty,Face Serum,Returning,Online,5,34.18,0.0,33.93,170.9,0,Tuesday,False
104381,2025-05-06,East,Home & Kitchen,Blender,Loyalty,Online,1,41.11,0.0,31.87,41.11,0,Tuesday,False
104382,2025-05-06,South,Beauty,Face Serum,Returning,Online,3,28.65,0.0,45.23,85.95,0,Tuesday,False
104383,2025-05-06,East,Beauty,Lipstick Set,Returning,Online,4,21.74,0.0,28.65,86.96,0,Tuesday,False
104384,2025-05-07,West,Home & Kitchen,Blender,Returning,Online,5,47.68,0.2,33.17,190.72,0,Wednesday,False
104385,2025-05-07,South,Apparel,Backpack,New,Online,1,45.1,0.0,48.21,45.1,0,Wednesday,False
104386,2025-05-07,North,Apparel,T-Shirt,Returning,In-Store,5,22.2,0.0,32.81,111.0,0,Wednesday,False
104387,2025-05-07,East,Beauty,Shampoo,Returning,Marketplace,1,11.93,0.0,20.49,11.93,0,Wednesday,False
104388,2025-05-07,East,Apparel,Jacket,Loyalty,Online,2,83.99,0.0,30.39,167.98,0,Wednesday,False
104389,2025-05-08,South,Electronics,Bluetooth Speaker,New,In-Store,3,53.59,0.0,10.47,160.77,0,Thursday,False
104390,2025-05-08,North,Beauty,Face Serum,New,Online,4,31.05,0.0,19.04,124.2,0,Thursday,False
104391,2025-05-08,East,Apparel,T-Shirt,Returning,In-Store,5,18.21,0.0,34.71,91.05,0,Thursday,False
104392,2025-05-08,South,Electronics,Power Bank,New,Online,4,21.67,0.0,36.88,86.68,0,Thursday,False
104393,2025-05-08,North,Electronics,Bluetooth Speaker,New,Marketplace,1,72.45,0.15,20.65,61.58,0,Thursday,False
104394,2025-05-08,North,Beauty,Lipstick Set,Returning,Online,2,26.2,0.0,20.95,52.4,0,Thursday,False
104395,2025-05-08,East,Apparel,T-Shirt,Returning,Online,5,20.67,0.0,28.37,103.35,0,Thursday,False
104396,2025-05-08,North,Home & Kitchen,Air Fryer,Loyalty,Marketplace,4,83.16,0.0,32.98,332.64,0,Thursday,False
104397,2025-05-08,North,Electronics,Smartphone Case,Returning,Online,4,15.78,0.0,46.38,63.12,0,Thursday,False
104398,2025-05-08,East,Home & Kitchen,Vacuum Cleaner,Loyalty,In-Store,3,117.69,0.0,0.0,353.07,1,Thursday,False
104399,2025-05-08,East,Electronics,Wireless Earbuds,Returning,Online,5,44.75,0.0,42.91,223.75,0,Thursday,False
104400,2025-05-09,East,Beauty,Shampoo,Returning,In-Store,2,11.31,0.0,22.53,22.62,0,Friday,False
104401,2025-05-09,South,Home & Kitchen,Air Fryer,New,In-Store,3,75.12,0.0,17.34,225.36,0,Friday,False
104402,2025-05-09,South,Home & Kitchen,Coffee Maker,New,Online,2,52.41,0.0,3.13,104.82,0,Friday,False
104403,2025-05-09,South,Home & Kitchen,Vacuum Cleaner,Returning,Online,1,105.28,0.0,27.13,105.28,0,Friday,False
104404,2025-05-09,East,Apparel,Backpack,New,Online,1,43.16,0.0,46.54,43.16,0,Friday,False
104405,2025-05-10,East,Home & Kitchen,Air Fryer,New,Online,1,77.12,0.0,39.39,77.12,0,Saturday,True
104406,2025-05-10,North,Apparel,Backpack,New,Marketplace,3,55.08,0.2,43.94,132.19,0,Saturday,True
104407,2025-05-10,South,Home & Kitchen,Blender,New,In-Store,4,35.26,0.0,37.36,141.04,0,Saturday,True
104408,2025-05-10,South,Electronics,Smartphone Case,Returning,In-Store,1,13.54,0.0,43.37,13.54,0,Saturday,True
104409,2025-05-10,East,Beauty,Face Serum,Returning,Online,5,33.09,0.0,32.94,165.45,0,Saturday,True
104411,2025-05-10,North,Apparel,Running Shoes,New,Online,4,84.78,0.0,35.68,339.12,0,Saturday,True
104412,2025-05-10,North,Beauty,Face Serum,New,Online,5,33.24,0.2,37.36,132.96,0,Saturday,True
104413,2025-05-11,North,Home & Kitchen,Air Fryer,Returning,Online,5,84.43,0.15,17.96,358.83,0,Sunday,True
104414,2025-05-11,West,Electronics,Wireless Earbuds,New,Marketplace,5,50.54,0.2,41.51,202.16,0,Sunday,True
104415,2025-05-11,North,Home & Kitchen,Vacuum Cleaner,Returning,Online,2,130.38,0.15,16.88,221.65,0,Sunday,True
104416,2025-05-11,South,Apparel,Jacket,New,Marketplace,4,83.54,0.0,7.37,334.16,0,Sunday,True
104417,2025-05-11,North,Beauty,Shampoo,New,Online,2,13.26,0.0,10.01,26.52,0,Sunday,True
104418,2025-05-11,South,Apparel,T-Shirt,New,Online,4,19.19,0.0,14.29,76.76,0,Sunday,True
104419,2025-05-11,South,Beauty,Face Serum,New,Online,4,27.06,0.0,11.25,108.24,0,Sunday,True
104420,2025-05-11,East,Electronics,Smartphone Case,Returning,Marketplace,2,15.13,0.0,40.35,30.26,0,Sunday,True
104421,2025-05-11,North,Electronics,Bluetooth Speaker,Loyalty,Online,3,66.95,0.0,5.19,200.85,0,Sunday,True
104422,2025-05-11,West,Home & Kitchen,Blender,Returning,Online,5,46.35,0.15,20.11,196.99,0,Sunday,True
104423,2025-05-12,North,Beauty,Moisturizer,New,Online,5,23.58,0.0,30.97,117.9,0,Monday,False
104424,2025-05-12,North,Home & Kitchen,Blender,Returning,Online,3,40.03,0.0,15.58,120.09,0,Monday,False
104425,2025-05-12,West,Home & Kitchen,Blender,Returning,Marketplace,3,47.02,0.2,23.51,112.85,0,Monday,False
104426,2025-05-12,South,Electronics,Bluetooth Speaker,Returning,Online,5,51.17,0.1,47.58,230.26,0,Monday,False
104427,2025-05-12,South,Electronics,Power Bank,Returning,Online,5,23.23,0.1,49.92,104.54,0,Monday,False
104428,2025-05-12,North,Beauty,Moisturizer,Returning,Online,4,26.11,0.0,22.15,104.44,0,Monday,False
104429,2025-05-12,South,Beauty,Lipstick Set,Loyalty,Online,4,24.37,0.0,34.72,97.48,0,Monday,False
104430,2025-05-12,South,Apparel,Backpack,Loyalty,Online,1,46.4,0.1,3.45,41.76,0,Monday,False
104431,2025-05-13,North,Electronics,Bluetooth Speaker,Returning,Online,3,66.65,0.0,48.04,199.95,0,Tuesday,False
104432,2025-05-13,North,Home & Kitchen,Blender,Returning,Online,4,42.48,0.1,0.0,152.93,1,Tuesday,False
104433,2025-05-13,West,Home & Kitchen,Blender,Returning,Online,5,47.06,0.0,38.3,235.3,0,Tuesday,False
104434,2025-05-13,North,Beauty,Shampoo,Returning,In-Store,4,13.11,0.0,14.21,52.44,0,Tuesday,False
104435,2025-05-13,North,Apparel,Backpack,New,Online,2,56.96,0.0,0.66,113.92,0,Tuesday,False
104436,2025-05-13,West,Beauty,Face Serum,Returning,Online,5,32.48,0.0,1.62,162.4,0,Tuesday,False
104437,2025-05-13,North,Beauty,Lipstick Set,New,Online,4,28.47,0.0,20.29,113.88,0,Tuesday,False
104438,2025-05-13,West,Electronics,Power Bank,New,Online,4,26.62,0.0,41.53,106.48,0,Tuesday,False
104439,2025-05-13,North,Apparel,Running Shoes,Returning,Marketplace,2,79.17,0.0,40.97,158.34,0,Tuesday,False
104440,2025-05-13,West,Home & Kitchen,Blender,New,In-Store,1,43.89,0.0,7.04,43.89,0,Tuesday,False
104441,2025-05-14,West,Apparel,Running Shoes,New,Marketplace,2,84.61,0.0,29.05,169.22,0,Wednesday,False
104442,2025-05-14,East,Home & Kitchen,Blender,New,Online,1,37.54,0.0,15.71,37.54,0,Wednesday,False
104443,2025-05-14,East,Home & Kitchen,Air Fryer,Returning,Online,3,82.72,0.0,6.56,248.16,0,Wednesday,False
104444,2025-05-14,South,Apparel,Jacket,Returning,Online,1,78.05,0.0,15.28,78.05,0,Wednesday,False
104445,2025-05-14,East,Apparel,Running Shoes,New,In-Store,5,71.19,0.0,12.3,355.95,0,Wednesday,False
104446,2025-05-14,East,Apparel,Backpack,New,In-Store,1,55.02,0.0,23.75,55.02,0,Wednesday,False
104447,2025-05-14,East,Apparel,Backpack,Loyalty,In-Store,1,47.17,0.0,11.72,47.17,0,Wednesday,False
104448,2025-05-14,North,Electronics,Smartphone Case,New,Marketplace,3,16.82,0.0,23.0,50.46,0,Wednesday,False
104449,2025-05-14,East,Home & Kitchen,Air Fryer,Returning,Online,1,79.45,0.0,4.88,79.45,0,Wednesday,False
104450,2025-05-14,East,Beauty,Lipstick Set,New,Online,4,26.81,0.1,35.89,96.52,0,Wednesday,False
104451,2025-05-14,West,Electronics,Power Bank,New,In-Store,3,26.44,0.0,30.94,79.32,0,Wednesday,False
104452,2025-05-14,North,Beauty,Moisturizer,Returning,In-Store,2,24.15,0.1,9.76,43.47,0,Wednesday,False
104453,2025-05-15,East,Electronics,Smartphone Case,Loyalty,Marketplace,1,14.71,0.0,35.29,14.71,0,Thursday,False
104454,2025-05-15,South,Beauty,Moisturizer,New,Online,5,20.57,0.0,1.85,102.85,0,Thursday,False
104455,2025-05-15,West,Apparel,T-Shirt,Loyalty,In-Store,4,21.61,0.2,41.11,69.15,0,Thursday,False
104456,2025-05-15,North,Electronics,Wireless Earbuds,New,Online,1,49.88,0.0,37.82,49.88,0,Thursday,False
104457,2025-05-15,West,Apparel,T-Shirt,Returning,Online,2,25.12,0.0,37.79,50.24,0,Thursday,False
104458,2025-05-16,West,Home & Kitchen,Air Fryer,New,In-Store,2,92.96,0.0,21.7,185.92,0,Friday,False
104459,2025-05-16,South,Beauty,Shampoo,New,Online,3,11.42,0.0,14.86,34.26,0,Friday,False
104460,2025-05-16,North,Apparel,T-Shirt,New,Online,4,22.94,0.0,37.15,91.76,0,Friday,False
104461,2025-05-16,West,Home & Kitchen,Coffee Maker,Returning,Marketplace,5,58.94,0.1,30.05,265.23,0,Friday,False
104462,2025-05-16,West,Electronics,Power Bank,Returning,Online,5,29.28,0.0,11.45,146.4,0,Friday,False
104463,2025-05-16,West,Beauty,Face Serum,Returning,Marketplace,5,35.08,0.1,35.03,157.86,0,Friday,False
104464,2025-05-17,West,Beauty,Moisturizer,Returning,Online,3,26.44,0.0,41.32,79.32,0,Saturday,True
104465,2025-05-17,East,Home & Kitchen,Blender,New,Online,2,40.33,0.0,23.28,80.66,0,Saturday,True
104466,2025-05-17,North,Apparel,T-Shirt,New,Online,3,22.48,0.0,19.86,67.44,0,Saturday,True
104467,2025-05-17,North,Beauty,Shampoo,Returning,Online,1,12.35,0.0,23.61,12.35,0,Saturday,True
104468,2025-05-17,West,Beauty,Face Serum,New,Online,5,34.53,0.0,33.31,172.65,0,Saturday,True
104469,2025-05-17,East,Home & Kitchen,Air Fryer,Returning,Online,4,82.16,0.1,45.1,295.78,0,Saturday,True
104470,2025-05-17,East,Beauty,Lipstick Set,New,In-Store,3,25.05,0.0,8.91,75.15,0,Saturday,True
104471,2025-05-17,North,Apparel,Running Shoes,New,Online,2,79.99,0.1,7.22,143.98,0,Saturday,True
104472,2025-05-17,East,Beauty,Moisturizer,New,Marketplace,5,22.7,0.0,38.89,113.5,0,Saturday,True
104473,2025-05-17,North,Home & Kitchen,Air Fryer,Returning,In-Store,2,90.53,0.0,1.85,181.06,0,Saturday,True
104474,2025-05-17,North,Home & Kitchen,Vacuum Cleaner,Loyalty,In-Store,3,133.41,0.1,28.99,360.21,0,Saturday,True
104475,2025-05-17,South,Beauty,Face Serum,New,Online,3,25.28,0.0,43.24,75.84,0,Saturday,True
104476,2025-05-17,East,Home & Kitchen,Air Fryer,New,In-Store,3,83.51,0.0,13.26,250.53,0,Saturday,True
104477,2025-05-17,South,Home & Kitchen,Coffee Maker,Returning,Online,4,45.14,0.1,5.78,162.5,0,Saturday,True
104478,2025-05-17,North,Beauty,Lipstick Set,New,In-Store,4,29.41,0.0,37.66,117.64,0,Saturday,True
104479,2025-05-17,North,Beauty,Moisturizer,New,Marketplace,1,25.34,0.15,35.71,21.54,0,Saturday,True
104480,2025-05-17,West,Apparel,T-Shirt,Loyalty,In-Store,1,22.14,0.2,39.09,17.71,0,Saturday,True
104481,2025-05-17,West,Electronics,Bluetooth Speaker,Returning,In-Store,5,64.75,0.0,33.08,323.75,0,Saturday,True
104482,2025-05-17,North,Home & Kitchen,Air Fryer,New,Marketplace,2,82.13,0.1,28.99,147.83,0,Saturday,True
104483,2025-05-18,East,Electronics,Wireless Earbuds,New,In-Store,4,44.19,0.2,26.4,141.41,0,Sunday,True
104485,2025-05-18,West,Beauty,Lipstick Set,New,Marketplace,4,26.58,0.2,20.89,85.06,0,Sunday,True
104486,2025-05-18,East,Electronics,Smartphone Case,New,In-Store,3,15.51,0.0,39.72,46.53,0,Sunday,True
104488,2025-05-18,North,Beauty,Lipstick Set,New,Online,4,27.18,0.0,48.92,108.72,0,Sunday,True
104489,2025-05-18,East,Apparel,Backpack,Loyalty,In-Store,2,46.12,0.0,18.96,92.24,0,Sunday,True
104490,2025-05-18,East,Home & Kitchen,Air Fryer,New,In-Store,1,92.74,0.0,22.86,92.74,0,Sunday,True
104491,2025-05-18,North,Home & Kitchen,Air Fryer,Returning,Online,4,88.93,0.0,32.6,355.72,0,Sunday,True
104492,2025-05-19,North,Beauty,Face Serum,New,Marketplace,1,30.21,0.0,38.87,30.21,0,Monday,False
104493,2025-05-19,South,Electronics,Wireless Earbuds,New,Marketplace,1,41.04,0.0,47.14,41.04,0,Monday,False
104494,2025-05-19,North,Home & Kitchen,Vacuum Cleaner,Returning,Online,2,136.02,0.2,29.09,217.63,0,Monday,False
104495,2025-05-19,North,Electronics,Power Bank,New,Online,1,27.26,0.0,4.02,27.26,0,Monday,False
104496,2025-05-19,West,Electronics,Bluetooth Speaker,Returning,Marketplace,4,68.43,0.2,48.57,218.98,0,Monday,False
104497,2025-05-19,North,Apparel,Jacket,New,Online,2,102.17,0.0,15.35,204.34,0,Monday,False
104498,2025-05-19,South,Beauty,Face Serum,Returning,Online,3,26.44,0.0,17.24,79.32,0,Monday,False
104499,2025-05-20,West,Electronics,Power Bank,New,Online,4,30.53,0.0,7.38,122.12,0,Tuesday,False
104500,2025-05-20,West,Apparel,Jacket,New,Online,1,102.78,0.0,44.59,102.78,0,Tuesday,False
104501,2025-05-20,East,Apparel,Backpack,Loyalty,Online,1,50.91,0.0,46.28,50.91,0,Tuesday,False
104502,2025-05-20,West,Apparel,Running Shoes,Returning,Online,3,79.14,0.0,29.62,237.42,0,Tuesday,False
104503,2025-05-20,West,Apparel,Running Shoes,Returning,In-Store,3,79.48,0.0,24.22,238.44,0,Tuesday,False
104504,2025-05-20,South,Home & Kitchen,Air Fryer,Returning,Online,1,73.71,0.0,0.0,73.71,1,Tuesday,False
104505,2025-05-20,North,Electronics,Smartphone Case,Returning,Online,2,16.18,0.0,42.76,32.36,0,Tuesday,False
104506,2025-05-20,North,Home & Kitchen,Coffee Maker,Returning,Online,5,57.54,0.0,47.32,287.7,0,Tuesday,False
104507,2025-05-20,East,Beauty,Moisturizer,Loyalty,Online,5,20.37,0.0,32.23,101.85,0,Tuesday,False
104508,2025-05-20,North,Beauty,Shampoo,New,Online,5,12.93,0.15,9.36,54.95,0,Tuesday,False
104509,2025-05-20,South,Electronics,Wireless Earbuds,New,In-Store,2,36.53,0.0,45.04,73.06,0,Tuesday,False
104510,2025-05-20,South,Beauty,Moisturizer,Returning,In-Store,3,19.39,0.0,28.87,58.17,0,Tuesday,False
104511,2025-05-21,North,Apparel,Jacket,Loyalty,Marketplace,3,92.56,0.0,43.26,277.68,0,Wednesday,False
104512,2025-05-21,West,Home & Kitchen,Blender,Returning,Online,4,45.71,0.0,1.1,182.84,0,Wednesday,False
104513,2025-05-21,West,Apparel,T-Shirt,New,Marketplace,3,22.69,0.0,43.64,68.07,0,Wednesday,False
104514,2025-05-21,West,Apparel,Jacket,New,Marketplace,3,106.32,0.0,30.0,318.96,0,Wednesday,False
104515,2025-05-21,East,Home & Kitchen,Blender,New,Marketplace,4,39.38,0.0,30.56,157.52,0,Wednesday,False
104516,2025-05-21,East,Home & Kitchen,Blender,Returning,In-Store,1,38.24,0.1,16.32,34.42,0,Wednesday,False
104517,2025-05-21,South,Apparel,Jacket,Returning,Online,5,78.34,0.1,9.02,352.53,0,Wednesday,False
104518,2025-05-21,West,Beauty,Lipstick Set,Loyalty,Online,3,30.4,0.0,12.74,91.2,0,Wednesday,False
104519,2025-05-21,South,Apparel,Backpack,New,In-Store,2,44.27,0.0,34.91,88.54,0,Wednesday,False
104520,2025-05-21,North,Electronics,Wireless Earbuds,Returning,Online,1,48.88,0.0,10.72,48.88,0,Wednesday,False
104521,2025-05-22,East,Electronics,Smartphone Case,New,Online,1,14.89,0.0,37.9,14.89,0,Thursday,False
104522,2025-05-22,East,Beauty,Face Serum,Returning,Online,1,32.31,0.0,47.73,32.31,0,Thursday,False
104523,2025-05-22,South,Apparel,Backpack,Returning,Marketplace,3,41.76,0.1,31.3,112.75,0,Thursday,False
104524,2025-05-22,East,Electronics,Smartphone Case,New,Online,2,14.1,0.0,17.67,28.2,0,Thursday,False
104525,2025-05-22,North,Home & Kitchen,Air Fryer,Loyalty,Online,2,91.42,0.0,38.69,182.84,0,Thursday,False
104526,2025-05-22,North,Electronics,Smartphone Case,Loyalty,Marketplace,3,16.63,0.0,15.56,49.89,0,Thursday,False
104527,2025-05-22,North,Electronics,Bluetooth Speaker,Loyalty,In-Store,1,68.24,0.0,18.63,68.24,0,Thursday,False
104528,2025-05-23,West,Beauty,Moisturizer,New,In-Store,1,27.26,0.0,42.47,27.26,0,Friday,False
104529,2025-05-23,South,Home & Kitchen,Air Fryer,Returning,Marketplace,1,72.82,0.15,47.66,61.9,0,Friday,False
104530,2025-05-23,East,Home & Kitchen,Air Fryer,Returning,Online,2,76.29,0.0,0.39,152.58,0,Friday,False
104531,2025-05-23,North,Home & Kitchen,Coffee Maker,New,Online,2,60.99,0.0,20.75,121.98,0,Friday,False
104532,2025-05-23,South,Electronics,Smartphone Case,Returning,Online,4,14.21,0.0,19.14,56.84,0,Friday,False
104533,2025-05-24,North,Home & Kitchen,Blender,Loyalty,In-Store,5,41.31,0.0,15.44,206.55,0,Saturday,True
104534,2025-05-24,West,Apparel,Jacket,Returning,Marketplace,4,99.57,0.15,0.0,338.54,1,Saturday,True
104535,2025-05-24,North,Electronics,Smartphone Case,Returning,Online,2,16.41,0.1,6.17,29.54,0,Saturday,True
104536,2025-05-25,East,Electronics,Wireless Earbuds,Loyalty,Online,4,41.15,0.1,47.14,148.14,0,Sunday,True
104537,2025-05-25,South,Home & Kitchen,Blender,Returning,In-Store,1,39.22,0.0,30.08,39.22,0,Sunday,True
104538,2025-05-25,South,Beauty,Moisturizer,New,Online,2,20.75,0.0,48.5,41.5,0,Sunday,True
104540,2025-05-25,West,Beauty,Lipstick Set,Returning,In-Store,1,28.68,0.0,27.51,28.68,0,Sunday,True
104541,2025-05-25,North,Apparel,Running Shoes,Returning,Online,3,74.13,0.1,45.05,200.15,0,Sunday,True
104542,2025-05-25,East,Home & Kitchen,Air Fryer,Loyalty,Online,5,77.23,0.1,33.24,347.54,0,Sunday,True
104543,2025-05-25,West,Beauty,Face Serum,New,Online,3,31.19,0.0,35.24,93.57,0,Sunday,True
104544,2025-05-25,North,Home & Kitchen,Coffee Maker,New,Online,4,59.15,0.15,24.39,201.11,0,Sunday,True
104545,2025-05-25,East,Beauty,Face Serum,Returning,In-Store,2,29.82,0.1,44.01,53.68,0,Sunday,True
104546,2025-05-25,West,Home & Kitchen,Coffee Maker,New,Marketplace,1,62.45,0.0,8.65,62.45,0,Sunday,True
104547,2025-05-25,East,Electronics,Bluetooth Speaker,Loyalty,Online,3,58.94,0.0,4.2,176.82,0,Sunday,True
104548,2025-05-25,South,Home & Kitchen,Blender,Loyalty,Online,5,35.41,0.2,14.92,141.64,0,Sunday,True
104549,2025-05-25,East,Beauty,Lipstick Set,New,Online,4,25.87,0.15,10.75,87.96,0,Sunday,True
104550,2025-05-25,East,Electronics,Smartphone Case,Loyalty,In-Store,1,14.35,0.1,35.45,12.92,0,Sunday,True
104551,2025-05-25,East,Beauty,Face Serum,Loyalty,In-Store,4,29.94,0.0,33.76,119.76,0,Sunday,True
104552,2025-05-25,West,Apparel,Backpack,Loyalty,Online,4,54.93,0.0,9.95,219.72,0,Sunday,True
104553,2025-05-25,East,Electronics,Smartphone Case,Returning,Online,3,15.41,0.0,11.94,46.23,0,Sunday,True
104554,2025-05-25,North,Beauty,Lipstick Set,Loyalty,Online,5,26.33,0.15,26.4,111.9,0,Sunday,True
104556,2025-05-26,East,Apparel,Backpack,Loyalty,In-Store,1,53.21,0.0,47.95,53.21,0,Monday,False
104557,2025-05-26,North,Electronics,Power Bank,Returning,Online,4,27.02,0.0,4.02,108.08,0,Monday,False
104558,2025-05-26,North,Electronics,Smartphone Case,New,Marketplace,2,15.94,0.0,6.88,31.88,0,Monday,False
104559,2025-05-26,East,Apparel,T-Shirt,New,Online,5,19.89,0.0,10.3,99.45,0,Monday,False
104562,2025-05-26,North,Home & Kitchen,Blender,Returning,Marketplace,1,44.36,0.1,4.29,39.92,0,Monday,False
104563,2025-05-26,West,Beauty,Shampoo,Returning,Online,5,13.81,0.15,21.27,58.69,0,Monday,False
104564,2025-05-26,North,Beauty,Lipstick Set,New,In-Store,2,29.09,0.0,43.83,58.18,0,Monday,False
104565,2025-05-26,South,Electronics,Smartphone Case,New,Online,1,14.29,0.0,20.81,14.29,0,Monday,False
104566,2025-05-27,North,Beauty,Shampoo,Returning,Online,1,14.02,0.1,27.31,12.62,0,Tuesday,False
104567,2025-05-27,East,Electronics,Bluetooth Speaker,New,In-Store,4,64.34,0.15,49.46,218.76,0,Tuesday,False
104569,2025-05-27,West,Home & Kitchen,Vacuum Cleaner,New,Online,1,125.21,0.1,30.78,112.69,0,Tuesday,False
104570,2025-05-27,West,Beauty,Face Serum,Loyalty,Online,3,32.62,0.0,1.52,97.86,0,Tuesday,False
104571,2025-05-27,West,Beauty,Shampoo,New,In-Store,1,13.2,0.0,40.06,13.2,0,Tuesday,False
104572,2025-05-27,West,Beauty,Moisturizer,Loyalty,Marketplace,2,24.36,0.0,34.85,48.72,0,Tuesday,False
104573,2025-05-28,South,Apparel,Running Shoes,Loyalty,In-Store,3,65.55,0.0,33.11,196.65,0,Wednesday,False
104574,2025-05-28,North,Electronics,Power Bank,Returning,Online,5,26.6,0.0,7.3,133.0,0,Wednesday,False
104575,2025-05-28,East,Home & Kitchen,Coffee Maker,New,Marketplace,3,52.63,0.0,29.85,157.89,0,Wednesday,False
104576,2025-05-28,East,Beauty,Face Serum,New,In-Store,2,27.74,0.0,4.33,55.48,0,Wednesday,False
104577,2025-05-28,North,Apparel,T-Shirt,Loyalty,Marketplace,4,22.87,0.0,11.52,91.48,0,Wednesday,False
104578,2025-05-28,East,Beauty,Moisturizer,New,Marketplace,5,22.83,0.1,15.39,102.74,0,Wednesday,False
104579,2025-05-28,West,Electronics,Smartphone Case,Returning,Online,3,17.94,0.2,45.01,43.06,0,Wednesday,False
104580,2025-05-28,East,Beauty,Moisturizer,Loyalty,Online,2,22.4,0.0,36.9,44.8,0,Wednesday,False
104581,2025-05-28,South,Apparel,T-Shirt,Loyalty,Online,3,17.81,0.0,26.65,53.43,0,Wednesday,False
104582,2025-05-28,East,Home & Kitchen,Air Fryer,Returning,In-Store,4,79.29,0.0,34.0,317.16,0,Wednesday,False
104583,2025-05-29,East,Beauty,Face Serum,Returning,Marketplace,2,26.42,0.0,1.96,52.84,0,Thursday,False
104584,2025-05-29,East,Electronics,Bluetooth Speaker,Returning,Online,3,62.34,0.0,22.9,187.02,0,Thursday,False
104585,2025-05-29,West,Apparel,Jacket,Returning,Online,4,99.05,0.0,36.56,396.2,0,Thursday,False
104586,2025-05-29,North,Home & Kitchen,Air Fryer,Loyalty,In-Store,4,91.26,0.15,46.24,310.28,0,Thursday,False
104587,2025-05-29,South,Beauty,Lipstick Set,New,In-Store,2,23.16,0.2,45.09,37.06,0,Thursday,False
104588,2025-05-29,East,Apparel,T-Shirt,Returning,In-Store,4,18.42,0.0,36.25,73.68,0,Thursday,False
104589,2025-05-29,North,Home & Kitchen,Air Fryer,New,Online,1,93.57,0.0,47.33,93.57,0,Thursday,False
104590,2025-05-29,South,Apparel,T-Shirt,Returning,Marketplace,1,17.41,0.0,16.71,17.41,0,Thursday,False
104591,2025-05-29,East,Home & Kitchen,Coffee Maker,Returning,In-Store,2,53.79,0.0,37.83,107.58,0,Thursday,False
104592,2025-05-30,West,Beauty,Lipstick Set,New,Online,4,27.4,0.15,10.61,93.16,0,Friday,False
104593,2025-05-30,West,Beauty,Face Serum,Returning,Online,1,37.12,0.15,2.63,31.55,0,Friday,False
104594,2025-05-30,North,Home & Kitchen,Blender,New,Online,1,43.41,0.2,48.85,34.73,0,Friday,False
104595,2025-05-30,North,Electronics,Bluetooth Speaker,Returning,Online,3,64.22,0.0,5.75,192.66,0,Friday,False
104596,2025-05-30,East,Apparel,Jacket,New,In-Store,1,89.09,0.0,12.63,89.09,0,Friday,False
104597,2025-05-30,South,Beauty,Lipstick Set,Returning,Online,3,22.14,0.1,32.67,59.78,0,Friday,False
104598,2025-05-30,East,Beauty,Moisturizer,Returning,In-Store,3,20.42,0.0,20.2,61.26,0,Friday,False
104599,2025-05-30,North,Beauty,Lipstick Set,Returning,Online,2,30.51,0.0,10.06,61.02,0,Friday,False
104600,2025-05-31,West,Apparel,Running Shoes,New,Online,4,80.06,0.1,49.9,288.22,0,Saturday,True
104601,2025-05-31,East,Apparel,T-Shirt,Loyalty,Online,1,19.36,0.0,9.82,19.36,0,Saturday,True
104602,2025-05-31,North,Beauty,Shampoo,New,Online,1,12.02,0.0,36.19,12.02,0,Saturday,True
104603,2025-05-31,South,Beauty,Lipstick Set,New,Online,5,21.56,0.1,45.91,97.02,0,Saturday,True
104604,2025-05-31,East,Electronics,Wireless Earbuds,Returning,Marketplace,2,45.42,0.0,7.56,90.84,0,Saturday,True
104605,2025-05-31,North,Apparel,Jacket,New,Marketplace,3,99.83,0.0,44.13,299.49,0,Saturday,True
104606,2025-05-31,South,Beauty,Lipstick Set,New,In-Store,3,21.5,0.15,16.12,54.82,0,Saturday,True
104608,2025-06-01,South,Apparel,Running Shoes,New,Marketplace,4,65.0,0.15,32.98,221.0,0,Sunday,True
104609,2025-06-01,West,Home & Kitchen,Air Fryer,Loyalty,Online,3,91.61,0.0,49.05,274.83,0,Sunday,True
104610,2025-06-01,South,Home & Kitchen,Coffee Maker,New,Online,2,51.71,0.0,17.08,103.42,0,Sunday,True
104611,2025-06-01,North,Electronics,Power Bank,New,Online,4,27.96,0.0,20.51,111.84,0,Sunday,True
104612,2025-06-01,West,Electronics,Smartphone Case,New,Online,4,16.66,0.0,5.19,66.64,0,Sunday,True
104613,2025-06-01,East,Home & Kitchen,Coffee Maker,New,Online,1,57.86,0.0,10.14,57.86,0,Sunday,True
104614,2025-06-01,North,Beauty,Face Serum,Returning,Online,3,33.04,0.0,25.95,99.12,0,Sunday,True
104615,2025-06-01,South,Apparel,Backpack,Returning,Online,4,47.99,0.0,0.0,191.96,1,Sunday,True
104616,2025-06-01,South,Electronics,Smartphone Case,Returning,Online,1,12.89,0.2,49.58,10.31,0,Sunday,True
104617,2025-06-01,North,Apparel,Backpack,Returning,Online,4,52.01,0.0,38.28,208.04,0,Sunday,True
104618,2025-06-02,West,Beauty,Lipstick Set,Returning,Marketplace,3,30.38,0.0,18.27,91.14,0,Monday,False
104619,2025-06-02,South,Home & Kitchen,Blender,Loyalty,Online,3,36.72,0.15,21.04,93.64,0,Monday,False
104621,2025-06-02,South,Electronics,Bluetooth Speaker,Loyalty,Marketplace,4,57.33,0.0,7.31,229.32,0,Monday,False
104622,2025-06-02,East,Apparel,Jacket,Loyalty,Online,1,91.81,0.0,17.8,91.81,0,Monday,False
104623,2025-06-02,North,Apparel,Running Shoes,New,Online,4,82.9,0.0,23.82,331.6,0,Monday,False
104624,2025-06-02,North,Home & Kitchen,Vacuum Cleaner,Loyalty,In-Store,2,124.61,0.0,36.96,249.22,0,Monday,False
104625,2025-06-03,South,Beauty,Shampoo,Returning,Online,3,10.45,0.0,1.93,31.35,0,Tuesday,False
104626,2025-06-03,North,Home & Kitchen,Blender,Returning,Online,5,45.19,0.0,22.19,225.95,0,Tuesday,False
104627,2025-06-03,South,Apparel,Backpack,Returning,Online,1,43.89,0.15,33.53,37.31,0,Tuesday,False
104628,2025-06-03,North,Home & Kitchen,Vacuum Cleaner,New,In-Store,2,127.02,0.0,25.36,254.04,0,Tuesday,False
104629,2025-06-03,South,Beauty,Face Serum,Loyalty,In-Store,3,27.39,0.0,30.0,82.17,0,Tuesday,False
104630,2025-06-04,West,Apparel,Jacket,Returning,In-Store,3,102.06,0.0,32.25,306.18,0,Wednesday,False
104631,2025-06-04,South,Home & Kitchen,Air Fryer,Loyalty,In-Store,4,79.08,0.1,8.52,284.69,0,Wednesday,False
104632,2025-06-04,North,Electronics,Wireless Earbuds,Returning,Marketplace,3,51.11,0.0,5.95,153.33,0,Wednesday,False
104633,2025-06-04,West,Home & Kitchen,Air Fryer,New,In-Store,2,97.27,0.2,48.46,155.63,0,Wednesday,False
104634,2025-06-04,West,Home & Kitchen,Air Fryer,New,In-Store,2,81.69,0.15,23.61,138.87,0,Wednesday,False
104635,2025-06-05,West,Beauty,Shampoo,New,Marketplace,1,13.07,0.0,19.96,13.07,0,Thursday,False
104636,2025-06-05,East,Home & Kitchen,Blender,New,Marketplace,4,38.49,0.15,25.38,130.87,0,Thursday,False
104637,2025-06-05,East,Home & Kitchen,Blender,Returning,Online,5,37.43,0.0,47.36,187.15,0,Thursday,False
104638,2025-06-05,South,Apparel,T-Shirt,Loyalty,Online,2,17.51,0.0,6.2,35.02,0,Thursday,False
104639,2025-06-05,East,Electronics,Bluetooth Speaker,New,Marketplace,3,56.91,0.2,3.03,136.58,0,Thursday,False
104640,2025-06-05,North,Beauty,Face Serum,New,Online,4,34.26,0.0,27.01,137.04,0,Thursday,False
104641,2025-06-05,North,Electronics,Wireless Earbuds,Returning,Marketplace,3,50.37,0.0,9.64,151.11,0,Thursday,False
104642,2025-06-06,West,Apparel,T-Shirt,New,Online,4,23.63,0.2,37.09,75.62,0,Friday,False
104643,2025-06-06,South,Apparel,Jacket,New,Online,4,79.55,0.2,21.34,254.56,0,Friday,False
104644,2025-06-06,West,Electronics,Smartphone Case,New,In-Store,4,16.72,0.0,20.4,66.88,0,Friday,False
104645,2025-06-06,South,Electronics,Smartphone Case,Returning,Online,4,13.01,0.0,14.45,52.04,0,Friday,False
104646,2025-06-06,West,Home & Kitchen,Air Fryer,New,Marketplace,3,87.8,0.0,47.2,263.4,0,Friday,False
104647,2025-06-06,East,Electronics,Bluetooth Speaker,Loyalty,Online,1,60.22,0.0,37.63,60.22,0,Friday,False
104648,2025-06-07,South,Beauty,Shampoo,Loyalty,Online,2,10.7,0.0,39.21,21.4,0,Saturday,True
104649,2025-06-07,North,Apparel,T-Shirt,Loyalty,Marketplace,2,23.29,0.0,13.08,46.58,0,Saturday,True
104650,2025-06-07,North,Electronics,Bluetooth Speaker,Returning,In-Store,3,63.05,0.0,37.95,189.15,0,Saturday,True
104651,2025-06-07,South,Beauty,Shampoo,Loyalty,Online,1,10.02,0.0,38.87,10.02,0,Saturday,True
104652,2025-06-07,South,Apparel,Running Shoes,Returning,Marketplace,1,62.1,0.0,31.18,62.1,0,Saturday,True
104653,2025-06-07,North,Electronics,Smartphone Case,Returning,In-Store,4,16.93,0.0,21.79,67.72,0,Saturday,True
104654,2025-06-07,South,Electronics,Power Bank,New,Online,4,21.16,0.15,15.9,71.94,0,Saturday,True
104655,2025-06-07,North,Electronics,Wireless Earbuds,New,Online,3,48.03,0.0,47.54,144.09,0,Saturday,True
104656,2025-06-08,South,Home & Kitchen,Air Fryer,Returning,Online,3,74.99,0.0,32.4,224.97,0,Sunday,True
104657,2025-06-08,North,Beauty,Moisturizer,New,Online,1,24.82,0.0,41.09,24.82,0,Sunday,True
104658,2025-06-08,West,Beauty,Moisturizer,Returning,Online,2,25.21,0.0,1.75,50.42,0,Sunday,True
104659,2025-06-08,North,Home & Kitchen,Vacuum Cleaner,Returning,Online,1,134.94,0.0,37.32,134.94,0,Sunday,True
104660,2025-06-08,South,Beauty,Face Serum,New,In-Store,5,26.18,0.15,25.1,111.26,0,Sunday,True
104661,2025-06-08,East,Home & Kitchen,Vacuum Cleaner,New,Online,2,130.61,0.0,19.54,261.22,0,Sunday,True
104662,2025-06-08,East,Beauty,Moisturizer,Loyalty,Online,3,23.14,0.0,12.92,69.42,0,Sunday,True
104663,2025-06-09,North,Home & Kitchen,Air Fryer,Returning,Online,4,87.43,0.0,44.06,349.72,0,Monday,False
104664,2025-06-09,North,Home & Kitchen,Vacuum Cleaner,New,Online,1,142.73,0.0,4.36,142.73,0,Monday,False
104665,2025-06-09,West,Beauty,Moisturizer,New,Marketplace,4,25.78,0.0,38.71,103.12,0,Monday,False
104666,2025-06-09,North,Home & Kitchen,Coffee Maker,Returning,In-Store,1,56.93,0.0,0.0,56.93,1,Monday,False
104667,2025-06-10,East,Home & Kitchen,Air Fryer,New,Online,2,78.98,0.0,0.0,157.96,1,Tuesday,False
104668,2025-06-10,North,Electronics,Bluetooth Speaker,Returning,Online,4,62.18,0.0,43.27,248.72,0,Tuesday,False
104669,2025-06-10,East,Electronics,Power Bank,New,Marketplace,4,24.96,0.0,2.53,99.84,0,Tuesday,False
104670,2025-06-11,North,Home & Kitchen,Coffee Maker,Returning,Marketplace,4,65.17,0.1,42.16,234.61,0,Wednesday,False
104671,2025-06-11,West,Beauty,Lipstick Set,Returning,Online,2,27.42,0.0,12.86,54.84,0,Wednesday,False
104672,2025-06-11,West,Electronics,Bluetooth Speaker,Returning,Marketplace,1,60.49,0.0,30.14,60.49,0,Wednesday,False
104673,2025-06-11,South,Beauty,Moisturizer,Returning,Marketplace,1,19.95,0.15,28.88,16.96,0,Wednesday,False
104674,2025-06-11,West,Home & Kitchen,Coffee Maker,Loyalty,Online,2,64.18,0.0,33.86,128.36,0,Wednesday,False
104675,2025-06-11,West,Electronics,Smartphone Case,Loyalty,In-Store,5,17.31,0.1,16.02,77.9,0,Wednesday,False
104676,2025-06-11,South,Apparel,T-Shirt,Returning,In-Store,5,15.63,0.2,47.28,62.52,0,Wednesday,False
104677,2025-06-11,South,Home & Kitchen,Blender,Returning,Online,2,35.51,0.0,28.26,71.02,0,Wednesday,False
104678,2025-06-11,North,Apparel,Backpack,New,Online,2,55.45,0.2,33.0,88.72,0,Wednesday,False
104679,2025-06-11,South,Home & Kitchen,Blender,Returning,Marketplace,2,38.07,0.15,48.37,64.72,0,Wednesday,False
104680,2025-06-11,East,Apparel,Jacket,Returning,In-Store,1,89.79,0.15,49.56,76.32,0,Wednesday,False
104681,2025-06-12,North,Beauty,Face Serum,Loyalty,In-Store,3,31.97,0.0,49.4,95.91,0,Thursday,False
104682,2025-06-12,North,Beauty,Face Serum,New,Online,3,31.35,0.0,5.46,94.05,0,Thursday,False
104683,2025-06-12,West,Electronics,Power Bank,New,Online,5,27.61,0.0,18.48,138.05,0,Thursday,False
104684,2025-06-12,North,Electronics,Power Bank,New,In-Store,4,27.96,0.1,41.74,100.66,0,Thursday,False
104685,2025-06-12,South,Home & Kitchen,Coffee Maker,Returning,In-Store,4,55.74,0.0,22.35,222.96,0,Thursday,False
104686,2025-06-12,North,Beauty,Face Serum,Loyalty,Online,1,30.38,0.1,5.25,27.34,0,Thursday,False
104687,2025-06-12,North,Home & Kitchen,Blender,Returning,In-Store,3,46.48,0.0,12.1,139.44,0,Thursday,False
104688,2025-06-12,North,Home & Kitchen,Vacuum Cleaner,Loyalty,In-Store,2,130.46,0.1,41.82,234.83,0,Thursday,False
104689,2025-06-13,East,Electronics,Power Bank,New,Online,5,24.11,0.0,41.08,120.55,0,Friday,False
104690,2025-06-13,North,Apparel,T-Shirt,New,Marketplace,1,22.73,0.0,38.61,22.73,0,Friday,False
104691,2025-06-13,South,Electronics,Bluetooth Speaker,Returning,Online,3,51.55,0.1,11.63,139.18,0,Friday,False
104692,2025-06-13,South,Home & Kitchen,Air Fryer,Returning,Marketplace,3,72.61,0.15,48.97,185.16,0,Friday,False
104693,2025-06-13,North,Electronics,Smartphone Case,Returning,Marketplace,4,16.7,0.0,32.76,66.8,0,Friday,False
104694,2025-06-13,South,Electronics,Wireless Earbuds,Loyalty,Marketplace,2,42.52,0.0,35.22,85.04,0,Friday,False
104695,2025-06-13,North,Beauty,Lipstick Set,Returning,Online,3,26.99,0.0,42.51,80.97,0,Friday,False
104696,2025-06-14,South,Beauty,Shampoo,Returning,Online,4,12.29,0.0,18.26,49.16,0,Saturday,True
104697,2025-06-14,North,Beauty,Shampoo,Returning,In-Store,2,13.65,0.0,11.67,27.3,0,Saturday,True
104699,2025-06-14,North,Beauty,Face Serum,New,Online,3,33.36,0.0,20.54,100.08,0,Saturday,True
104700,2025-06-14,East,Electronics,Power Bank,Loyalty,Online,5,25.35,0.0,46.01,126.75,0,Saturday,True
104701,2025-06-14,East,Apparel,Backpack,New,Marketplace,5,46.51,0.1,43.59,209.3,0,Saturday,True
104702,2025-06-14,South,Electronics,Power Bank,Returning,Online,5,22.07,0.0,49.17,110.35,0,Saturday,True
104703,2025-06-14,West,Electronics,Smartphone Case,Returning,Marketplace,3,17.95,0.0,44.17,53.85,0,Saturday,True
104704,2025-06-14,South,Home & Kitchen,Air Fryer,New,Online,3,67.88,0.1,12.63,183.28,0,Saturday,True
104705,2025-06-14,South,Apparel,Backpack,Loyalty,In-Store,2,39.85,0.0,35.18,79.7,0,Saturday,True
104706,2025-06-14,West,Electronics,Bluetooth Speaker,Returning,In-Store,4,72.53,0.0,6.26,290.12,0,Saturday,True
104707,2025-06-15,North,Apparel,T-Shirt,Returning,Online,5,21.12,0.1,3.97,95.04,0,Sunday,True
104708,2025-06-15,South,Home & Kitchen,Vacuum Cleaner,Returning,In-Store,2,107.97,0.1,40.62,194.35,0,Sunday,True
104709,2025-06-15,South,Electronics,Wireless Earbuds,Returning,Online,1,41.16,0.0,17.3,41.16,0,Sunday,True
104710,2025-06-15,North,Electronics,Bluetooth Speaker,Loyalty,In-Store,1,62.41,0.0,11.53,62.41,0,Sunday,True
104711,2025-06-15,North,Apparel,Running Shoes,Returning,Online,5,73.3,0.0,9.17,366.5,0,Sunday,True
104712,2025-06-15,West,Apparel,T-Shirt,New,Online,3,21.03,0.15,13.4,53.63,0,Sunday,True
104713,2025-06-15,South,Electronics,Bluetooth Speaker,Loyalty,Online,5,53.47,0.1,7.57,240.62,0,Sunday,True
104715,2025-06-15,East,Apparel,T-Shirt,New,In-Store,5,19.47,0.0,13.93,97.35,0,Sunday,True
104716,2025-06-15,West,Home & Kitchen,Vacuum Cleaner,Returning,Marketplace,1,142.19,0.15,25.5,120.86,0,Sunday,True
104717,2025-06-15,North,Home & Kitchen,Blender,Returning,Online,1,45.93,0.15,17.77,39.04,0,Sunday,True
104718,2025-06-15,North,Electronics,Smartphone Case,Loyalty,Online,2,15.38,0.0,44.31,30.76,0,Sunday,True
104719,2025-06-15,West,Apparel,Running Shoes,Returning,Online,4,82.12,0.0,34.99,328.48,0,Sunday,True
104720,2025-06-15,East,Apparel,Running Shoes,New,Online,2,71.94,0.15,38.03,122.3,0,Sunday,True
104721,2025-06-16,North,Electronics,Bluetooth Speaker,New,In-Store,2,68.12,0.0,41.81,136.24,0,Monday,False
104722,2025-06-16,North,Electronics,Power Bank,Returning,Marketplace,3,26.74,0.15,3.72,68.19,0,Monday,False
104723,2025-06-17,East,Electronics,Wireless Earbuds,Returning,Marketplace,5,44.48,0.0,8.94,222.4,0,Tuesday,False
104724,2025-06-17,North,Apparel,T-Shirt,Returning,Online,1,22.02,0.0,19.01,22.02,0,Tuesday,False
104725,2025-06-17,North,Beauty,Face Serum,Returning,Online,5,33.94,0.0,31.65,169.7,0,Tuesday,False
104727,2025-06-17,South,Apparel,Backpack,Loyalty,Online,1,47.18,0.0,13.47,47.18,0,Tuesday,False
104728,2025-06-17,East,Beauty,Lipstick Set,Loyalty,Online,4,24.98,0.0,28.5,99.92,0,Tuesday,False
104729,2025-06-18,North,Home & Kitchen,Blender,New,Marketplace,5,45.34,0.0,42.4,226.7,0,Wednesday,False
104730,2025-06-18,North,Apparel,Backpack,New,Marketplace,4,50.69,0.0,44.39,202.76,0,Wednesday,False
104731,2025-06-18,South,Apparel,T-Shirt,New,In-Store,2,18.02,0.0,21.0,36.04,0,Wednesday,False
104732,2025-06-18,North,Home & Kitchen,Air Fryer,Loyalty,Online,1,94.27,0.0,5.53,94.27,0,Wednesday,False
104733,2025-06-19,West,Apparel,Running Shoes,New,Online,2,74.65,0.0,38.4,149.3,0,Thursday,False
104735,2025-06-19,West,Beauty,Lipstick Set,New,Online,1,31.35,0.0,24.37,31.35,0,Thursday,False
104736,2025-06-19,South,Beauty,Moisturizer,New,Online,5,19.12,0.0,3.69,95.6,0,Thursday,False
104737,2025-06-19,North,Apparel,Running Shoes,Loyalty,In-Store,4,81.95,0.0,31.55,327.8,0,Thursday,False
104738,2025-06-19,South,Home & Kitchen,Blender,Returning,In-Store,4,35.77,0.0,1.78,143.08,0,Thursday,False
104739,2025-06-19,West,Apparel,Running Shoes,Returning,In-Store,1,92.13,0.1,38.64,82.92,0,Thursday,False
104741,2025-06-20,North,Apparel,Jacket,New,Online,3,94.84,0.0,18.03,284.52,0,Friday,False
104742,2025-06-20,East,Home & Kitchen,Coffee Maker,New,In-Store,2,56.72,0.1,0.09,102.1,0,Friday,False
104743,2025-06-20,West,Apparel,T-Shirt,Returning,Online,5,22.55,0.1,41.11,101.48,0,Friday,False
104745,2025-06-20,East,Beauty,Face Serum,New,In-Store,3,26.9,0.0,31.2,80.7,0,Friday,False
104746,2025-06-20,East,Apparel,Jacket,New,Online,1,92.79,0.0,45.98,92.79,0,Friday,False
104747,2025-06-20,East,Electronics,Bluetooth Speaker,Returning,Marketplace,3,64.34,0.1,40.73,173.72,0,Friday,False
104748,2025-06-20,West,Beauty,Shampoo,Returning,In-Store,3,14.48,0.0,19.43,43.44,0,Friday,False
104749,2025-06-20,East,Beauty,Face Serum,Returning,Online,5,32.43,0.0,20.23,162.15,0,Friday,False
104750,2025-06-21,East,Home & Kitchen,Coffee Maker,Returning,Online,1,55.16,0.0,28.32,55.16,0,Saturday,True
104752,2025-06-21,East,Electronics,Smartphone Case,New,Marketplace,2,14.63,0.0,46.01,29.26,0,Saturday,True
104753,2025-06-21,North,Beauty,Face Serum,Returning,Online,1,34.58,0.0,23.9,34.58,0,Saturday,True
104754,2025-06-21,East,Electronics,Bluetooth Speaker,Returning,Online,1,53.96,0.0,27.88,53.96,0,Saturday,True
104755,2025-06-21,North,Beauty,Moisturizer,New,Online,1,25.42,0.0,4.46,25.42,0,Saturday,True
104756,2025-06-21,East,Apparel,Backpack,Loyalty,Online,1,52.03,0.0,49.67,52.03,0,Saturday,True
104757,2025-06-21,West,Beauty,Shampoo,Returning,Online,5,13.78,0.0,0.0,68.9,1,Saturday,True
104758,2025-06-21,South,Home & Kitchen,Coffee Maker,Returning,Online,5,48.28,0.0,35.46,241.4,0,Saturday,True
104759,2025-06-22,South,Home & Kitchen,Coffee Maker,New,Online,2,49.55,0.0,18.49,99.1,0,Sunday,True
104761,2025-06-22,North,Apparel,T-Shirt,New,Online,3,21.32,0.0,36.64,63.96,0,Sunday,True
104762,2025-06-22,East,Home & Kitchen,Blender,Loyalty,Online,4,40.78,0.0,9.87,163.12,0,Sunday,True
104763,2025-06-22,North,Beauty,Shampoo,Returning,In-Store,2,12.57,0.1,13.13,22.63,0,Sunday,True
104764,2025-06-22,East,Apparel,Backpack,Loyalty,Online,3,50.06,0.2,9.91,120.14,0,Sunday,True
104765,2025-06-22,East,Electronics,Power Bank,Loyalty,Marketplace,1,27.91,0.0,34.08,27.91,0,Sunday,True
104766,2025-06-22,North,Beauty,Shampoo,New,Marketplace,5,13.64,0.0,21.6,68.2,0,Sunday,True
104767,2025-06-23,North,Home & Kitchen,Blender,Returning,In-Store,5,43.47,0.0,12.07,217.35,0,Monday,False
104768,2025-06-23,South,Home & Kitchen,Air Fryer,Returning,Marketplace,3,67.14,0.1,22.64,181.28,0,Monday,False
104769,2025-06-23,North,Electronics,Smartphone Case,New,Online,4,17.45,0.0,48.72,69.8,0,Monday,False
104770,2025-06-23,West,Beauty,Moisturizer,New,In-Store,5,25.88,0.0,5.51,129.4,0,Monday,False
104772,2025-06-24,South,Electronics,Power Bank,Returning,In-Store,2,21.83,0.0,9.0,43.66,0,Tuesday,False
104774,2025-06-24,East,Home & Kitchen,Coffee Maker,Returning,Online,5,53.72,0.0,25.79,268.6,0,Tuesday,False
104775,2025-06-24,West,Apparel,T-Shirt,Returning,In-Store,1,22.91,0.0,49.81,22.91,0,Tuesday,False
104776,2025-06-25,West,Beauty,Face Serum,New,Online,2,34.69,0.15,6.45,58.97,0,Wednesday,False
104777,2025-06-25,East,Apparel,T-Shirt,New,Online,4,20.33,0.0,7.04,81.32,0,Wednesday,False
104778,2025-06-25,East,Home & Kitchen,Coffee Maker,Loyalty,In-Store,1,56.79,0.0,45.96,56.79,0,Wednesday,False
104779,2025-06-25,South,Home & Kitchen,Air Fryer,Returning,Online,2,76.54,0.1,39.31,137.77,0,Wednesday,False
104780,2025-06-25,North,Electronics,Smartphone Case,Returning,Online,1,16.08,0.15,19.09,13.67,0,Wednesday,False
104781,2025-06-25,North,Beauty,Moisturizer,Returning,In-Store,5,23.9,0.0,0.86,119.5,0,Wednesday,False
104782,2025-06-25,East,Home & Kitchen,Blender,Returning,Marketplace,2,39.66,0.0,36.25,79.32,0,Wednesday,False
104783,2025-06-25,East,Beauty,Shampoo,Returning,In-Store,5,12.03,0.0,18.71,60.15,0,Wednesday,False
104784,2025-06-26,North,Beauty,Lipstick Set,New,Marketplace,1,24.84,0.0,39.12,24.84,0,Thursday,False
104786,2025-06-26,West,Beauty,Shampoo,Returning,Online,2,12.83,0.0,21.8,25.66,0,Thursday,False
104787,2025-06-26,West,Electronics,Wireless Earbuds,Loyalty,Online,3,50.07,0.1,23.02,135.19,0,Thursday,False
104788,2025-06-26,South,Electronics,Power Bank,Returning,Marketplace,4,20.8,0.0,16.65,83.2,0,Thursday,False
104789,2025-06-26,South,Beauty,Shampoo,Loyalty,In-Store,1,10.58,0.0,2.8,10.58,0,Thursday,False
104790,2025-06-26,East,Apparel,Backpack,Loyalty,Online,1,50.63,0.0,18.41,50.63,0,Thursday,False
104792,2025-06-26,South,Beauty,Moisturizer,Returning,In-Store,2,19.17,0.0,29.44,38.34,0,Thursday,False
104793,2025-06-26,North,Electronics,Power Bank,New,Marketplace,5,28.73,0.15,42.76,122.1,0,Thursday,False
104794,2025-06-26,East,Apparel,T-Shirt,Loyalty,Online,3,17.92,0.0,26.68,53.76,0,Thursday,False
104795,2025-06-26,North,Electronics,Power Bank,Returning,Marketplace,2,27.16,0.0,49.85,54.32,0,Thursday,False
104796,2025-06-26,North,Electronics,Wireless Earbuds,Returning,Marketplace,1,47.63,0.15,36.47,40.49,0,Thursday,False
104797,2025-06-27,North,Apparel,Running Shoes,Loyalty,In-Store,4,78.29,0.0,33.02,313.16,0,Friday,False
104798,2025-06-27,East,Electronics,Wireless Earbuds,Loyalty,Marketplace,5,45.93,0.0,8.01,229.65,0,Friday,False
104799,2025-06-27,North,Home & Kitchen,Coffee Maker,New,Online,4,60.2,0.0,46.77,240.8,0,Friday,False
104800,2025-06-28,West,Apparel,T-Shirt,New,Online,1,21.64,0.15,21.51,18.39,0,Saturday,True
104801,2025-06-28,North,Apparel,Backpack,Returning,Marketplace,2,56.19,0.15,41.68,95.52,0,Saturday,True
104802,2025-06-28,West,Beauty,Shampoo,New,Online,5,14.46,0.0,5.71,72.3,0,Saturday,True
104803,2025-06-28,East,Beauty,Shampoo,New,Online,2,13.18,0.0,35.35,26.36,0,Saturday,True
104804,2025-06-28,South,Home & Kitchen,Coffee Maker,Loyalty,Marketplace,2,48.76,0.0,17.27,97.52,0,Saturday,True
104805,2025-06-28,East,Apparel,Backpack,New,In-Store,3,51.03,0.2,38.18,122.47,0,Saturday,True
104806,2025-06-29,South,Beauty,Lipstick Set,New,Online,5,21.45,0.15,40.69,91.16,0,Sunday,True
104807,2025-06-29,South,Beauty,Lipstick Set,New,Online,4,23.56,0.0,25.55,94.24,0,Sunday,True
104808,2025-06-29,North,Home & Kitchen,Coffee Maker,Returning,Marketplace,1,63.76,0.0,46.73,63.76,0,Sunday,True
104809,2025-06-29,South,Beauty,Shampoo,New,In-Store,2,11.25,0.0,44.1,22.5,0,Sunday,True
104810,2025-06-29,East,Apparel,Running Shoes,Returning,Online,4,74.7,0.0,3.99,298.8,0,Sunday,True
104811,2025-06-29,North,Beauty,Face Serum,Returning,Online,4,35.65,0.0,3.47,142.6,0,Sunday,True
104812,2025-06-29,North,Home & Kitchen,Coffee Maker,New,Online,4,60.49,0.0,26.09,241.96,0,Sunday,True
104813,2025-06-29,East,Electronics,Bluetooth Speaker,New,Online,2,62.76,0.1,36.26,112.97,0,Sunday,True
104814,2025-06-29,West,Home & Kitchen,Air Fryer,Returning,In-Store,1,94.39,0.0,41.52,94.39,0,Sunday,True
104815,2025-06-29,North,Electronics,Wireless Earbuds,Returning,Online,3,51.07,0.0,11.78,153.21,0,Sunday,True
104816,2025-06-30,South,Home & Kitchen,Blender,Returning,Online,3,31.8,0.0,41.94,95.4,0,Monday,False
104817,2025-06-30,West,Apparel,Running Shoes,Loyalty,In-Store,2,81.78,0.0,16.2,163.56,0,Monday,False
104818,2025-06-30,East,Apparel,Backpack,Loyalty,Online,4,55.29,0.2,1.57,176.93,0,Monday,False
104819,2025-06-30,South,Beauty,Shampoo,Loyalty,Online,1,10.94,0.0,46.57,10.94,0,Monday,False
104820,2025-06-30,West,Beauty,Moisturizer,New,Online,2,24.17,0.0,23.5,48.34,0,Monday,False
104821,2025-06-30,West,Electronics,Smartphone Case,Returning,In-Store,3,18.36,0.15,30.1,46.82,0,Monday,False
104822,2025-06-30,East,Home & Kitchen,Vacuum Cleaner,Returning,Online,1,120.74,0.0,10.41,120.74,0,Monday,False
104823,2025-06-30,North,Electronics,Power Bank,New,Marketplace,5,26.95,0.0,4.91,134.75,0,Monday,False
104824,2025-06-30,West,Home & Kitchen,Air Fryer,New,Online,2,89.51,0.0,0.0,179.02,1,Monday,False
104825,2025-07-01,South,Home & Kitchen,Coffee Maker,Loyalty,In-Store,4,53.36,0.0,35.1,213.44,0,Tuesday,False
104826,2025-07-01,North,Beauty,Lipstick Set,Loyalty,In-Store,4,26.46,0.0,13.89,105.84,0,Tuesday,False
104827,2025-07-01,East,Electronics,Power Bank,New,Online,1,23.73,0.1,45.36,21.36,0,Tuesday,False
104828,2025-07-01,North,Apparel,Backpack,Returning,Online,5,54.55,0.0,47.62,272.75,0,Tuesday,False
104829,2025-07-01,West,Beauty,Moisturizer,New,In-Store,3,24.64,0.1,14.85,66.53,0,Tuesday,False
104830,2025-07-01,West,Apparel,Backpack,New,Online,2,61.76,0.0,5.63,123.52,0,Tuesday,False
104831,2025-07-01,North,Apparel,Backpack,New,Online,3,58.24,0.1,44.65,157.25,0,Tuesday,False
104832,2025-07-02,East,Beauty,Moisturizer,Loyalty,In-Store,4,22.01,0.0,16.81,88.04,0,Wednesday,False
104833,2025-07-02,West,Electronics,Smartphone Case,Loyalty,In-Store,3,16.54,0.0,46.15,49.62,0,Wednesday,False
104834,2025-07-02,East,Beauty,Shampoo,New,Marketplace,5,12.83,0.0,35.25,64.15,0,Wednesday,False
104835,2025-07-02,East,Apparel,Backpack,Returning,Marketplace,1,53.39,0.0,0.0,53.39,1,Wednesday,False
104836,2025-07-02,North,Home & Kitchen,Blender,Returning,Online,1,44.7,0.0,13.97,44.7,0,Wednesday,False
104837,2025-07-02,West,Electronics,Bluetooth Speaker,New,Marketplace,3,64.06,0.0,37.71,192.18,0,Wednesday,False
104838,2025-07-02,West,Home & Kitchen,Coffee Maker,New,Online,4,59.27,0.0,25.26,237.08,0,Wednesday,False
104839,2025-07-03,North,Electronics,Smartphone Case,Returning,Online,5,15.49,0.0,45.33,77.45,0,Thursday,False
104840,2025-07-03,East,Apparel,Running Shoes,Returning,In-Store,1,73.47,0.0,28.66,73.47,0,Thursday,False
104841,2025-07-03,North,Apparel,Running Shoes,Returning,Online,3,68.03,0.15,43.81,173.48,0,Thursday,False
104842,2025-07-03,West,Apparel,Running Shoes,New,Online,2,84.03,0.0,0.0,168.06,1,Thursday,False
104843,2025-07-03,West,Beauty,Shampoo,Returning,Online,1,13.35,0.1,26.75,12.02,0,Thursday,False
104844,2025-07-03,East,Electronics,Smartphone Case,New,Online,4,14.52,0.1,26.17,52.27,0,Thursday,False
104845,2025-07-03,South,Electronics,Bluetooth Speaker,Returning,Online,2,55.14,0.0,12.71,110.28,0,Thursday,False
104846,2025-07-04,West,Apparel,Backpack,New,Online,4,54.56,0.0,35.65,218.24,0,Friday,False
104847,2025-07-04,North,Home & Kitchen,Coffee Maker,Returning,Online,3,59.85,0.0,46.08,179.55,0,Friday,False
104848,2025-07-04,East,Apparel,Backpack,New,Online,5,54.58,0.0,28.92,272.9,0,Friday,False
104849,2025-07-04,North,Beauty,Lipstick Set,New,In-Store,5,28.3,0.0,28.58,141.5,0,Friday,False
104851,2025-07-05,South,Apparel,Running Shoes,New,Online,3,59.57,0.0,38.41,178.71,0,Saturday,True
104852,2025-07-05,West,Beauty,Moisturizer,Returning,In-Store,3,27.37,0.0,4.56,82.11,0,Saturday,True
104853,2025-07-05,North,Electronics,Wireless Earbuds,Returning,Online,5,49.0,0.1,22.0,220.5,0,Saturday,True
104854,2025-07-05,West,Beauty,Shampoo,Loyalty,In-Store,3,12.52,0.0,10.79,37.56,0,Saturday,True
104855,2025-07-05,West,Apparel,Jacket,Loyalty,Online,1,101.46,0.0,37.93,101.46,0,Saturday,True
104856,2025-07-05,East,Beauty,Moisturizer,Returning,Online,2,21.93,0.2,33.31,35.09,0,Saturday,True
104857,2025-07-06,East,Electronics,Power Bank,Loyalty,Online,4,25.11,0.0,45.98,100.44,0,Sunday,True
104858,2025-07-06,East,Apparel,Jacket,Returning,In-Store,5,86.2,0.1,7.32,387.9,0,Sunday,True
104859,2025-07-06,West,Home & Kitchen,Coffee Maker,Returning,Marketplace,5,63.86,0.0,20.53,319.3,0,Sunday,True
104860,2025-07-06,South,Home & Kitchen,Air Fryer,New,Online,3,75.34,0.15,6.07,192.12,0,Sunday,True
104861,2025-07-06,West,Home & Kitchen,Air Fryer,New,Marketplace,3,93.84,0.1,33.4,253.37,0,Sunday,True
104862,2025-07-06,West,Home & Kitchen,Coffee Maker,Returning,Online,1,66.07,0.0,6.28,66.07,0,Sunday,True
104863,2025-07-06,South,Home & Kitchen,Coffee Maker,New,In-Store,3,51.04,0.0,11.18,153.12,0,Sunday,True
104864,2025-07-06,West,Apparel,T-Shirt,New,Marketplace,4,23.25,0.0,11.85,93.0,0,Sunday,True
104865,2025-07-06,South,Beauty,Lipstick Set,New,Marketplace,3,22.28,0.0,47.45,66.84,0,Sunday,True
104866,2025-07-06,South,Electronics,Power Bank,New,In-Store,5,21.49,0.0,20.68,107.45,0,Sunday,True
104867,2025-07-07,East,Home & Kitchen,Air Fryer,Loyalty,Marketplace,1,80.08,0.0,34.39,80.08,0,Monday,False
104868,2025-07-07,North,Electronics,Smartphone Case,Returning,Marketplace,1,15.24,0.0,49.79,15.24,0,Monday,False
104869,2025-07-07,North,Home & Kitchen,Vacuum Cleaner,Returning,Online,1,134.34,0.0,42.06,134.34,0,Monday,False
104871,2025-07-07,West,Electronics,Wireless Earbuds,New,Online,1,53.11,0.0,28.92,53.11,0,Monday,False
104872,2025-07-07,West,Electronics,Wireless Earbuds,Loyalty,In-Store,1,49.21,0.0,9.64,49.21,0,Monday,False
104873,2025-07-07,South,Home & Kitchen,Air Fryer,Loyalty,Online,4,75.49,0.0,30.2,301.96,0,Monday,False
104874,2025-07-07,South,Electronics,Bluetooth Speaker,Loyalty,Online,3,51.79,0.0,24.91,155.37,0,Monday,False
104875,2025-07-07,West,Beauty,Lipstick Set,Returning,Online,2,28.57,0.15,16.58,48.57,0,Monday,False
104876,2025-07-07,North,Electronics,Bluetooth Speaker,New,Online,3,64.73,0.0,38.73,194.19,0,Monday,False
104877,2025-07-08,North,Home & Kitchen,Vacuum Cleaner,Returning,In-Store,1,120.59,0.0,32.28,120.59,0,Tuesday,False
104878,2025-07-08,North,Apparel,Jacket,Returning,Online,1,97.51,0.0,23.3,97.51,0,Tuesday,False
104879,2025-07-08,East,Home & Kitchen,Blender,Loyalty,In-Store,1,37.88,0.0,4.69,37.88,0,Tuesday,False
104880,2025-07-08,East,Electronics,Wireless Earbuds,Loyalty,In-Store,5,38.47,0.0,8.67,192.35,0,Tuesday,False
104882,2025-07-08,South,Home & Kitchen,Air Fryer,Returning,Marketplace,2,72.28,0.0,44.84,144.56,0,Tuesday,False
104883,2025-07-08,West,Home & Kitchen,Coffee Maker,New,In-Store,4,57.77,0.0,44.08,231.08,0,Tuesday,False
104884,2025-07-08,East,Home & Kitchen,Vacuum Cleaner,New,Marketplace,2,122.37,0.0,47.13,244.74,0,Tuesday,False
104885,2025-07-08,North,Electronics,Smartphone Case,Returning,Online,1,16.63,0.1,37.13,14.97,0,Tuesday,False
104886,2025-07-08,West,Apparel,T-Shirt,Returning,Marketplace,5,22.09,0.1,46.47,99.4,0,Tuesday,False
104887,2025-07-08,North,Apparel,Jacket,Loyalty,Online,1,94.79,0.0,42.08,94.79,0,Tuesday,False
104888,2025-07-09,North,Electronics,Wireless Earbuds,New,Online,1,50.09,0.0,4.1,50.09,0,Wednesday,False
104889,2025-07-09,East,Electronics,Wireless Earbuds,Returning,In-Store,5,47.29,0.0,34.65,236.45,0,Wednesday,False
104890,2025-07-09,West,Beauty,Moisturizer,New,Marketplace,3,26.64,0.15,31.39,67.93,0,Wednesday,False
104891,2025-07-09,East,Apparel,Running Shoes,Returning,Marketplace,5,68.66,0.0,31.51,343.3,0,Wednesday,False
104892,2025-07-09,North,Beauty,Shampoo,Loyalty,Marketplace,5,14.05,0.0,1.53,70.25,0,Wednesday,False
104893,2025-07-09,North,Beauty,Lipstick Set,Returning,Marketplace,5,27.82,0.2,3.94,111.28,0,Wednesday,False
104894,2025-07-10,North,Home & Kitchen,Air Fryer,Returning,Online,3,85.1,0.0,39.27,255.3,0,Thursday,False
104895,2025-07-10,South,Home & Kitchen,Blender,Returning,Online,2,35.83,0.0,48.06,71.66,0,Thursday,False
104896,2025-07-10,East,Electronics,Wireless Earbuds,Returning,Online,5,43.68,0.0,6.31,218.4,0,Thursday,False
104897,2025-07-10,East,Electronics,Wireless Earbuds,Loyalty,Marketplace,3,42.43,0.0,0.0,127.29,1,Thursday,False
104898,2025-07-11,South,Beauty,Shampoo,Loyalty,In-Store,5,11.66,0.0,8.17,58.3,0,Friday,False
104899,2025-07-11,East,Electronics,Bluetooth Speaker,Loyalty,Marketplace,3,59.95,0.0,42.05,179.85,0,Friday,False
104900,2025-07-11,South,Home & Kitchen,Vacuum Cleaner,New,In-Store,2,102.71,0.0,6.56,205.42,0,Friday,False
104901,2025-07-11,North,Apparel,Jacket,New,In-Store,3,98.37,0.0,21.79,295.11,0,Friday,False
104902,2025-07-11,East,Beauty,Shampoo,Returning,Marketplace,5,12.75,0.0,43.4,63.75,0,Friday,False
104903,2025-07-12,West,Home & Kitchen,Blender,New,In-Store,5,45.35,0.0,13.68,226.75,0,Saturday,True
104904,2025-07-12,East,Electronics,Power Bank,Loyalty,Online,3,23.63,0.0,42.31,70.89,0,Saturday,True
104905,2025-07-12,West,Beauty,Lipstick Set,Returning,In-Store,1,27.29,0.0,38.99,27.29,0,Saturday,True
104906,2025-07-12,North,Apparel,Jacket,Returning,Online,1,105.47,0.15,31.29,89.65,0,Saturday,True
104907,2025-07-12,South,Apparel,Running Shoes,Loyalty,Marketplace,5,59.09,0.15,28.52,251.13,0,Saturday,True
104908,2025-07-12,North,Apparel,T-Shirt,Returning,Online,3,21.68,0.0,1.18,65.04,0,Saturday,True
104909,2025-07-12,West,Electronics,Power Bank,New,Online,4,25.67,0.0,39.5,102.68,0,Saturday,True
104910,2025-07-12,North,Home & Kitchen,Blender,Loyalty,Online,3,44.5,0.2,31.14,106.8,0,Saturday,True
104911,2025-07-13,East,Beauty,Face Serum,New,In-Store,4,31.66,0.1,26.08,113.98,0,Sunday,True
104912,2025-07-13,West,Beauty,Lipstick Set,Returning,Online,5,30.43,0.1,7.85,136.94,0,Sunday,True
104913,2025-07-13,North,Apparel,Running Shoes,Loyalty,Online,5,77.19,0.0,0.45,385.95,0,Sunday,True
104914,2025-07-13,East,Electronics,Smartphone Case,Returning,In-Store,4,15.6,0.0,9.0,62.4,0,Sunday,True
104915,2025-07-13,South,Apparel,Jacket,Returning,In-Store,5,78.39,0.0,44.63,391.95,0,Sunday,True
104916,2025-07-13,South,Apparel,Backpack,New,Marketplace,4,44.56,0.0,18.97,178.24,0,Sunday,True
104917,2025-07-14,East,Beauty,Face Serum,Loyalty,Online,3,31.55,0.0,5.67,94.65,0,Monday,False
104918,2025-07-14,North,Apparel,Running Shoes,Returning,Online,1,76.69,0.0,40.16,76.69,0,Monday,False
104919,2025-07-14,North,Home & Kitchen,Air Fryer,New,Online,4,88.84,0.0,22.18,355.36,0,Monday,False
104920,2025-07-14,North,Apparel,Jacket,New,In-Store,3,97.2,0.0,24.16,291.6,0,Monday,False
104921,2025-07-14,North,Beauty,Shampoo,Returning,Online,3,13.05,0.0,39.71,39.15,0,Monday,False
104922,2025-07-15,West,Beauty,Face Serum,New,Online,2,33.18,0.0,16.62,66.36,0,Tuesday,False
104923,2025-07-15,South,Beauty,Moisturizer,New,In-Store,5,18.57,0.0,47.06,92.85,0,Tuesday,False
104924,2025-07-15,East,Apparel,Jacket,New,Marketplace,3,91.51,0.0,43.95,274.53,0,Tuesday,False
104925,2025-07-15,West,Beauty,Lipstick Set,New,Online,1,28.42,0.0,38.01,28.42,0,Tuesday,False
104926,2025-07-15,North,Home & Kitchen,Blender,New,Online,3,42.65,0.0,5.31,127.95,0,Tuesday,False
104927,2025-07-15,East,Beauty,Lipstick Set,Returning,In-Store,4,23.39,0.0,12.38,93.56,0,Tuesday,False
104928,2025-07-15,East,Beauty,Shampoo,Returning,In-Store,5,12.18,0.0,8.44,60.9,0,Tuesday,False
104929,2025-07-15,North,Apparel,Running Shoes,Returning,Online,1,78.19,0.0,12.32,78.19,0,Tuesday,False
104930,2025-07-16,North,Electronics,Wireless Earbuds,New,In-Store,3,50.87,0.0,49.11,152.61,0,Wednesday,False
104931,2025-07-16,South,Electronics,Power Bank,New,Online,2,22.03,0.0,32.8,44.06,0,Wednesday,False
104932,2025-07-16,North,Home & Kitchen,Blender,Loyalty,Online,1,42.36,0.15,24.01,36.01,0,Wednesday,False
104933,2025-07-16,West,Beauty,Face Serum,New,Online,3,35.14,0.0,48.14,105.42,0,Wednesday,False
104934,2025-07-16,West,Home & Kitchen,Vacuum Cleaner,New,Online,2,134.91,0.15,6.13,229.35,0,Wednesday,False
104935,2025-07-16,East,Beauty,Shampoo,Loyalty,In-Store,4,11.88,0.2,45.22,38.02,0,Wednesday,False
104936,2025-07-16,North,Electronics,Power Bank,Returning,Online,2,28.12,0.2,27.97,44.99,0,Wednesday,False
104937,2025-07-17,South,Beauty,Moisturizer,Loyalty,In-Store,3,19.67,0.0,46.21,59.01,0,Thursday,False
104938,2025-07-17,North,Home & Kitchen,Blender,Returning,In-Store,3,43.89,0.0,31.47,131.67,0,Thursday,False
104939,2025-07-17,East,Electronics,Power Bank,Loyalty,Marketplace,2,23.84,0.0,19.27,47.68,0,Thursday,False
104940,2025-07-17,East,Beauty,Lipstick Set,Returning,Online,4,24.3,0.0,5.5,97.2,0,Thursday,False
104941,2025-07-17,North,Electronics,Power Bank,New,Online,3,27.17,0.0,36.9,81.51,0,Thursday,False
104942,2025-07-18,North,Home & Kitchen,Air Fryer,New,Marketplace,1,89.71,0.1,20.56,80.74,0,Friday,False
104943,2025-07-18,North,Electronics,Bluetooth Speaker,Returning,Marketplace,4,65.6,0.0,3.29,262.4,0,Friday,False
104944,2025-07-18,South,Beauty,Moisturizer,New,Online,1,20.83,0.0,16.74,20.83,0,Friday,False
104945,2025-07-18,East,Apparel,Running Shoes,Returning,Marketplace,4,64.62,0.0,37.38,258.48,0,Friday,False
104946,2025-07-19,North,Home & Kitchen,Coffee Maker,Returning,Online,2,61.44,0.15,4.23,104.45,0,Saturday,True
104947,2025-07-19,West,Home & Kitchen,Air Fryer,New,Online,4,90.52,0.0,22.31,362.08,0,Saturday,True
104948,2025-07-19,South,Beauty,Shampoo,Returning,Marketplace,4,11.13,0.0,27.78,44.52,0,Saturday,True
104949,2025-07-19,South,Beauty,Shampoo,New,In-Store,3,10.86,0.2,22.66,26.06,0,Saturday,True
104950,2025-07-19,East,Apparel,Backpack,Returning,Online,4,49.93,0.0,23.1,199.72,0,Saturday,True
104952,2025-07-19,South,Apparel,T-Shirt,Returning,Online,5,17.72,0.0,27.52,88.6,0,Saturday,True
104953,2025-07-19,South,Home & Kitchen,Blender,Loyalty,Online,1,33.19,0.0,5.81,33.19,0,Saturday,True
104954,2025-07-19,South,Apparel,Jacket,Returning,Marketplace,2,81.85,0.0,43.97,163.7,0,Saturday,True
104955,2025-07-19,East,Home & Kitchen,Coffee Maker,New,Marketplace,1,61.01,0.0,12.21,61.01,0,Saturday,True
104956,2025-07-19,North,Beauty,Shampoo,New,In-Store,4,12.99,0.0,32.23,51.96,0,Saturday,True
104957,2025-07-20,South,Home & Kitchen,Blender,Loyalty,In-Store,1,33.99,0.15,49.93,28.89,0,Sunday,True
104958,2025-07-20,West,Electronics,Wireless Earbuds,Loyalty,In-Store,1,57.9,0.0,15.84,57.9,0,Sunday,True
104959,2025-07-20,East,Electronics,Power Bank,New,Online,4,24.05,0.1,23.47,86.58,0,Sunday,True
104960,2025-07-20,North,Home & Kitchen,Blender,New,Online,2,44.6,0.0,40.64,89.2,0,Sunday,True
104961,2025-07-20,North,Electronics,Bluetooth Speaker,Returning,In-Store,2,68.78,0.0,32.04,137.56,0,Sunday,True
104962,2025-07-20,North,Apparel,Running Shoes,Returning,Online,5,74.88,0.0,26.16,374.4,0,Sunday,True
104963,2025-07-20,South,Home & Kitchen,Blender,New,Marketplace,3,36.3,0.0,42.52,108.9,0,Sunday,True
104964,2025-07-20,East,Electronics,Wireless Earbuds,Returning,Online,2,45.43,0.0,30.91,90.86,0,Sunday,True
104965,2025-07-20,South,Apparel,Jacket,Returning,In-Store,5,76.41,0.0,23.05,382.05,0,Sunday,True
104966,2025-07-20,West,Apparel,Running Shoes,Returning,Online,3,73.71,0.1,46.31,199.02,0,Sunday,True
104967,2025-07-20,North,Apparel,Jacket,New,Marketplace,1,98.62,0.0,25.86,98.62,0,Sunday,True
104968,2025-07-21,North,Electronics,Power Bank,New,Online,5,27.49,0.0,2.41,137.45,0,Monday,False
104969,2025-07-21,East,Apparel,Jacket,Returning,Marketplace,3,93.76,0.0,25.81,281.28,0,Monday,False
104970,2025-07-21,East,Beauty,Lipstick Set,Loyalty,Marketplace,5,23.3,0.0,17.28,116.5,0,Monday,False
104971,2025-07-21,North,Electronics,Smartphone Case,Returning,In-Store,5,16.04,0.0,1.13,80.2,0,Monday,False
104972,2025-07-21,South,Home & Kitchen,Air Fryer,Returning,Marketplace,1,70.81,0.0,41.56,70.81,0,Monday,False
104973,2025-07-21,West,Home & Kitchen,Coffee Maker,Returning,Online,5,62.16,0.0,15.56,310.8,0,Monday,False
104974,2025-07-21,North,Home & Kitchen,Blender,Loyalty,Online,5,42.89,0.0,22.6,214.45,0,Monday,False
104975,2025-07-22,South,Electronics,Power Bank,New,Online,3,23.35,0.0,27.85,70.05,0,Tuesday,False
104976,2025-07-22,North,Beauty,Shampoo,Returning,Marketplace,4,14.04,0.0,19.92,56.16,0,Tuesday,False
104977,2025-07-22,North,Beauty,Lipstick Set,New,Marketplace,2,28.0,0.0,16.46,56.0,0,Tuesday,False
104979,2025-07-22,West,Electronics,Bluetooth Speaker,Returning,In-Store,1,73.69,0.0,43.98,73.69,0,Tuesday,False
104980,2025-07-22,East,Beauty,Face Serum,Returning,Online,5,29.8,0.0,40.12,149.0,0,Tuesday,False
104981,2025-07-22,North,Apparel,Running Shoes,New,Marketplace,4,73.84,0.0,18.7,295.36,0,Tuesday,False
104982,2025-07-22,North,Apparel,T-Shirt,Returning,Online,2,20.8,0.15,37.63,35.36,0,Tuesday,False
104983,2025-07-22,North,Beauty,Shampoo,Loyalty,Marketplace,4,12.06,0.0,44.24,48.24,0,Tuesday,False
104984,2025-07-23,South,Electronics,Smartphone Case,New,Online,4,13.14,0.1,18.84,47.3,0,Wednesday,False
104985,2025-07-23,West,Home & Kitchen,Coffee Maker,Loyalty,Online,4,61.04,0.0,20.64,244.16,0,Wednesday,False
104986,2025-07-23,East,Apparel,Jacket,Returning,Online,1,94.66,0.0,15.83,94.66,0,Wednesday,False
104988,2025-07-23,West,Electronics,Power Bank,New,Marketplace,4,30.17,0.0,4.21,120.68,0,Wednesday,False
104989,2025-07-24,North,Beauty,Lipstick Set,Returning,In-Store,5,25.4,0.0,22.8,127.0,0,Thursday,False
104990,2025-07-24,North,Home & Kitchen,Vacuum Cleaner,New,Online,2,132.35,0.0,2.2,264.7,0,Thursday,False
104991,2025-07-24,South,Home & Kitchen,Vacuum Cleaner,New,Online,2,108.47,0.0,46.48,216.94,0,Thursday,False
104992,2025-07-24,North,Electronics,Bluetooth Speaker,New,Online,4,64.62,0.0,21.0,258.48,0,Thursday,False
104994,2025-07-25,West,Home & Kitchen,Coffee Maker,Returning,In-Store,5,60.53,0.1,6.26,272.38,0,Friday,False
104995,2025-07-25,South,Beauty,Moisturizer,Returning,In-Store,2,20.87,0.0,1.85,41.74,0,Friday,False
104996,2025-07-25,North,Home & Kitchen,Coffee Maker,Returning,Online,2,60.98,0.1,40.24,109.76,0,Friday,False
104997,2025-07-25,South,Beauty,Shampoo,Returning,Online,4,10.95,0.0,41.38,43.8,0,Friday,False
104998,2025-07-25,North,Home & Kitchen,Coffee Maker,Returning,Marketplace,4,52.98,0.2,41.23,169.54,0,Friday,False
104999,2025-07-25,East,Apparel,Running Shoes,New,Online,4,68.46,0.0,29.65,273.84,0,Friday,False
105000,2025-07-25,South,Home & Kitchen,Air Fryer,New,Online,1,73.46,0.15,42.28,62.44,0,Friday,False
105001,2025-07-25,North,Beauty,Face Serum,Returning,Marketplace,2,36.76,0.0,22.83,73.52,0,Friday,False
105002,2025-07-25,North,Home & Kitchen,Blender,Returning,In-Store,3,39.69,0.0,35.6,119.07,0,Friday,False
105003,2025-07-26,North,Beauty,Moisturizer,Returning,Online,5,23.26,0.0,10.46,116.3,0,Saturday,True
105005,2025-07-26,East,Home & Kitchen,Coffee Maker,Returning,Online,3,53.31,0.1,26.78,143.94,0,Saturday,True
105006,2025-07-26,North,Electronics,Power Bank,Loyalty,Online,1,28.52,0.0,38.28,28.52,0,Saturday,True
105007,2025-07-26,West,Electronics,Bluetooth Speaker,Returning,Online,1,72.58,0.0,5.8,72.58,0,Saturday,True
105008,2025-07-26,West,Electronics,Wireless Earbuds,Returning,Marketplace,2,47.96,0.0,21.1,95.92,0,Saturday,True
105009,2025-07-26,East,Home & Kitchen,Coffee Maker,New,In-Store,3,59.36,0.0,30.68,178.08,0,Saturday,True
105010,2025-07-27,East,Electronics,Smartphone Case,Returning,Online,3,14.65,0.0,0.97,43.95,0,Sunday,True
105011,2025-07-27,South,Apparel,Jacket,Returning,Marketplace,2,79.98,0.0,11.09,159.96,0,Sunday,True
105012,2025-07-27,South,Beauty,Moisturizer,Returning,Marketplace,2,18.56,0.1,36.74,33.41,0,Sunday,True
105013,2025-07-27,West,Apparel,T-Shirt,Loyalty,In-Store,2,23.27,0.0,40.71,46.54,0,Sunday,True
105014,2025-07-27,South,Beauty,Moisturizer,Returning,Online,5,20.23,0.0,48.9,101.15,0,Sunday,True
105015,2025-07-27,North,Electronics,Bluetooth Speaker,Returning,Online,2,70.06,0.0,40.89,140.12,0,Sunday,True
105016,2025-07-28,South,Apparel,Backpack,Returning,Online,3,43.91,0.0,18.0,131.73,0,Monday,False
105017,2025-07-28,East,Electronics,Power Bank,New,Online,5,23.5,0.0,16.31,117.5,0,Monday,False
105018,2025-07-28,North,Electronics,Smartphone Case,Returning,Online,2,15.24,0.0,26.8,30.48,0,Monday,False
105019,2025-07-28,West,Apparel,Jacket,Loyalty,In-Store,3,109.58,0.1,20.05,295.87,0,Monday,False
105020,2025-07-28,South,Apparel,Running Shoes,Returning,In-Store,2,65.54,0.0,16.96,131.08,0,Monday,False
105021,2025-07-28,South,Apparel,Backpack,New,Marketplace,2,45.53,0.0,20.4,91.06,0,Monday,False
105022,2025-07-28,West,Apparel,T-Shirt,Returning,Online,5,24.57,0.0,9.94,122.85,0,Monday,False
105023,2025-07-28,North,Apparel,T-Shirt,Returning,Online,4,20.95,0.0,9.93,83.8,0,Monday,False
105024,2025-07-28,West,Beauty,Face Serum,Loyalty,Marketplace,3,38.02,0.0,9.55,114.06,0,Monday,False
105025,2025-07-28,West,Apparel,Running Shoes,New,Online,4,87.62,0.0,49.25,350.48,0,Monday,False
105026,2025-07-28,North,Electronics,Power Bank,Returning,Online,2,29.78,0.0,47.66,59.56,0,Monday,False
105027,2025-07-29,South,Electronics,Bluetooth Speaker,Returning,In-Store,5,58.03,0.0,12.74,290.15,0,Tuesday,False
105028,2025-07-29,North,Beauty,Moisturizer,New,In-Store,4,24.62,0.0,6.35,98.48,0,Tuesday,False
105030,2025-07-29,East,Home & Kitchen,Air Fryer,New,Online,1,85.67,0.0,1.99,85.67,0,Tuesday,False
105031,2025-07-29,South,Home & Kitchen,Air Fryer,New,Marketplace,4,76.73,0.0,34.15,306.92,0,Tuesday,False
105032,2025-07-29,East,Beauty,Lipstick Set,New,Marketplace,4,25.51,0.0,31.12,102.04,0,Tuesday,False
105033,2025-07-29,North,Apparel,Jacket,Returning,Online,3,103.01,0.0,43.74,309.03,0,Tuesday,False
105034,2025-07-30,West,Apparel,Running Shoes,New,Online,3,78.0,0.15,43.82,198.9,0,Wednesday,False
105035,2025-07-30,West,Apparel,Running Shoes,Loyalty,In-Store,4,79.48,0.0,39.47,317.92,0,Wednesday,False
105036,2025-07-30,North,Apparel,Running Shoes,New,Online,5,77.38,0.0,46.91,386.9,0,Wednesday,False
105037,2025-07-30,West,Home & Kitchen,Coffee Maker,Returning,Online,4,57.49,0.0,2.67,229.96,0,Wednesday,False
105038,2025-07-30,South,Beauty,Face Serum,Returning,Marketplace,5,26.26,0.0,48.82,131.3,0,Wednesday,False
105039,2025-07-30,East,Beauty,Face Serum,New,Online,3,28.05,0.0,11.13,84.15,0,Wednesday,False
105040,2025-07-31,North,Apparel,Running Shoes,New,Online,4,72.41,0.0,36.37,289.64,0,Thursday,False
105041,2025-07-31,South,Electronics,Bluetooth Speaker,New,Online,3,54.15,0.0,31.21,162.45,0,Thursday,False
105042,2025-07-31,South,Beauty,Shampoo,Returning,Online,2,11.89,0.15,19.1,20.21,0,Thursday,False
105043,2025-07-31,South,Home & Kitchen,Air Fryer,New,Online,1,71.01,0.2,1.61,56.81,0,Thursday,False
105044,2025-07-31,East,Apparel,Jacket,New,Online,3,93.57,0.0,45.0,280.71,0,Thursday,False
105045,2025-07-31,East,Home & Kitchen,Blender,New,Marketplace,1,42.43,0.0,35.84,42.43,0,Thursday,False
105046,2025-07-31,North,Electronics,Bluetooth Speaker,New,In-Store,5,69.39,0.0,31.3,346.95,0,Thursday,False
105047,2025-07-31,West,Beauty,Moisturizer,Returning,Online,5,25.63,0.0,39.62,128.15,0,Thursday,False
105048,2025-07-31,East,Home & Kitchen,Coffee Maker,New,Online,3,50.15,0.0,9.12,150.45,0,Thursday,False
105049,2025-07-31,East,Electronics,Bluetooth Speaker,Returning,Online,3,58.04,0.15,15.45,148.0,0,Thursday,False
105050,2025-07-31,East,Apparel,Running Shoes,Returning,Marketplace,4,68.72,0.15,36.46,233.65,0,Thursday,False
105051,2025-08-01,North,Electronics,Power Bank,Returning,Online,4,28.42,0.0,42.26,113.68,0,Friday,False
105052,2025-08-01,North,Home & Kitchen,Air Fryer,Returning,Online,1,87.16,0.0,20.57,87.16,0,Friday,False
105053,2025-08-01,South,Home & Kitchen,Blender,Returning,Online,4,36.61,0.0,24.76,146.44,0,Friday,False
105054,2025-08-01,East,Electronics,Smartphone Case,Returning,Marketplace,1,16.39,0.0,37.89,16.39,0,Friday,False
105055,2025-08-01,South,Beauty,Lipstick Set,Returning,Online,5,21.21,0.0,37.27,106.05,0,Friday,False
105056,2025-08-01,South,Home & Kitchen,Air Fryer,Loyalty,Marketplace,2,72.65,0.0,41.9,145.3,0,Friday,False
105057,2025-08-01,East,Home & Kitchen,Air Fryer,Loyalty,Marketplace,5,80.81,0.0,31.21,404.05,0,Friday,False
105058,2025-08-01,South,Beauty,Face Serum,New,Online,3,27.71,0.15,39.95,70.66,0,Friday,False
105059,2025-08-01,West,Home & Kitchen,Vacuum Cleaner,New,Online,1,139.96,0.0,45.45,139.96,0,Friday,False
105060,2025-08-02,North,Apparel,Backpack,Returning,In-Store,4,51.92,0.2,23.14,166.14,0,Saturday,True
105061,2025-08-02,South,Electronics,Smartphone Case,New,Marketplace,4,14.36,0.0,49.51,57.44,0,Saturday,True
105062,2025-08-02,South,Apparel,Backpack,Loyalty,Online,5,45.1,0.0,48.73,225.5,0,Saturday,True
105063,2025-08-02,North,Apparel,Jacket,New,In-Store,4,101.62,0.0,38.75,406.48,0,Saturday,True
105064,2025-08-02,East,Electronics,Wireless Earbuds,Returning,Online,3,43.08,0.0,40.87,129.24,0,Saturday,True
105065,2025-08-02,North,Home & Kitchen,Blender,Returning,Online,5,38.92,0.0,2.04,194.6,0,Saturday,True
105066,2025-08-02,East,Beauty,Shampoo,Loyalty,In-Store,3,11.48,0.2,23.74,27.55,0,Saturday,True
105067,2025-08-02,East,Apparel,Jacket,New,In-Store,4,91.38,0.15,22.15,310.69,0,Saturday,True
105068,2025-08-03,West,Electronics,Smartphone Case,Loyalty,Online,5,15.92,0.2,32.97,63.68,0,Sunday,True
105069,2025-08-03,South,Electronics,Smartphone Case,New,Online,5,13.43,0.0,24.59,67.15,0,Sunday,True
105070,2025-08-03,West,Home & Kitchen,Blender,New,Online,4,47.34,0.0,3.69,189.36,0,Sunday,True
105071,2025-08-03,West,Home & Kitchen,Vacuum Cleaner,New,Marketplace,2,139.74,0.0,0.17,279.48,0,Sunday,True
105073,2025-08-03,South,Electronics,Bluetooth Speaker,Returning,In-Store,4,54.03,0.15,28.09,183.7,0,Sunday,True
105074,2025-08-03,South,Beauty,Lipstick Set,New,Online,4,23.99,0.0,0.39,95.96,0,Sunday,True
105075,2025-08-03,West,Beauty,Face Serum,New,Online,5,32.93,0.1,27.11,148.18,0,Sunday,True
105076,2025-08-03,South,Beauty,Lipstick Set,New,Online,1,21.18,0.15,0.0,18.0,1,Sunday,True
105077,2025-08-04,South,Home & Kitchen,Air Fryer,Loyalty,In-Store,3,75.08,0.1,6.57,202.72,0,Monday,False
105078,2025-08-04,North,Home & Kitchen,Coffee Maker,New,In-Store,5,54.72,0.0,28.09,273.6,0,Monday,False
105079,2025-08-04,East,Home & Kitchen,Air Fryer,New,Marketplace,1,75.55,0.0,15.97,75.55,0,Monday,False
105080,2025-08-04,South,Electronics,Smartphone Case,Loyalty,Online,4,14.38,0.0,39.33,57.52,0,Monday,False
105081,2025-08-04,North,Apparel,Backpack,Returning,In-Store,5,52.39,0.15,40.91,222.66,0,Monday,False
105082,2025-08-05,North,Home & Kitchen,Air Fryer,Returning,In-Store,5,87.99,0.15,26.66,373.96,0,Tuesday,False
105083,2025-08-05,South,Apparel,Running Shoes,Returning,Online,2,69.9,0.1,32.2,125.82,0,Tuesday,False
105084,2025-08-05,East,Apparel,T-Shirt,Returning,Online,4,19.38,0.15,47.73,65.89,0,Tuesday,False
105085,2025-08-05,East,Home & Kitchen,Coffee Maker,Returning,In-Store,1,55.14,0.0,0.0,55.14,1,Tuesday,False
105086,2025-08-05,North,Apparel,Running Shoes,New,Online,4,75.14,0.0,22.42,300.56,0,Tuesday,False
105087,2025-08-05,North,Beauty,Face Serum,Loyalty,Online,5,32.6,0.0,41.41,163.0,0,Tuesday,False
105088,2025-08-06,North,Electronics,Smartphone Case,Returning,In-Store,2,16.82,0.0,12.2,33.64,0,Wednesday,False
105089,2025-08-06,West,Beauty,Face Serum,New,Marketplace,1,33.18,0.0,39.32,33.18,0,Wednesday,False
105090,2025-08-06,West,Beauty,Moisturizer,Loyalty,Online,1,23.52,0.0,1.67,23.52,0,Wednesday,False
105091,2025-08-06,South,Apparel,Jacket,Returning,Online,1,71.84,0.15,46.06,61.06,0,Wednesday,False
105092,2025-08-06,West,Electronics,Power Bank,Returning,Marketplace,1,27.4,0.0,10.09,27.4,0,Wednesday,False
105093,2025-08-06,East,Apparel,Jacket,Loyalty,In-Store,2,92.88,0.0,27.53,185.76,0,Wednesday,False
105094,2025-08-06,West,Electronics,Wireless Earbuds,New,In-Store,4,51.46,0.0,34.27,205.84,0,Wednesday,False
105095,2025-08-06,North,Beauty,Lipstick Set,Returning,Online,4,27.95,0.0,0.0,111.8,1,Wednesday,False
105096,2025-08-06,East,Electronics,Smartphone Case,Returning,Marketplace,5,15.62,0.0,17.69,78.1,0,Wednesday,False
105097,2025-08-07,North,Apparel,T-Shirt,Returning,In-Store,5,21.82,0.0,42.81,109.1,0,Thursday,False
105099,2025-08-07,South,Electronics,Bluetooth Speaker,Loyalty,Online,5,56.35,0.0,14.57,281.75,0,Thursday,False
105100,2025-08-07,East,Apparel,T-Shirt,Loyalty,In-Store,3,20.69,0.0,7.7,62.07,0,Thursday,False
105101,2025-08-07,North,Apparel,Jacket,Returning,In-Store,2,91.84,0.1,42.64,165.31,0,Thursday,False
105103,2025-08-07,North,Home & Kitchen,Blender,Loyalty,Online,3,44.18,0.15,19.3,112.66,0,Thursday,False
105104,2025-08-08,West,Electronics,Power Bank,Loyalty,Online,5,27.34,0.15,5.93,116.2,0,Friday,False
105105,2025-08-08,South,Apparel,Running Shoes,Loyalty,In-Store,3,61.76,0.0,2.77,185.28,0,Friday,False
105106,2025-08-08,South,Apparel,T-Shirt,Loyalty,Online,5,17.04,0.15,21.38,72.42,0,Friday,False
105107,2025-08-08,West,Beauty,Moisturizer,Returning,In-Store,4,26.1,0.0,0.4,104.4,0,Friday,False
105108,2025-08-08,North,Apparel,Running Shoes,New,Online,3,78.72,0.15,29.33,200.74,0,Friday,False
105109,2025-08-08,South,Home & Kitchen,Coffee Maker,Loyalty,Online,4,50.88,0.0,34.13,203.52,0,Friday,False
105110,2025-08-09,North,Electronics,Power Bank,Returning,In-Store,1,26.47,0.1,17.39,23.82,0,Saturday,True
105111,2025-08-09,South,Beauty,Shampoo,Loyalty,Online,2,11.28,0.0,41.36,22.56,0,Saturday,True
105112,2025-08-09,North,Beauty,Face Serum,New,Online,1,32.5,0.0,36.55,32.5,0,Saturday,True
105113,2025-08-09,North,Apparel,Backpack,New,In-Store,1,56.89,0.15,21.94,48.36,0,Saturday,True
105114,2025-08-09,North,Apparel,Backpack,Returning,Online,1,57.04,0.15,37.64,48.48,0,Saturday,True
105116,2025-08-09,West,Beauty,Face Serum,Returning,Online,5,36.21,0.2,28.25,144.84,0,Saturday,True
105117,2025-08-09,West,Home & Kitchen,Vacuum Cleaner,New,Online,2,146.0,0.0,18.66,292.0,0,Saturday,True
105118,2025-08-09,East,Beauty,Shampoo,New,Online,3,12.09,0.0,34.37,36.27,0,Saturday,True
105119,2025-08-09,South,Apparel,T-Shirt,New,Marketplace,3,18.65,0.0,30.13,55.95,0,Saturday,True
105120,2025-08-09,North,Apparel,Running Shoes,Loyalty,In-Store,2,72.61,0.0,13.93,145.22,0,Saturday,True
105122,2025-08-09,West,Apparel,Jacket,Returning,Online,1,109.85,0.0,1.41,109.85,0,Saturday,True
105124,2025-08-09,North,Apparel,Backpack,New,In-Store,3,57.9,0.15,37.86,147.64,0,Saturday,True
105125,2025-08-09,East,Electronics,Bluetooth Speaker,Returning,Online,1,53.59,0.0,14.42,53.59,0,Saturday,True
105126,2025-08-10,West,Apparel,Backpack,New,Online,2,60.75,0.0,26.04,121.5,0,Sunday,True
105127,2025-08-10,East,Apparel,Backpack,New,Online,4,44.66,0.0,2.66,178.64,0,Sunday,True
105128,2025-08-10,West,Beauty,Face Serum,New,In-Store,4,31.06,0.0,28.63,124.24,0,Sunday,True
105129,2025-08-10,East,Beauty,Shampoo,New,In-Store,3,12.54,0.0,43.94,37.62,0,Sunday,True
105130,2025-08-10,East,Beauty,Moisturizer,Loyalty,In-Store,4,23.0,0.0,5.63,92.0,0,Sunday,True
105131,2025-08-10,South,Electronics,Bluetooth Speaker,Returning,In-Store,3,48.06,0.0,46.46,144.18,0,Sunday,True
105132,2025-08-10,South,Beauty,Face Serum,New,Online,2,28.5,0.0,11.16,57.0,0,Sunday,True
105133,2025-08-10,North,Electronics,Smartphone Case,New,In-Store,2,15.44,0.0,25.65,30.88,0,Sunday,True
105134,2025-08-11,East,Home & Kitchen,Air Fryer,Returning,Marketplace,5,80.87,0.0,30.65,404.35,0,Monday,False
105135,2025-08-11,East,Apparel,T-Shirt,New,Marketplace,5,21.76,0.0,4.25,108.8,0,Monday,False
105136,2025-08-11,West,Beauty,Face Serum,New,In-Store,5,34.68,0.1,35.25,156.06,0,Monday,False
105137,2025-08-11,North,Home & Kitchen,Blender,Returning,Online,4,45.45,0.0,5.63,181.8,0,Monday,False
105138,2025-08-11,South,Electronics,Power Bank,New,Online,2,23.71,0.0,0.52,47.42,0,Monday,False
105139,2025-08-11,East,Beauty,Lipstick Set,New,Online,1,25.56,0.0,0.89,25.56,0,Monday,False
105140,2025-08-11,North,Electronics,Bluetooth Speaker,New,Online,1,62.51,0.0,8.02,62.51,0,Monday,False
105141,2025-08-11,South,Home & Kitchen,Vacuum Cleaner,Returning,Online,4,113.27,0.1,6.9,407.77,0,Monday,False
105142,2025-08-11,East,Electronics,Power Bank,New,Online,3,26.63,0.0,12.18,79.89,0,Monday,False
105143,2025-08-11,East,Apparel,Running Shoes,New,In-Store,5,64.59,0.0,45.01,322.95,0,Monday,False
105144,2025-08-11,South,Electronics,Smartphone Case,Returning,Marketplace,4,13.33,0.0,42.84,53.32,0,Monday,False
105145,2025-08-12,West,Beauty,Shampoo,Returning,Online,5,13.02,0.15,26.93,55.33,0,Tuesday,False
105146,2025-08-12,North,Electronics,Power Bank,New,Marketplace,5,29.08,0.0,23.03,145.4,0,Tuesday,False
105148,2025-08-12,North,Apparel,T-Shirt,New,In-Store,1,21.57,0.0,39.14,21.57,0,Tuesday,False
105150,2025-08-12,North,Electronics,Wireless Earbuds,Loyalty,In-Store,5,50.34,0.0,18.64,251.7,0,Tuesday,False
105151,2025-08-13,West,Beauty,Lipstick Set,New,In-Store,5,29.13,0.0,25.11,145.65,0,Wednesday,False
105152,2025-08-13,West,Electronics,Smartphone Case,Returning,In-Store,5,16.11,0.0,29.62,80.55,0,Wednesday,False
105153,2025-08-13,West,Beauty,Face Serum,New,Marketplace,4,33.72,0.0,34.77,134.88,0,Wednesday,False
105154,2025-08-13,East,Beauty,Face Serum,New,Marketplace,5,27.55,0.0,48.76,137.75,0,Wednesday,False
105155,2025-08-13,West,Electronics,Smartphone Case,Returning,Online,2,17.45,0.0,15.4,34.9,0,Wednesday,False
105156,2025-08-13,North,Apparel,Backpack,Returning,Online,2,57.85,0.0,21.5,115.7,0,Wednesday,False
105157,2025-08-13,North,Home & Kitchen,Blender,New,In-Store,3,46.86,0.0,0.0,140.58,1,Wednesday,False
105158,2025-08-13,South,Electronics,Smartphone Case,Loyalty,Marketplace,2,13.19,0.0,2.34,26.38,0,Wednesday,False
105159,2025-08-13,East,Home & Kitchen,Coffee Maker,Returning,Online,4,53.94,0.0,25.13,215.76,0,Wednesday,False
105160,2025-08-14,East,Electronics,Wireless Earbuds,Returning,In-Store,5,44.28,0.0,5.01,221.4,0,Thursday,False
105161,2025-08-14,North,Apparel,Backpack,Returning,Online,2,53.19,0.0,46.88,106.38,0,Thursday,False
105162,2025-08-14,North,Beauty,Face Serum,Returning,Marketplace,2,32.92,0.1,45.46,59.26,0,Thursday,False
105163,2025-08-14,North,Home & Kitchen,Blender,Returning,Online,2,46.14,0.0,21.05,92.28,0,Thursday,False
105164,2025-08-14,North,Beauty,Shampoo,New,Online,5,13.62,0.15,41.16,57.88,0,Thursday,False
105165,2025-08-14,North,Home & Kitchen,Air Fryer,Returning,Online,1,83.84,0.0,24.75,83.84,0,Thursday,False
105166,2025-08-14,South,Beauty,Shampoo,New,Online,5,10.86,0.1,20.6,48.87,0,Thursday,False
105167,2025-08-14,South,Home & Kitchen,Air Fryer,Returning,Online,5,71.27,0.15,26.58,302.9,0,Thursday,False
105168,2025-08-14,South,Apparel,Backpack,New,In-Store,5,48.76,0.0,45.55,243.8,0,Thursday,False
105169,2025-08-15,East,Apparel,Running Shoes,Returning,Online,3,72.09,0.0,26.96,216.27,0,Friday,False
105171,2025-08-15,North,Home & Kitchen,Blender,Returning,Online,5,44.74,0.0,3.1,223.7,0,Friday,False
105172,2025-08-15,North,Electronics,Bluetooth Speaker,New,In-Store,5,65.02,0.15,12.58,276.33,0,Friday,False
105173,2025-08-15,East,Apparel,Backpack,New,Online,2,49.55,0.0,4.36,99.1,0,Friday,False
105174,2025-08-15,North,Beauty,Lipstick Set,Loyalty,Marketplace,1,25.99,0.0,41.82,25.99,0,Friday,False
105175,2025-08-15,West,Apparel,Running Shoes,Returning,Online,3,86.59,0.0,23.99,259.77,0,Friday,False
105176,2025-08-15,North,Home & Kitchen,Coffee Maker,New,Marketplace,1,60.92,0.0,22.43,60.92,0,Friday,False
105177,2025-08-15,North,Apparel,Backpack,Returning,In-Store,2,51.59,0.0,44.63,103.18,0,Friday,False
105178,2025-08-15,East,Beauty,Lipstick Set,Returning,In-Store,2,28.93,0.0,5.53,57.86,0,Friday,False
105179,2025-08-15,East,Electronics,Smartphone Case,New,Online,1,15.53,0.1,29.98,13.98,0,Friday,False
105180,2025-08-15,North,Electronics,Bluetooth Speaker,Loyalty,Online,4,62.17,0.0,33.48,248.68,0,Friday,False
105181,2025-08-15,West,Apparel,Backpack,New,In-Store,2,59.11,0.0,11.15,118.22,0,Friday,False
105182,2025-08-16,North,Home & Kitchen,Vacuum Cleaner,New,In-Store,1,141.4,0.1,19.94,127.26,0,Saturday,True
105183,2025-08-16,North,Home & Kitchen,Air Fryer,New,Online,3,92.98,0.0,11.43,278.94,0,Saturday,True
105184,2025-08-16,South,Home & Kitchen,Blender,New,Online,3,35.4,0.0,5.79,106.2,0,Saturday,True
105186,2025-08-16,East,Apparel,T-Shirt,Loyalty,In-Store,1,20.4,0.15,41.55,17.34,0,Saturday,True
105187,2025-08-16,East,Beauty,Lipstick Set,Returning,Marketplace,5,24.57,0.0,46.06,122.85,0,Saturday,True
105188,2025-08-16,West,Beauty,Face Serum,Returning,In-Store,5,35.27,0.2,8.45,141.08,0,Saturday,True
105189,2025-08-17,South,Apparel,Backpack,Returning,In-Store,3,43.8,0.0,14.69,131.4,0,Sunday,True
105191,2025-08-17,South,Beauty,Lipstick Set,Returning,In-Store,2,22.54,0.0,13.23,45.08,0,Sunday,True
105192,2025-08-17,North,Home & Kitchen,Coffee Maker,Returning,Online,4,61.91,0.15,48.45,210.49,0,Sunday,True
105193,2025-08-17,North,Apparel,Jacket,Loyalty,Marketplace,3,101.23,0.15,37.26,258.14,0,Sunday,True
105194,2025-08-18,West,Electronics,Smartphone Case,New,Online,1,16.81,0.15,16.61,14.29,0,Monday,False
105195,2025-08-18,West,Beauty,Lipstick Set,New,Online,1,30.57,0.15,42.03,25.98,0,Monday,False
105196,2025-08-18,West,Home & Kitchen,Air Fryer,Returning,Online,4,93.56,0.0,3.09,374.24,0,Monday,False
105197,2025-08-18,North,Home & Kitchen,Air Fryer,Returning,Online,2,88.85,0.15,6.22,151.04,0,Monday,False
105198,2025-08-18,East,Home & Kitchen,Blender,New,Marketplace,3,40.79,0.0,49.13,122.37,0,Monday,False
105199,2025-08-19,South,Electronics,Bluetooth Speaker,New,Online,4,50.43,0.0,10.19,201.72,0,Tuesday,False
105200,2025-08-19,West,Home & Kitchen,Coffee Maker,New,Online,1,63.09,0.1,34.17,56.78,0,Tuesday,False
105201,2025-08-19,East,Beauty,Shampoo,New,Online,4,11.46,0.0,31.56,45.84,0,Tuesday,False
105202,2025-08-19,West,Electronics,Bluetooth Speaker,New,In-Store,5,71.52,0.0,7.24,357.6,0,Tuesday,False
105203,2025-08-19,South,Home & Kitchen,Air Fryer,Loyalty,Online,1,71.79,0.0,16.07,71.79,0,Tuesday,False
105204,2025-08-19,East,Home & Kitchen,Coffee Maker,New,Online,3,53.82,0.0,19.5,161.46,0,Tuesday,False
105206,2025-08-19,West,Apparel,T-Shirt,New,Online,5,22.16,0.0,31.96,110.8,0,Tuesday,False
105207,2025-08-19,West,Beauty,Face Serum,New,Online,5,36.55,0.0,26.93,182.75,0,Tuesday,False
105208,2025-08-20,North,Electronics,Power Bank,New,Marketplace,1,29.06,0.0,8.87,29.06,0,Wednesday,False
105209,2025-08-20,South,Apparel,T-Shirt,Returning,Marketplace,4,18.88,0.0,36.09,75.52,0,Wednesday,False
105211,2025-08-20,East,Home & Kitchen,Vacuum Cleaner,New,In-Store,3,109.28,0.2,40.45,262.27,0,Wednesday,False
105212,2025-08-20,South,Beauty,Lipstick Set,New,In-Store,3,22.32,0.0,25.82,66.96,0,Wednesday,False
105213,2025-08-20,East,Electronics,Smartphone Case,New,Online,4,16.36,0.1,18.08,58.9,0,Wednesday,False
105214,2025-08-20,North,Beauty,Shampoo,Loyalty,Online,3,13.56,0.0,29.53,40.68,0,Wednesday,False
105215,2025-08-20,North,Electronics,Bluetooth Speaker,Returning,Online,1,68.47,0.0,17.65,68.47,0,Wednesday,False
105216,2025-08-21,East,Electronics,Wireless Earbuds,Returning,Marketplace,3,46.92,0.15,44.01,119.65,0,Thursday,False
105217,2025-08-21,East,Beauty,Moisturizer,Loyalty,Online,3,21.61,0.1,49.15,58.35,0,Thursday,False
105218,2025-08-21,South,Apparel,Running Shoes,Returning,In-Store,4,70.81,0.0,39.61,283.24,0,Thursday,False
105219,2025-08-21,South,Home & Kitchen,Vacuum Cleaner,New,Marketplace,3,105.52,0.15,25.76,269.08,0,Thursday,False
105220,2025-08-21,West,Apparel,Jacket,Loyalty,In-Store,3,93.56,0.0,0.98,280.68,0,Thursday,False
105221,2025-08-21,South,Apparel,Running Shoes,Returning,In-Store,3,65.04,0.0,46.58,195.12,0,Thursday,False
105222,2025-08-22,East,Apparel,Jacket,Returning,Online,2,86.84,0.0,0.0,173.68,1,Friday,False
105223,2025-08-22,North,Apparel,T-Shirt,Returning,In-Store,2,20.21,0.0,34.55,40.42,0,Friday,False
105224,2025-08-22,North,Home & Kitchen,Blender,New,Online,5,44.65,0.0,27.66,223.25,0,Friday,False
105225,2025-08-22,North,Home & Kitchen,Vacuum Cleaner,Loyalty,Online,2,121.66,0.0,12.09,243.32,0,Friday,False
105226,2025-08-22,North,Beauty,Moisturizer,New,In-Store,3,24.89,0.0,0.0,74.67,1,Friday,False
105227,2025-08-22,East,Home & Kitchen,Blender,Returning,Marketplace,2,37.29,0.2,6.65,59.66,0,Friday,False
105228,2025-08-22,West,Electronics,Power Bank,Returning,Marketplace,4,28.62,0.0,17.06,114.48,0,Friday,False
105229,2025-08-22,South,Beauty,Face Serum,Returning,Online,2,25.25,0.0,38.67,50.5,0,Friday,False
105230,2025-08-22,North,Beauty,Face Serum,New,Online,3,31.16,0.0,40.65,93.48,0,Friday,False
105231,2025-08-22,West,Apparel,Backpack,Returning,In-Store,2,58.06,0.0,0.0,116.12,1,Friday,False
105232,2025-08-23,East,Apparel,Running Shoes,Returning,Online,4,70.23,0.0,47.04,280.92,0,Saturday,True
105233,2025-08-23,West,Beauty,Face Serum,Loyalty,Online,1,34.27,0.0,40.04,34.27,0,Saturday,True
105234,2025-08-23,West,Electronics,Smartphone Case,New,Online,4,18.18,0.0,14.74,72.72,0,Saturday,True
105235,2025-08-23,East,Electronics,Power Bank,New,Marketplace,5,24.82,0.0,19.25,124.1,0,Saturday,True
105236,2025-08-23,West,Electronics,Power Bank,Returning,Marketplace,4,28.51,0.0,15.34,114.04,0,Saturday,True
105237,2025-08-23,North,Apparel,Backpack,New,Online,1,51.23,0.15,12.09,43.55,0,Saturday,True
105238,2025-08-23,South,Electronics,Bluetooth Speaker,New,Online,4,50.44,0.2,0.39,161.41,0,Saturday,True
105240,2025-08-23,South,Beauty,Face Serum,Returning,Marketplace,5,28.66,0.2,22.05,114.64,0,Saturday,True
105242,2025-08-23,North,Apparel,Running Shoes,New,Online,4,81.38,0.1,14.11,292.97,0,Saturday,True
105243,2025-08-23,North,Electronics,Wireless Earbuds,Loyalty,Online,1,51.3,0.0,23.76,51.3,0,Saturday,True
105244,2025-08-23,East,Electronics,Power Bank,New,Online,2,25.25,0.0,34.35,50.5,0,Saturday,True
105245,2025-08-24,East,Beauty,Face Serum,Loyalty,In-Store,3,29.85,0.15,29.04,76.12,0,Sunday,True
105246,2025-08-24,South,Apparel,Backpack,Loyalty,Marketplace,2,46.5,0.0,10.55,93.0,0,Sunday,True
105247,2025-08-24,South,Beauty,Lipstick Set,New,Online,5,22.68,0.0,11.3,113.4,0,Sunday,True
105248,2025-08-24,East,Electronics,Wireless Earbuds,Returning,Online,2,49.81,0.0,36.79,99.62,0,Sunday,True
105249,2025-08-24,South,Home & Kitchen,Blender,New,In-Store,5,37.73,0.0,21.02,188.65,0,Sunday,True
105250,2025-08-24,North,Beauty,Lipstick Set,Returning,Marketplace,2,27.43,0.0,5.84,54.86,0,Sunday,True
105251,2025-08-24,South,Beauty,Face Serum,Loyalty,Marketplace,3,24.55,0.15,28.87,62.6,0,Sunday,True
105252,2025-08-24,West,Home & Kitchen,Air Fryer,New,Online,4,93.47,0.0,14.61,373.88,0,Sunday,True
105253,2025-08-24,North,Apparel,Running Shoes,Returning,Online,3,78.54,0.0,25.62,235.62,0,Sunday,True
105254,2025-08-24,South,Apparel,Backpack,New,Online,4,47.53,0.15,49.69,161.6,0,Sunday,True
105255,2025-08-24,North,Home & Kitchen,Blender,Returning,In-Store,5,44.56,0.0,12.57,222.8,0,Sunday,True
105256,2025-08-24,North,Home & Kitchen,Air Fryer,New,Online,1,89.09,0.0,1.03,89.09,0,Sunday,True
105257,2025-08-24,North,Beauty,Shampoo,New,Online,2,12.43,0.15,8.45,21.13,0,Sunday,True
105258,2025-08-25,North,Electronics,Power Bank,Returning,In-Store,1,26.21,0.0,15.62,26.21,0,Monday,False
105259,2025-08-25,North,Beauty,Face Serum,Returning,In-Store,2,34.01,0.0,7.47,68.02,0,Monday,False
105260,2025-08-25,South,Electronics,Smartphone Case,New,In-Store,3,13.31,0.0,0.58,39.93,0,Monday,False
105261,2025-08-25,South,Beauty,Lipstick Set,Returning,Online,3,21.25,0.0,16.58,63.75,0,Monday,False
105262,2025-08-25,North,Electronics,Power Bank,New,Marketplace,1,30.59,0.0,22.63,30.59,0,Monday,False
105263,2025-08-25,North,Beauty,Shampoo,New,Marketplace,2,12.63,0.0,44.64,25.26,0,Monday,False
105264,2025-08-25,East,Home & Kitchen,Air Fryer,Returning,Marketplace,2,74.25,0.0,1.23,148.5,0,Monday,False
105265,2025-08-25,West,Beauty,Face Serum,New,Online,1,35.7,0.1,5.54,32.13,0,Monday,False
105267,2025-08-25,North,Apparel,Running Shoes,Returning,Online,4,82.3,0.0,3.58,329.2,0,Monday,False
105268,2025-08-26,South,Beauty,Lipstick Set,New,Online,2,21.66,0.1,10.8,38.99,0,Tuesday,False
105269,2025-08-26,West,Apparel,T-Shirt,Returning,In-Store,1,24.92,0.0,18.98,24.92,0,Tuesday,False
105271,2025-08-26,North,Apparel,Jacket,Returning,Marketplace,1,101.3,0.15,6.42,86.1,0,Tuesday,False
105272,2025-08-26,South,Home & Kitchen,Blender,New,In-Store,3,34.0,0.0,6.12,102.0,0,Tuesday,False
105273,2025-08-26,North,Home & Kitchen,Vacuum Cleaner,New,Online,2,123.57,0.15,46.92,210.07,0,Tuesday,False
105274,2025-08-26,East,Electronics,Power Bank,Returning,Marketplace,5,24.58,0.0,26.18,122.9,0,Tuesday,False
105275,2025-08-26,North,Beauty,Moisturizer,New,In-Store,4,23.65,0.0,45.49,94.6,0,Tuesday,False
105276,2025-08-26,East,Apparel,Jacket,Returning,Online,3,82.84,0.15,39.36,211.24,0,Tuesday,False
105277,2025-08-26,East,Apparel,T-Shirt,Returning,Online,4,20.72,0.1,49.87,74.59,0,Tuesday,False
105278,2025-08-26,North,Beauty,Shampoo,Returning,Online,1,12.56,0.15,3.43,10.68,0,Tuesday,False
105279,2025-08-27,East,Apparel,T-Shirt,Loyalty,Marketplace,2,19.47,0.2,19.52,31.15,0,Wednesday,False
105280,2025-08-27,North,Home & Kitchen,Vacuum Cleaner,Returning,Online,1,140.37,0.0,33.61,140.37,0,Wednesday,False
105281,2025-08-27,West,Home & Kitchen,Air Fryer,Loyalty,Online,3,88.81,0.0,32.62,266.43,0,Wednesday,False
105282,2025-08-27,West,Electronics,Bluetooth Speaker,New,Online,1,66.67,0.0,26.74,66.67,0,Wednesday,False
105283,2025-08-27,North,Beauty,Shampoo,New,Online,4,11.75,0.1,19.33,42.3,0,Wednesday,False
105284,2025-08-27,East,Apparel,Jacket,Returning,Online,3,91.06,0.0,11.17,273.18,0,Wednesday,False
105285,2025-08-28,West,Apparel,Running Shoes,Returning,In-Store,3,86.66,0.0,27.04,259.98,0,Thursday,False
105286,2025-08-28,West,Beauty,Moisturizer,Returning,In-Store,5,27.65,0.0,35.0,138.25,0,Thursday,False
105287,2025-08-28,West,Home & Kitchen,Coffee Maker,New,In-Store,1,65.35,0.0,26.67,65.35,0,Thursday,False
105288,2025-08-28,West,Beauty,Moisturizer,Returning,Online,1,24.34,0.0,23.18,24.34,0,Thursday,False
105289,2025-08-28,South,Apparel,Jacket,Returning,In-Store,4,79.35,0.1,40.25,285.66,0,Thursday,False
105290,2025-08-28,South,Beauty,Shampoo,New,Online,2,11.49,0.0,31.58,22.98,0,Thursday,False
105291,2025-08-28,West,Home & Kitchen,Blender,Returning,Marketplace,1,44.84,0.0,16.69,44.84,0,Thursday,False
105292,2025-08-28,South,Beauty,Face Serum,Returning,Online,5,28.36,0.0,10.53,141.8,0,Thursday,False
105293,2025-08-28,West,Apparel,Backpack,New,In-Store,5,58.48,0.15,9.29,248.54,0,Thursday,False
105294,2025-08-28,North,Apparel,Jacket,Loyalty,Online,3,88.57,0.0,20.72,265.71,0,Thursday,False
105295,2025-08-28,East,Home & Kitchen,Coffee Maker,New,In-Store,1,51.56,0.0,13.16,51.56,0,Thursday,False
105296,2025-08-29,South,Beauty,Shampoo,New,In-Store,3,10.89,0.0,2.49,32.67,0,Friday,False
105297,2025-08-29,West,Electronics,Wireless Earbuds,New,Online,3,50.96,0.0,24.95,152.88,0,Friday,False
105298,2025-08-29,East,Apparel,Jacket,Returning,Online,2,91.96,0.0,28.7,183.92,0,Friday,False
105299,2025-08-29,East,Apparel,Running Shoes,New,Online,3,71.55,0.15,39.11,182.45,0,Friday,False
105300,2025-08-30,East,Beauty,Shampoo,Returning,Online,2,11.98,0.0,26.5,23.96,0,Saturday,True
105301,2025-08-30,North,Beauty,Face Serum,Returning,In-Store,1,35.8,0.15,34.42,30.43,0,Saturday,True
105302,2025-08-30,South,Home & Kitchen,Air Fryer,Loyalty,Online,5,76.07,0.15,49.6,323.3,0,Saturday,True
105303,2025-08-30,East,Beauty,Lipstick Set,New,In-Store,4,22.53,0.0,13.13,90.12,0,Saturday,True
105304,2025-08-30,East,Beauty,Lipstick Set,Returning,Online,4,25.06,0.1,32.32,90.22,0,Saturday,True
105305,2025-08-30,North,Beauty,Lipstick Set,Returning,Online,3,27.33,0.2,41.58,65.59,0,Saturday,True
105306,2025-08-30,South,Beauty,Moisturizer,Loyalty,Marketplace,3,21.27,0.0,37.29,63.81,0,Saturday,True
105307,2025-08-30,East,Beauty,Shampoo,New,Online,4,11.96,0.0,24.47,47.84,0,Saturday,True
105308,2025-08-30,South,Beauty,Lipstick Set,Returning,Online,2,22.28,0.0,8.31,44.56,0,Saturday,True
105309,2025-08-30,South,Electronics,Power Bank,Returning,Online,4,22.89,0.15,39.51,77.83,0,Saturday,True
105310,2025-08-31,North,Beauty,Shampoo,New,Online,3,12.24,0.0,27.68,36.72,0,Sunday,True
105312,2025-08-31,North,Apparel,Running Shoes,New,In-Store,2,76.94,0.0,45.13,153.88,0,Sunday,True
105313,2025-08-31,West,Beauty,Face Serum,New,Marketplace,2,35.68,0.0,20.13,71.36,0,Sunday,True
105314,2025-08-31,West,Apparel,Running Shoes,New,Online,4,84.72,0.0,48.83,338.88,0,Sunday,True
105315,2025-08-31,South,Apparel,Backpack,Loyalty,In-Store,2,46.11,0.0,42.47,92.22,0,Sunday,True
105316,2025-08-31,North,Apparel,Backpack,New,Online,1,55.85,0.0,7.98,55.85,0,Sunday,True
105317,2025-08-31,West,Electronics,Smartphone Case,Returning,Online,2,17.61,0.0,38.1,35.22,0,Sunday,True
105318,2025-08-31,West,Electronics,Power Bank,New,Online,5,30.69,0.1,0.51,138.11,0,Sunday,True
105319,2025-08-31,North,Electronics,Bluetooth Speaker,New,In-Store,1,61.14,0.0,4.06,61.14,0,Sunday,True
105320,2025-08-31,East,Home & Kitchen,Vacuum Cleaner,New,Marketplace,3,111.14,0.0,32.61,333.42,0,Sunday,True
105321,2025-08-31,North,Electronics,Wireless Earbuds,Returning,In-Store,1,52.38,0.0,3.46,52.38,0,Sunday,True
105322,2025-08-31,East,Apparel,Backpack,Returning,Online,1,50.79,0.1,10.11,45.71,0,Sunday,True
105323,2025-09-01,South,Home & Kitchen,Vacuum Cleaner,Returning,Online,3,117.36,0.0,39.78,352.08,0,Monday,False
105324,2025-09-01,South,Electronics,Bluetooth Speaker,Returning,Online,5,48.28,0.0,9.26,241.4,0,Monday,False
105325,2025-09-01,West,Beauty,Lipstick Set,Returning,Online,4,31.77,0.1,32.07,114.37,0,Monday,False
105327,2025-09-01,South,Apparel,T-Shirt,New,Online,3,17.26,0.0,29.58,51.78,0,Monday,False
105328,2025-09-01,South,Electronics,Power Bank,New,In-Store,3,23.6,0.0,11.08,70.8,0,Monday,False
105329,2025-09-01,East,Home & Kitchen,Blender,Returning,In-Store,1,38.37,0.2,11.99,30.7,0,Monday,False
105330,2025-09-01,East,Beauty,Face Serum,Returning,Online,5,32.39,0.0,5.36,161.95,0,Monday,False
105331,2025-09-01,South,Beauty,Lipstick Set,Returning,Online,1,22.71,0.0,43.5,22.71,0,Monday,False
105332,2025-09-02,West,Home & Kitchen,Blender,New,Marketplace,2,44.28,0.0,18.79,88.56,0,Tuesday,False
105333,2025-09-02,East,Apparel,Backpack,Returning,In-Store,2,49.51,0.0,44.47,99.02,0,Tuesday,False
105334,2025-09-02,North,Beauty,Face Serum,New,Online,4,30.02,0.0,10.94,120.08,0,Tuesday,False
105335,2025-09-02,North,Apparel,T-Shirt,Loyalty,Online,3,22.09,0.2,27.9,53.02,0,Tuesday,False
105336,2025-09-02,East,Apparel,Jacket,Returning,Online,1,88.28,0.2,46.46,70.62,0,Tuesday,False
105337,2025-09-02,South,Apparel,Backpack,Loyalty,Online,1,45.8,0.0,22.97,45.8,0,Tuesday,False
105338,2025-09-02,North,Beauty,Moisturizer,New,Marketplace,1,22.31,0.0,33.59,22.31,0,Tuesday,False
105339,2025-09-02,North,Beauty,Shampoo,Loyalty,Marketplace,2,13.45,0.2,7.47,21.52,0,Tuesday,False
105340,2025-09-02,West,Electronics,Power Bank,New,Online,3,28.78,0.15,47.2,73.39,0,Tuesday,False
105341,2025-09-02,South,Home & Kitchen,Coffee Maker,Returning,Online,3,46.85,0.0,36.65,140.55,0,Tuesday,False
105343,2025-09-03,West,Electronics,Smartphone Case,Returning,In-Store,2,17.06,0.0,31.72,34.12,0,Wednesday,False
105344,2025-09-03,East,Home & Kitchen,Vacuum Cleaner,New,Marketplace,1,116.75,0.0,4.56,116.75,0,Wednesday,False
105345,2025-09-03,North,Home & Kitchen,Blender,New,In-Store,4,40.47,0.0,24.96,161.88,0,Wednesday,False
105346,2025-09-03,West,Apparel,Jacket,New,Marketplace,3,101.67,0.1,29.21,274.51,0,Wednesday,False
105347,2025-09-03,East,Home & Kitchen,Air Fryer,Returning,Online,1,81.24,0.15,34.49,69.05,0,Wednesday,False
105348,2025-09-03,East,Apparel,Jacket,Returning,Online,5,90.37,0.15,40.85,384.07,0,Wednesday,False
105350,2025-09-03,East,Beauty,Face Serum,Returning,Online,1,31.35,0.1,20.01,28.22,0,Wednesday,False
105351,2025-09-04,West,Beauty,Face Serum,Loyalty,Marketplace,4,33.67,0.2,8.59,107.74,0,Thursday,False
105352,2025-09-04,North,Home & Kitchen,Blender,New,Marketplace,1,40.82,0.0,2.31,40.82,0,Thursday,False
105353,2025-09-04,North,Beauty,Shampoo,Loyalty,Online,5,13.38,0.0,33.57,66.9,0,Thursday,False
105354,2025-09-04,South,Home & Kitchen,Vacuum Cleaner,Loyalty,Online,3,107.86,0.0,44.7,323.58,0,Thursday,False
105355,2025-09-04,West,Home & Kitchen,Blender,Returning,Online,1,48.38,0.0,2.55,48.38,0,Thursday,False
105356,2025-09-04,East,Beauty,Shampoo,Returning,In-Store,2,11.58,0.0,4.74,23.16,0,Thursday,False
105357,2025-09-04,North,Beauty,Face Serum,New,Online,3,33.37,0.0,13.35,100.11,0,Thursday,False
105358,2025-09-04,West,Beauty,Lipstick Set,Returning,Marketplace,3,31.23,0.0,27.07,93.69,0,Thursday,False
105359,2025-09-04,North,Home & Kitchen,Blender,New,Marketplace,4,46.01,0.0,24.4,184.04,0,Thursday,False
105360,2025-09-04,West,Electronics,Smartphone Case,Loyalty,Online,3,15.92,0.0,47.73,47.76,0,Thursday,False
105361,2025-09-04,East,Electronics,Bluetooth Speaker,New,Marketplace,2,58.87,0.0,21.9,117.74,0,Thursday,False
105362,2025-09-05,North,Electronics,Smartphone Case,New,Online,5,16.86,0.0,21.77,84.3,0,Friday,False
105363,2025-09-05,East,Apparel,T-Shirt,New,Marketplace,5,22.19,0.0,19.91,110.95,0,Friday,False
105364,2025-09-05,North,Electronics,Wireless Earbuds,Loyalty,Online,2,47.57,0.0,44.48,95.14,0,Friday,False
105365,2025-09-05,East,Electronics,Bluetooth Speaker,New,In-Store,4,57.34,0.0,38.9,229.36,0,Friday,False
105366,2025-09-05,West,Apparel,Backpack,New,Online,5,58.89,0.0,28.69,294.45,0,Friday,False
105367,2025-09-06,South,Home & Kitchen,Air Fryer,Returning,Online,2,69.75,0.0,4.0,139.5,0,Saturday,True
105368,2025-09-06,West,Apparel,Running Shoes,New,Online,4,82.32,0.15,39.91,279.89,0,Saturday,True
105369,2025-09-06,West,Apparel,Jacket,Loyalty,Online,1,111.48,0.0,14.68,111.48,0,Saturday,True
105370,2025-09-07,South,Apparel,Backpack,New,Online,2,47.27,0.0,42.13,94.54,0,Sunday,True
105371,2025-09-07,North,Electronics,Smartphone Case,Returning,Online,5,15.7,0.0,19.64,78.5,0,Sunday,True
105372,2025-09-07,North,Apparel,T-Shirt,Returning,In-Store,3,21.37,0.0,11.15,64.11,0,Sunday,True
105373,2025-09-07,East,Electronics,Bluetooth Speaker,Returning,Online,3,65.82,0.0,8.74,197.46,0,Sunday,True
105374,2025-09-07,East,Beauty,Face Serum,New,Marketplace,1,29.34,0.0,29.45,29.34,0,Sunday,True
105375,2025-09-07,North,Electronics,Smartphone Case,New,In-Store,5,17.01,0.0,12.42,85.05,0,Sunday,True
105376,2025-09-07,East,Beauty,Shampoo,New,Online,2,12.49,0.0,24.16,24.98,0,Sunday,True
105377,2025-09-08,North,Electronics,Wireless Earbuds,New,In-Store,3,52.03,0.0,5.37,156.09,0,Monday,False
105378,2025-09-08,East,Apparel,Jacket,New,Online,1,84.0,0.0,49.86,84.0,0,Monday,False
105379,2025-09-08,South,Electronics,Power Bank,New,Marketplace,5,22.5,0.1,33.71,101.25,0,Monday,False
105380,2025-09-08,South,Beauty,Face Serum,Returning,In-Store,5,26.31,0.15,40.6,111.82,0,Monday,False
105381,2025-09-09,North,Apparel,Running Shoes,Loyalty,In-Store,5,81.04,0.2,36.99,324.16,0,Tuesday,False
105382,2025-09-09,West,Beauty,Face Serum,Returning,Online,4,35.01,0.0,14.25,140.04,0,Tuesday,False
105383,2025-09-09,South,Home & Kitchen,Blender,Returning,Marketplace,2,35.77,0.0,27.3,71.54,0,Tuesday,False
105384,2025-09-09,North,Apparel,Backpack,Returning,Online,1,52.43,0.0,27.66,52.43,0,Tuesday,False
105385,2025-09-09,North,Electronics,Power Bank,Returning,Marketplace,3,26.99,0.15,25.9,68.82,0,Tuesday,False
105386,2025-09-09,West,Apparel,Running Shoes,Returning,Online,1,88.51,0.0,22.55,88.51,0,Tuesday,False
105387,2025-09-09,South,Apparel,T-Shirt,Loyalty,Online,5,19.01,0.0,41.05,95.05,0,Tuesday,False
105388,2025-09-09,South,Beauty,Face Serum,Loyalty,Marketplace,2,28.26,0.1,29.2,50.87,0,Tuesday,False
105389,2025-09-09,West,Beauty,Lipstick Set,Loyalty,Marketplace,1,29.08,0.1,26.31,26.17,0,Tuesday,False
105390,2025-09-09,West,Apparel,Backpack,New,Marketplace,3,57.54,0.0,4.29,172.62,0,Tuesday,False
105391,2025-09-09,East,Beauty,Shampoo,Returning,Online,3,11.62,0.0,19.42,34.86,0,Tuesday,False
105392,2025-09-10,East,Beauty,Lipstick Set,Returning,Online,2,25.71,0.2,44.35,41.14,0,Wednesday,False
105393,2025-09-10,West,Home & Kitchen,Air Fryer,Returning,Online,2,96.61,0.0,47.8,193.22,0,Wednesday,False
105394,2025-09-10,West,Home & Kitchen,Blender,Returning,Marketplace,2,47.64,0.0,1.51,95.28,0,Wednesday,False
105395,2025-09-10,East,Beauty,Moisturizer,Returning,Marketplace,4,23.37,0.0,40.4,93.48,0,Wednesday,False
105396,2025-09-10,South,Apparel,T-Shirt,Returning,In-Store,1,18.16,0.15,15.98,15.44,0,Wednesday,False
105397,2025-09-10,North,Electronics,Smartphone Case,New,In-Store,2,17.01,0.1,6.07,30.62,0,Wednesday,False
105398,2025-09-11,South,Beauty,Moisturizer,New,Online,3,19.65,0.0,42.55,58.95,0,Thursday,False
105399,2025-09-11,East,Home & Kitchen,Coffee Maker,New,In-Store,4,57.45,0.0,49.19,229.8,0,Thursday,False
105400,2025-09-11,East,Beauty,Moisturizer,Returning,In-Store,1,20.58,0.0,40.86,20.58,0,Thursday,False
105401,2025-09-11,East,Apparel,Running Shoes,New,Marketplace,4,67.9,0.0,37.6,271.6,0,Thursday,False
105402,2025-09-11,East,Electronics,Smartphone Case,New,Marketplace,1,15.88,0.15,21.94,13.5,0,Thursday,False
105403,2025-09-11,South,Electronics,Smartphone Case,Returning,Online,1,12.65,0.0,17.64,12.65,0,Thursday,False
105404,2025-09-11,North,Apparel,T-Shirt,New,Online,3,20.92,0.0,21.22,62.76,0,Thursday,False
105405,2025-09-12,North,Electronics,Wireless Earbuds,New,Marketplace,3,51.87,0.15,6.86,132.27,0,Friday,False
105406,2025-09-12,West,Beauty,Moisturizer,New,Marketplace,2,22.86,0.0,5.61,45.72,0,Friday,False
105407,2025-09-12,West,Home & Kitchen,Vacuum Cleaner,New,Online,2,131.77,0.0,22.69,263.54,0,Friday,False
105408,2025-09-12,East,Electronics,Power Bank,New,Online,4,25.69,0.0,48.77,102.76,0,Friday,False
105409,2025-09-12,West,Electronics,Smartphone Case,New,In-Store,5,17.21,0.0,24.6,86.05,0,Friday,False
105410,2025-09-12,South,Home & Kitchen,Blender,Returning,In-Store,5,38.22,0.1,42.45,171.99,0,Friday,False
105411,2025-09-13,West,Home & Kitchen,Coffee Maker,New,Online,1,64.67,0.15,31.4,54.97,0,Saturday,True
105412,2025-09-13,West,Home & Kitchen,Coffee Maker,Returning,Online,3,61.48,0.0,49.17,184.44,0,Saturday,True
105413,2025-09-13,North,Home & Kitchen,Coffee Maker,Returning,Online,5,63.03,0.0,14.14,315.15,0,Saturday,True
105414,2025-09-13,North,Beauty,Shampoo,New,Online,5,13.44,0.0,37.26,67.2,0,Saturday,True
105415,2025-09-13,West,Apparel,Jacket,Returning,Online,5,97.3,0.2,10.69,389.2,0,Saturday,True
105416,2025-09-13,East,Beauty,Lipstick Set,Returning,Online,3,24.89,0.0,0.0,74.67,1,Saturday,True
105417,2025-09-13,North,Electronics,Wireless Earbuds,Loyalty,Online,4,48.79,0.0,26.91,195.16,0,Saturday,True
105418,2025-09-14,West,Apparel,Backpack,New,Online,5,56.56,0.0,19.17,282.8,0,Sunday,True
105419,2025-09-14,West,Beauty,Moisturizer,New,Marketplace,2,25.85,0.0,19.06,51.7,0,Sunday,True
105420,2025-09-14,East,Apparel,Jacket,Returning,In-Store,1,87.91,0.0,26.96,87.91,0,Sunday,True
105421,2025-09-14,East,Apparel,Jacket,New,In-Store,3,96.57,0.0,10.11,289.71,0,Sunday,True
105423,2025-09-14,South,Electronics,Smartphone Case,New,Marketplace,1,13.34,0.0,11.82,13.34,0,Sunday,True
105424,2025-09-14,North,Beauty,Lipstick Set,Returning,Online,3,27.9,0.0,12.05,83.7,0,Sunday,True
105425,2025-09-14,East,Electronics,Wireless Earbuds,New,Marketplace,5,43.45,0.0,28.62,217.25,0,Sunday,True
105427,2025-09-14,North,Electronics,Bluetooth Speaker,Loyalty,In-Store,3,67.05,0.15,40.11,170.98,0,Sunday,True
105428,2025-09-14,West,Apparel,T-Shirt,New,Online,5,22.99,0.2,42.56,91.96,0,Sunday,True
105429,2025-09-14,East,Electronics,Power Bank,Returning,Marketplace,2,24.83,0.0,47.23,49.66,0,Sunday,True
105430,2025-09-14,North,Apparel,T-Shirt,New,Online,1,21.08,0.0,26.73,21.08,0,Sunday,True
105431,2025-09-15,West,Electronics,Bluetooth Speaker,Returning,Online,2,70.89,0.0,36.63,141.78,0,Monday,False
105432,2025-09-15,East,Apparel,Jacket,Loyalty,In-Store,2,92.87,0.0,23.99,185.74,0,Monday,False
105433,2025-09-15,East,Electronics,Power Bank,New,Online,1,24.07,0.2,48.7,19.26,0,Monday,False
105434,2025-09-15,West,Apparel,T-Shirt,New,Marketplace,2,22.62,0.0,25.92,45.24,0,Monday,False
105435,2025-09-15,North,Electronics,Power Bank,New,Online,1,26.84,0.2,8.15,21.47,0,Monday,False
105436,2025-09-15,South,Apparel,T-Shirt,Returning,Marketplace,4,18.1,0.0,5.48,72.4,0,Monday,False
105437,2025-09-16,East,Electronics,Power Bank,Returning,In-Store,5,26.17,0.0,45.15,130.85,0,Tuesday,False
105438,2025-09-16,North,Home & Kitchen,Vacuum Cleaner,Returning,Marketplace,2,140.78,0.0,35.97,281.56,0,Tuesday,False
105439,2025-09-16,North,Electronics,Bluetooth Speaker,New,Online,2,63.54,0.0,49.34,127.08,0,Tuesday,False
105440,2025-09-16,North,Home & Kitchen,Air Fryer,Returning,In-Store,2,83.29,0.0,13.54,166.58,0,Tuesday,False
105442,2025-09-16,West,Electronics,Bluetooth Speaker,New,Online,1,76.31,0.15,16.11,64.86,0,Tuesday,False
105443,2025-09-16,East,Electronics,Power Bank,Loyalty,Online,2,24.44,0.0,0.18,48.88,0,Tuesday,False
105444,2025-09-16,North,Electronics,Wireless Earbuds,Returning,Online,1,47.6,0.0,14.14,47.6,0,Tuesday,False
105445,2025-09-16,South,Electronics,Smartphone Case,New,In-Store,5,12.48,0.15,0.97,53.04,0,Tuesday,False
105446,2025-09-17,East,Apparel,T-Shirt,Loyalty,Online,1,21.27,0.1,44.04,19.14,0,Wednesday,False
105448,2025-09-17,South,Apparel,T-Shirt,New,In-Store,2,17.88,0.0,48.66,35.76,0,Wednesday,False
105449,2025-09-17,North,Apparel,Running Shoes,Returning,Online,5,72.78,0.0,48.33,363.9,0,Wednesday,False
105450,2025-09-17,North,Electronics,Bluetooth Speaker,New,Online,2,69.7,0.0,3.69,139.4,0,Wednesday,False
105451,2025-09-17,East,Apparel,T-Shirt,Returning,Online,2,19.17,0.1,15.64,34.51,0,Wednesday,False
105452,2025-09-17,East,Electronics,Power Bank,New,Online,1,25.91,0.0,6.84,25.91,0,Wednesday,False
105453,2025-09-17,East,Electronics,Power Bank,Returning,Marketplace,4,24.56,0.0,39.64,98.24,0,Wednesday,False
105454,2025-09-17,East,Apparel,Backpack,New,In-Store,3,45.73,0.0,17.04,137.19,0,Wednesday,False
105455,2025-09-17,West,Electronics,Wireless Earbuds,Returning,Online,4,48.6,0.0,0.7,194.4,0,Wednesday,False
105456,2025-09-17,South,Electronics,Wireless Earbuds,New,Marketplace,5,37.87,0.0,45.92,189.35,0,Wednesday,False
105457,2025-09-18,North,Beauty,Moisturizer,Returning,In-Store,3,24.4,0.0,13.78,73.2,0,Thursday,False
105458,2025-09-18,South,Beauty,Face Serum,Loyalty,Online,2,24.77,0.0,49.38,49.54,0,Thursday,False
105459,2025-09-18,West,Beauty,Moisturizer,Returning,Online,1,28.36,0.1,43.51,25.52,0,Thursday,False
105460,2025-09-18,North,Beauty,Shampoo,New,Online,5,14.0,0.0,48.87,70.0,0,Thursday,False
105461,2025-09-18,East,Electronics,Wireless Earbuds,New,Online,4,44.56,0.0,14.1,178.24,0,Thursday,False
105462,2025-09-18,West,Electronics,Smartphone Case,Returning,Online,2,17.08,0.0,27.02,34.16,0,Thursday,False
105463,2025-09-18,North,Apparel,Jacket,Loyalty,Online,2,96.4,0.0,45.25,192.8,0,Thursday,False
105464,2025-09-18,East,Home & Kitchen,Air Fryer,Loyalty,Marketplace,4,81.72,0.15,18.43,277.85,0,Thursday,False
105465,2025-09-18,West,Beauty,Moisturizer,New,Online,3,25.69,0.0,41.33,77.07,0,Thursday,False
105466,2025-09-19,West,Beauty,Lipstick Set,New,Marketplace,1,29.52,0.15,33.66,25.09,0,Friday,False
105467,2025-09-19,North,Electronics,Wireless Earbuds,Returning,Online,4,51.87,0.2,8.49,165.98,0,Friday,False
105468,2025-09-19,South,Home & Kitchen,Vacuum Cleaner,New,In-Store,2,105.9,0.0,40.37,211.8,0,Friday,False
105469,2025-09-19,North,Electronics,Wireless Earbuds,New,Online,2,48.7,0.1,0.61,87.66,0,Friday,False
105470,2025-09-19,North,Electronics,Power Bank,New,Online,1,26.47,0.0,5.65,26.47,0,Friday,False
105471,2025-09-19,North,Electronics,Power Bank,New,Online,4,29.35,0.15,26.56,99.79,0,Friday,False
105472,2025-09-19,South,Electronics,Bluetooth Speaker,Returning,Marketplace,1,58.5,0.1,48.23,52.65,0,Friday,False
105473,2025-09-20,East,Apparel,Running Shoes,New,Online,2,69.66,0.0,7.29,139.32,0,Saturday,True
105474,2025-09-20,West,Apparel,Jacket,Returning,Online,3,101.67,0.0,13.54,305.01,0,Saturday,True
105475,2025-09-20,West,Electronics,Bluetooth Speaker,Returning,In-Store,2,65.45,0.0,42.43,130.9,0,Saturday,True
105476,2025-09-20,North,Home & Kitchen,Blender,New,Marketplace,4,45.11,0.0,21.08,180.44,0,Saturday,True
105477,2025-09-20,South,Apparel,Running Shoes,Loyalty,Online,3,63.27,0.0,0.31,189.81,0,Saturday,True
105478,2025-09-20,North,Electronics,Power Bank,Loyalty,In-Store,1,26.91,0.0,6.99,26.91,0,Saturday,True
105479,2025-09-20,North,Home & Kitchen,Blender,Returning,In-Store,4,45.57,0.0,30.04,182.28,0,Saturday,True
105480,2025-09-20,East,Apparel,Backpack,New,Online,1,48.96,0.0,45.1,48.96,0,Saturday,True
105481,2025-09-20,East,Home & Kitchen,Blender,New,Online,5,42.11,0.0,44.43,210.55,0,Saturday,True
105482,2025-09-20,South,Beauty,Lipstick Set,New,Online,1,21.69,0.0,19.37,21.69,0,Saturday,True
105483,2025-09-20,South,Home & Kitchen,Coffee Maker,New,Marketplace,2,44.29,0.0,9.64,88.58,0,Saturday,True
105484,2025-09-20,West,Beauty,Shampoo,Returning,Marketplace,2,15.27,0.2,29.13,24.43,0,Saturday,True
105485,2025-09-21,West,Beauty,Lipstick Set,Loyalty,Marketplace,4,30.23,0.2,14.09,96.74,0,Sunday,True
105486,2025-09-21,North,Home & Kitchen,Vacuum Cleaner,New,Online,1,139.51,0.0,2.79,139.51,0,Sunday,True
105487,2025-09-21,East,Home & Kitchen,Air Fryer,Returning,Marketplace,1,82.71,0.0,40.89,82.71,0,Sunday,True
105488,2025-09-21,North,Electronics,Power Bank,Loyalty,In-Store,5,30.15,0.0,39.38,150.75,0,Sunday,True
105489,2025-09-21,South,Beauty,Moisturizer,Returning,In-Store,1,19.31,0.0,22.73,19.31,0,Sunday,True
105490,2025-09-21,West,Beauty,Lipstick Set,New,In-Store,3,32.33,0.0,26.13,96.99,0,Sunday,True
105491,2025-09-21,North,Electronics,Power Bank,New,In-Store,4,26.02,0.0,46.32,104.08,0,Sunday,True
105492,2025-09-21,East,Beauty,Lipstick Set,Loyalty,In-Store,1,24.22,0.1,0.77,21.8,0,Sunday,True
105493,2025-09-21,North,Beauty,Shampoo,Returning,Online,4,13.69,0.0,42.21,54.76,0,Sunday,True
105494,2025-09-21,South,Beauty,Moisturizer,Returning,Online,4,19.77,0.2,26.0,63.26,0,Sunday,True
105495,2025-09-21,North,Beauty,Lipstick Set,Loyalty,Online,3,28.76,0.0,22.86,86.28,0,Sunday,True
105496,2025-09-21,North,Apparel,Backpack,New,Online,2,54.03,0.0,20.8,108.06,0,Sunday,True
105497,2025-09-21,East,Beauty,Moisturizer,New,Marketplace,2,22.38,0.0,35.15,44.76,0,Sunday,True
105498,2025-09-21,North,Electronics,Bluetooth Speaker,Loyalty,In-Store,3,67.44,0.1,45.56,182.09,0,Sunday,True
105499,2025-09-22,South,Electronics,Smartphone Case,Returning,Online,5,12.64,0.0,11.02,63.2,0,Monday,False
105500,2025-09-22,South,Apparel,Backpack,New,Online,1,43.69,0.0,27.26,43.69,0,Monday,False
105501,2025-09-22,East,Home & Kitchen,Blender,New,Marketplace,4,43.33,0.0,49.42,173.32,0,Monday,False
105502,2025-09-22,South,Apparel,Jacket,Returning,Online,5,79.64,0.0,32.94,398.2,0,Monday,False
105504,2025-09-22,South,Electronics,Smartphone Case,New,In-Store,4,12.79,0.0,33.17,51.16,0,Monday,False
105505,2025-09-22,West,Home & Kitchen,Vacuum Cleaner,New,Online,2,143.97,0.0,30.74,287.94,0,Monday,False
105506,2025-09-23,West,Beauty,Face Serum,New,Marketplace,4,34.18,0.0,49.55,136.72,0,Tuesday,False
105507,2025-09-23,East,Electronics,Smartphone Case,Loyalty,Online,4,15.67,0.0,3.04,62.68,0,Tuesday,False
105508,2025-09-23,North,Home & Kitchen,Air Fryer,New,Online,4,80.27,0.0,15.72,321.08,0,Tuesday,False
105509,2025-09-23,South,Beauty,Lipstick Set,Returning,Online,4,21.63,0.15,19.95,73.54,0,Tuesday,False
105510,2025-09-23,East,Beauty,Shampoo,Returning,Online,1,12.01,0.0,37.19,12.01,0,Tuesday,False
105511,2025-09-23,East,Electronics,Bluetooth Speaker,Returning,In-Store,4,60.57,0.0,32.63,242.28,0,Tuesday,False
105512,2025-09-23,South,Beauty,Face Serum,Returning,Online,5,22.94,0.0,41.05,114.7,0,Tuesday,False
105513,2025-09-23,North,Beauty,Moisturizer,Loyalty,Online,2,23.91,0.0,21.64,47.82,0,Tuesday,False
105514,2025-09-23,North,Apparel,T-Shirt,New,In-Store,2,21.15,0.0,26.07,42.3,0,Tuesday,False
105515,2025-09-23,West,Home & Kitchen,Vacuum Cleaner,Loyalty,Online,3,127.71,0.0,0.0,383.13,1,Tuesday,False
105516,2025-09-23,South,Apparel,Backpack,Loyalty,Online,5,47.08,0.0,22.47,235.4,0,Tuesday,False
105517,2025-09-23,West,Home & Kitchen,Vacuum Cleaner,Returning,Online,1,133.68,0.0,19.22,133.68,0,Tuesday,False
105518,2025-09-24,East,Apparel,T-Shirt,New,In-Store,2,19.75,0.2,31.69,31.6,0,Wednesday,False
105519,2025-09-24,North,Beauty,Moisturizer,New,Online,5,23.38,0.0,35.69,116.9,0,Wednesday,False
105520,2025-09-24,East,Electronics,Wireless Earbuds,New,Online,5,43.32,0.0,7.74,216.6,0,Wednesday,False
105521,2025-09-24,East,Apparel,Jacket,Returning,In-Store,3,92.34,0.0,3.18,277.02,0,Wednesday,False
105522,2025-09-24,East,Apparel,T-Shirt,Returning,In-Store,2,20.3,0.15,34.51,34.51,0,Wednesday,False
105523,2025-09-25,North,Apparel,Jacket,Returning,In-Store,2,99.46,0.0,42.44,198.92,0,Thursday,False
105524,2025-09-25,North,Home & Kitchen,Blender,Returning,Online,5,41.12,0.0,38.32,205.6,0,Thursday,False
105525,2025-09-25,East,Beauty,Face Serum,Returning,Online,2,30.18,0.15,18.73,51.31,0,Thursday,False
105526,2025-09-25,South,Beauty,Face Serum,Returning,Marketplace,1,24.77,0.0,26.3,24.77,0,Thursday,False
105527,2025-09-25,South,Beauty,Shampoo,New,Online,3,10.5,0.0,40.16,31.5,0,Thursday,False
105528,2025-09-25,East,Electronics,Power Bank,Loyalty,Online,2,26.14,0.2,18.19,41.82,0,Thursday,False
105530,2025-09-25,North,Beauty,Moisturizer,New,In-Store,3,23.51,0.1,44.55,63.48,0,Thursday,False
105531,2025-09-26,West,Apparel,T-Shirt,Returning,Marketplace,2,22.31,0.0,28.51,44.62,0,Friday,False
105532,2025-09-26,North,Apparel,Backpack,Loyalty,In-Store,5,55.61,0.0,29.83,278.05,0,Friday,False
105533,2025-09-26,South,Electronics,Power Bank,Returning,Online,3,22.35,0.0,27.61,67.05,0,Friday,False
105534,2025-09-26,North,Apparel,T-Shirt,Returning,Online,4,23.33,0.0,15.33,93.32,0,Friday,False
105535,2025-09-26,West,Apparel,T-Shirt,New,Marketplace,3,23.41,0.0,23.34,70.23,0,Friday,False
105536,2025-09-26,South,Apparel,Running Shoes,New,Online,1,57.83,0.0,6.19,57.83,0,Friday,False
105537,2025-09-26,East,Electronics,Bluetooth Speaker,New,Online,5,57.21,0.0,43.24,286.05,0,Friday,False
105538,2025-09-26,East,Beauty,Moisturizer,New,Marketplace,4,22.21,0.0,20.03,88.84,0,Friday,False
105539,2025-09-26,East,Beauty,Lipstick Set,Returning,Online,5,26.26,0.0,32.34,131.3,0,Friday,False
105540,2025-09-26,South,Beauty,Moisturizer,New,Online,4,20.61,0.1,45.36,74.2,0,Friday,False
105541,2025-09-26,South,Apparel,Backpack,Loyalty,In-Store,5,42.99,0.0,35.22,214.95,0,Friday,False
105542,2025-09-27,North,Electronics,Bluetooth Speaker,New,In-Store,4,68.54,0.0,48.48,274.16,0,Saturday,True
105543,2025-09-27,North,Home & Kitchen,Air Fryer,New,Online,2,81.59,0.0,42.44,163.18,0,Saturday,True
105544,2025-09-27,West,Apparel,Jacket,Returning,Online,1,103.25,0.15,36.98,87.76,0,Saturday,True
105545,2025-09-27,North,Beauty,Lipstick Set,Returning,In-Store,4,30.75,0.15,43.32,104.55,0,Saturday,True
105546,2025-09-27,North,Beauty,Face Serum,New,Marketplace,2,33.49,0.2,45.81,53.58,0,Saturday,True
105547,2025-09-27,West,Electronics,Power Bank,New,Online,2,29.83,0.0,8.58,59.66,0,Saturday,True
105548,2025-09-27,East,Apparel,Backpack,Returning,In-Store,3,51.12,0.2,25.44,122.69,0,Saturday,True
105549,2025-09-27,North,Home & Kitchen,Coffee Maker,Loyalty,Online,3,60.89,0.0,11.06,182.67,0,Saturday,True
105550,2025-09-27,South,Home & Kitchen,Blender,Returning,Online,2,36.27,0.15,0.0,61.66,1,Saturday,True
105551,2025-09-27,South,Home & Kitchen,Coffee Maker,Loyalty,Online,4,50.47,0.1,38.35,181.69,0,Saturday,True
105552,2025-09-28,North,Beauty,Moisturizer,New,Online,3,25.97,0.1,29.36,70.12,0,Sunday,True
105553,2025-09-28,South,Beauty,Lipstick Set,Returning,Online,4,22.56,0.0,49.26,90.24,0,Sunday,True
105554,2025-09-28,North,Beauty,Moisturizer,New,Online,3,25.41,0.15,15.57,64.8,0,Sunday,True
105555,2025-09-28,North,Electronics,Wireless Earbuds,Returning,Online,5,48.57,0.0,7.04,242.85,0,Sunday,True
105556,2025-09-28,East,Beauty,Moisturizer,Returning,In-Store,2,23.34,0.0,10.63,46.68,0,Sunday,True
105557,2025-09-28,West,Apparel,Running Shoes,Returning,Online,3,81.44,0.0,36.14,244.32,0,Sunday,True
105558,2025-09-28,West,Home & Kitchen,Coffee Maker,New,In-Store,1,61.41,0.0,24.74,61.41,0,Sunday,True
105559,2025-09-28,East,Apparel,Running Shoes,Returning,In-Store,3,68.78,0.0,33.82,206.34,0,Sunday,True
105560,2025-09-29,South,Apparel,T-Shirt,Returning,Online,2,16.34,0.1,11.18,29.41,0,Monday,False
105561,2025-09-29,North,Beauty,Face Serum,New,In-Store,5,33.08,0.0,34.88,165.4,0,Monday,False
105562,2025-09-29,South,Home & Kitchen,Blender,Returning,In-Store,3,35.44,0.2,8.64,85.06,0,Monday,False
105563,2025-09-29,West,Home & Kitchen,Coffee Maker,New,Online,2,65.46,0.0,28.06,130.92,0,Monday,False
105564,2025-09-30,North,Electronics,Power Bank,Returning,Online,1,28.85,0.0,28.11,28.85,0,Tuesday,False
105565,2025-09-30,West,Apparel,Jacket,New,Online,3,102.45,0.15,21.52,261.25,0,Tuesday,False
105566,2025-09-30,North,Beauty,Face Serum,New,In-Store,1,32.9,0.0,25.52,32.9,0,Tuesday,False
105567,2025-09-30,North,Apparel,Jacket,Loyalty,Online,2,99.93,0.0,45.44,199.86,0,Tuesday,False
105568,2025-09-30,South,Electronics,Power Bank,New,In-Store,4,23.54,0.0,16.81,94.16,0,Tuesday,False
105569,2025-09-30,South,Electronics,Smartphone Case,Returning,Online,5,14.49,0.0,14.11,72.45,0,Tuesday,False
105570,2025-09-30,East,Apparel,Backpack,New,Marketplace,4,48.44,0.2,37.6,155.01,0,Tuesday,False
105571,2025-09-30,South,Apparel,T-Shirt,Returning,Online,4,18.97,0.0,30.33,75.88,0,Tuesday,False
105572,2025-09-30,South,Apparel,Backpack,New,Online,5,43.77,0.0,7.27,218.85,0,Tuesday,False
105573,2025-10-01,East,Home & Kitchen,Blender,Loyalty,In-Store,4,38.12,0.1,20.26,137.23,0,Wednesday,False
105574,2025-10-01,South,Beauty,Moisturizer,Returning,Online,1,21.32,0.0,23.11,21.32,0,Wednesday,False
105575,2025-10-01,West,Beauty,Lipstick Set,Returning,Marketplace,3,24.89,0.15,42.66,63.47,0,Wednesday,False
105576,2025-10-01,East,Beauty,Lipstick Set,Loyalty,Marketplace,4,24.1,0.1,43.56,86.76,0,Wednesday,False
105577,2025-10-01,East,Electronics,Bluetooth Speaker,New,Online,2,55.08,0.0,46.8,110.16,0,Wednesday,False
105578,2025-10-01,West,Electronics,Power Bank,Returning,Online,5,30.23,0.1,2.27,136.04,0,Wednesday,False
105579,2025-10-01,East,Home & Kitchen,Vacuum Cleaner,New,In-Store,3,110.52,0.0,34.75,331.56,0,Wednesday,False
105580,2025-10-02,East,Beauty,Moisturizer,Returning,Online,5,22.14,0.1,48.55,99.63,0,Thursday,False
105581,2025-10-02,South,Beauty,Face Serum,Returning,In-Store,1,24.36,0.0,21.8,24.36,0,Thursday,False
105582,2025-10-02,West,Home & Kitchen,Blender,Loyalty,Online,5,45.43,0.0,29.56,227.15,0,Thursday,False
105583,2025-10-02,East,Home & Kitchen,Blender,Loyalty,In-Store,2,40.49,0.0,34.82,80.98,0,Thursday,False
105584,2025-10-02,East,Electronics,Wireless Earbuds,Returning,Online,2,44.27,0.0,1.72,88.54,0,Thursday,False
105585,2025-10-02,West,Home & Kitchen,Coffee Maker,New,Marketplace,4,64.12,0.0,13.35,256.48,0,Thursday,False
105586,2025-10-03,West,Beauty,Face Serum,Returning,Online,5,34.18,0.0,46.61,170.9,0,Friday,False
105587,2025-10-03,North,Home & Kitchen,Air Fryer,Returning,In-Store,3,82.01,0.0,24.83,246.03,0,Friday,False
105588,2025-10-03,West,Apparel,Running Shoes,New,In-Store,4,82.33,0.0,27.86,329.32,0,Friday,False
105589,2025-10-03,East,Electronics,Power Bank,New,Online,4,24.26,0.0,2.91,97.04,0,Friday,False
105590,2025-10-03,West,Home & Kitchen,Air Fryer,Loyalty,In-Store,3,85.83,0.0,13.5,257.49,0,Friday,False
105591,2025-10-03,North,Apparel,T-Shirt,New,Marketplace,3,21.91,0.0,14.0,65.73,0,Friday,False
105592,2025-10-03,South,Beauty,Face Serum,Loyalty,Online,4,23.71,0.0,33.33,94.84,0,Friday,False
105593,2025-10-03,South,Apparel,Backpack,Returning,Online,1,42.14,0.1,35.06,37.93,0,Friday,False
105594,2025-10-03,South,Beauty,Face Serum,Loyalty,Online,1,24.89,0.0,47.37,24.89,0,Friday,False
105595,2025-10-04,West,Apparel,Backpack,Returning,In-Store,5,61.39,0.0,20.5,306.95,0,Saturday,True
105596,2025-10-04,South,Home & Kitchen,Air Fryer,New,Marketplace,5,73.68,0.0,38.91,368.4,0,Saturday,True
105597,2025-10-04,South,Apparel,T-Shirt,Returning,Online,3,18.28,0.0,6.07,54.84,0,Saturday,True
105598,2025-10-04,East,Apparel,Jacket,Returning,Online,4,89.74,0.1,13.05,323.06,0,Saturday,True
105599,2025-10-04,South,Home & Kitchen,Coffee Maker,New,Marketplace,3,53.96,0.0,36.22,161.88,0,Saturday,True
105600,2025-10-04,South,Apparel,Running Shoes,Returning,In-Store,1,60.59,0.0,23.34,60.59,0,Saturday,True
105601,2025-10-04,East,Electronics,Power Bank,New,Online,2,25.97,0.0,11.5,51.94,0,Saturday,True
105602,2025-10-04,East,Beauty,Moisturizer,Loyalty,Online,2,20.28,0.0,45.45,40.56,0,Saturday,True
105603,2025-10-04,South,Beauty,Moisturizer,New,In-Store,1,19.23,0.0,7.76,19.23,0,Saturday,True
105604,2025-10-04,South,Apparel,Backpack,Loyalty,Online,3,50.29,0.0,5.49,150.87,0,Saturday,True
105605,2025-10-04,North,Apparel,Backpack,New,Online,1,53.32,0.0,22.22,53.32,0,Saturday,True
105606,2025-10-04,North,Electronics,Bluetooth Speaker,Returning,Marketplace,5,64.28,0.0,46.21,321.4,0,Saturday,True
105607,2025-10-04,North,Electronics,Bluetooth Speaker,New,In-Store,2,64.85,0.15,46.8,110.24,0,Saturday,True
105608,2025-10-04,East,Apparel,Backpack,New,Online,5,48.22,0.0,38.36,241.1,0,Saturday,True
105609,2025-10-05,North,Beauty,Moisturizer,New,Online,2,23.29,0.0,16.94,46.58,0,Sunday,True
105610,2025-10-05,West,Electronics,Smartphone Case,Returning,Marketplace,4,16.62,0.1,34.03,59.83,0,Sunday,True
105611,2025-10-05,South,Beauty,Shampoo,New,In-Store,5,10.96,0.0,0.0,54.8,1,Sunday,True
105612,2025-10-05,South,Apparel,T-Shirt,Loyalty,Online,4,17.57,0.15,44.29,59.74,0,Sunday,True
105613,2025-10-05,East,Beauty,Lipstick Set,Loyalty,In-Store,1,25.66,0.2,40.89,20.53,0,Sunday,True
105614,2025-10-05,North,Home & Kitchen,Air Fryer,Returning,Online,4,90.97,0.0,17.54,363.88,0,Sunday,True
105615,2025-10-05,East,Apparel,Backpack,Returning,Marketplace,4,52.51,0.0,42.64,210.04,0,Sunday,True
105616,2025-10-05,West,Electronics,Power Bank,Returning,Online,3,33.09,0.0,42.67,99.27,0,Sunday,True
105617,2025-10-05,East,Beauty,Moisturizer,Returning,Marketplace,3,22.0,0.0,12.11,66.0,0,Sunday,True
105618,2025-10-05,South,Home & Kitchen,Vacuum Cleaner,New,In-Store,2,107.81,0.0,9.81,215.62,0,Sunday,True
105619,2025-10-05,East,Home & Kitchen,Coffee Maker,New,Online,2,48.31,0.0,0.27,96.62,0,Sunday,True
105620,2025-10-06,North,Beauty,Shampoo,New,Online,3,11.82,0.15,38.79,30.14,0,Monday,False
105621,2025-10-06,West,Home & Kitchen,Vacuum Cleaner,Loyalty,In-Store,2,141.88,0.0,37.51,283.76,0,Monday,False
105622,2025-10-06,West,Apparel,T-Shirt,Returning,Online,3,24.14,0.0,22.32,72.42,0,Monday,False
105623,2025-10-06,East,Electronics,Wireless Earbuds,Returning,Marketplace,1,47.79,0.0,23.04,47.79,0,Monday,False
105624,2025-10-06,South,Electronics,Bluetooth Speaker,Returning,Online,3,55.51,0.0,20.19,166.53,0,Monday,False
105625,2025-10-06,West,Home & Kitchen,Air Fryer,Loyalty,In-Store,3,94.41,0.0,28.77,283.23,0,Monday,False
105626,2025-10-06,East,Electronics,Power Bank,New,In-Store,2,24.39,0.0,17.15,48.78,0,Monday,False
105627,2025-10-06,South,Electronics,Smartphone Case,Returning,Online,3,14.27,0.0,22.95,42.81,0,Monday,False
105628,2025-10-06,West,Beauty,Face Serum,Loyalty,Online,3,31.04,0.0,9.79,93.12,0,Monday,False
105629,2025-10-06,West,Electronics,Wireless Earbuds,Returning,Online,2,49.37,0.15,6.29,83.93,0,Monday,False
105631,2025-10-07,North,Apparel,T-Shirt,Loyalty,Online,5,23.08,0.0,24.86,115.4,0,Tuesday,False
105632,2025-10-07,South,Beauty,Face Serum,New,Online,5,28.77,0.0,45.13,143.85,0,Tuesday,False
105633,2025-10-07,North,Apparel,T-Shirt,Returning,In-Store,1,22.09,0.0,13.57,22.09,0,Tuesday,False
105634,2025-10-07,West,Beauty,Face Serum,Returning,Online,3,34.23,0.0,24.74,102.69,0,Tuesday,False
105635,2025-10-07,West,Home & Kitchen,Blender,New,In-Store,1,43.38,0.0,35.92,43.38,0,Tuesday,False
105636,2025-10-07,East,Electronics,Smartphone Case,New,Online,3,14.02,0.15,9.85,35.75,0,Tuesday,False
105637,2025-10-07,South,Home & Kitchen,Air Fryer,New,Marketplace,1,79.25,0.1,15.2,71.32,0,Tuesday,False
105638,2025-10-07,South,Electronics,Wireless Earbuds,New,In-Store,2,42.98,0.0,26.34,85.96,0,Tuesday,False
105639,2025-10-07,South,Home & Kitchen,Coffee Maker,Returning,In-Store,4,45.39,0.0,11.88,181.56,0,Tuesday,False
105640,2025-10-08,North,Apparel,T-Shirt,New,Marketplace,5,20.47,0.0,49.0,102.35,0,Wednesday,False
105641,2025-10-08,South,Electronics,Smartphone Case,Returning,Online,5,14.48,0.0,3.36,72.4,0,Wednesday,False
105642,2025-10-08,North,Apparel,Running Shoes,New,In-Store,4,71.85,0.0,46.77,287.4,0,Wednesday,False
105643,2025-10-08,West,Home & Kitchen,Vacuum Cleaner,Returning,Online,1,139.2,0.0,44.02,139.2,0,Wednesday,False
105644,2025-10-08,East,Electronics,Bluetooth Speaker,New,Online,2,59.03,0.0,21.52,118.06,0,Wednesday,False
105645,2025-10-08,East,Electronics,Bluetooth Speaker,Loyalty,Online,4,61.8,0.0,21.04,247.2,0,Wednesday,False
105646,2025-10-08,East,Electronics,Bluetooth Speaker,New,In-Store,1,61.13,0.1,23.86,55.02,0,Wednesday,False
105647,2025-10-08,North,Apparel,Jacket,New,Online,4,104.62,0.1,23.54,376.63,0,Wednesday,False
105648,2025-10-08,East,Apparel,T-Shirt,Returning,Online,5,20.33,0.0,8.09,101.65,0,Wednesday,False
105650,2025-10-09,North,Apparel,Jacket,New,Marketplace,4,97.28,0.0,11.47,389.12,0,Thursday,False
105651,2025-10-09,South,Electronics,Wireless Earbuds,New,Online,1,39.67,0.0,38.51,39.67,0,Thursday,False
105652,2025-10-09,South,Apparel,Jacket,Returning,Marketplace,4,81.13,0.0,20.54,324.52,0,Thursday,False
105653,2025-10-09,North,Electronics,Power Bank,Loyalty,Online,3,25.81,0.0,38.18,77.43,0,Thursday,False
105654,2025-10-10,West,Electronics,Smartphone Case,New,In-Store,4,17.37,0.1,34.48,62.53,0,Friday,False
105655,2025-10-10,East,Beauty,Shampoo,Loyalty,In-Store,3,11.57,0.0,30.14,34.71,0,Friday,False
105656,2025-10-10,South,Home & Kitchen,Air Fryer,New,Online,1,71.54,0.0,4.82,71.54,0,Friday,False
105657,2025-10-10,West,Home & Kitchen,Blender,New,In-Store,4,45.91,0.0,26.27,183.64,0,Friday,False
105658,2025-10-10,South,Beauty,Moisturizer,Returning,Online,1,20.3,0.0,11.97,20.3,0,Friday,False
105659,2025-10-10,North,Home & Kitchen,Blender,Returning,Online,3,43.82,0.1,46.79,118.31,0,Friday,False
105660,2025-10-11,South,Beauty,Moisturizer,Loyalty,Online,5,20.8,0.0,17.62,104.0,0,Saturday,True
105661,2025-10-11,North,Apparel,T-Shirt,Loyalty,Online,5,22.84,0.0,7.19,114.2,0,Saturday,True
105662,2025-10-11,North,Apparel,Backpack,Returning,Marketplace,3,54.75,0.0,6.4,164.25,0,Saturday,True
105663,2025-10-11,East,Apparel,Running Shoes,Returning,In-Store,4,69.53,0.0,43.26,278.12,0,Saturday,True
105664,2025-10-11,West,Electronics,Smartphone Case,New,Marketplace,3,17.73,0.0,17.85,53.19,0,Saturday,True
105665,2025-10-11,South,Home & Kitchen,Blender,New,Marketplace,1,33.25,0.0,7.53,33.25,0,Saturday,True
105667,2025-10-11,East,Beauty,Face Serum,New,Online,1,31.23,0.0,20.1,31.23,0,Saturday,True
105668,2025-10-11,East,Electronics,Power Bank,Loyalty,Marketplace,1,22.68,0.0,49.69,22.68,0,Saturday,True
105669,2025-10-12,East,Apparel,Running Shoes,New,Online,3,74.21,0.1,13.47,200.37,0,Sunday,True
105670,2025-10-12,East,Beauty,Face Serum,New,In-Store,4,31.19,0.1,21.53,112.28,0,Sunday,True
105671,2025-10-12,East,Electronics,Wireless Earbuds,New,In-Store,2,43.0,0.0,25.94,86.0,0,Sunday,True
105672,2025-10-12,North,Apparel,T-Shirt,New,Online,4,21.22,0.0,31.2,84.88,0,Sunday,True
105673,2025-10-12,South,Electronics,Power Bank,Returning,In-Store,4,21.17,0.0,8.48,84.68,0,Sunday,True
105674,2025-10-12,West,Apparel,Jacket,New,Online,1,108.35,0.0,36.04,108.35,0,Sunday,True
105675,2025-10-12,North,Beauty,Moisturizer,Loyalty,Online,4,23.13,0.2,8.87,74.02,0,Sunday,True
105676,2025-10-12,North,Home & Kitchen,Blender,New,Online,5,43.67,0.0,29.08,218.35,0,Sunday,True
105677,2025-10-12,North,Home & Kitchen,Coffee Maker,Returning,Marketplace,2,63.57,0.15,49.05,108.07,0,Sunday,True
105678,2025-10-12,South,Apparel,T-Shirt,Returning,Online,1,18.14,0.0,27.85,18.14,0,Sunday,True
105680,2025-10-13,East,Home & Kitchen,Air Fryer,New,In-Store,2,69.82,0.1,25.08,125.68,0,Monday,False
105681,2025-10-13,East,Apparel,Backpack,Loyalty,Online,5,50.97,0.0,8.08,254.85,0,Monday,False
105682,2025-10-13,East,Home & Kitchen,Coffee Maker,New,Online,5,58.31,0.0,5.71,291.55,0,Monday,False
105683,2025-10-14,West,Beauty,Face Serum,Returning,Marketplace,2,35.2,0.15,38.69,59.84,0,Tuesday,False
105684,2025-10-14,North,Apparel,Running Shoes,Loyalty,Online,2,70.81,0.0,32.24,141.62,0,Tuesday,False
105685,2025-10-15,South,Electronics,Bluetooth Speaker,New,Online,1,54.09,0.0,21.14,54.09,0,Wednesday,False
105686,2025-10-15,East,Electronics,Power Bank,New,Online,4,24.57,0.0,0.79,98.28,0,Wednesday,False
105687,2025-10-15,South,Electronics,Wireless Earbuds,Loyalty,Online,1,44.01,0.0,35.97,44.01,0,Wednesday,False
105688,2025-10-15,West,Apparel,Backpack,New,Online,2,60.14,0.0,3.57,120.28,0,Wednesday,False
105689,2025-10-15,North,Home & Kitchen,Vacuum Cleaner,Returning,In-Store,1,128.68,0.0,17.27,128.68,0,Wednesday,False
105690,2025-10-15,East,Beauty,Shampoo,New,In-Store,2,12.43,0.0,6.2,24.86,0,Wednesday,False
105691,2025-10-15,South,Home & Kitchen,Air Fryer,Loyalty,Marketplace,1,72.99,0.1,19.75,65.69,0,Wednesday,False
105692,2025-10-16,East,Home & Kitchen,Blender,Returning,Online,2,38.69,0.1,37.88,69.64,0,Thursday,False
105693,2025-10-16,South,Electronics,Bluetooth Speaker,New,Online,3,53.97,0.0,15.71,161.91,0,Thursday,False
105694,2025-10-16,North,Beauty,Face Serum,New,Online,2,34.64,0.0,23.84,69.28,0,Thursday,False
105695,2025-10-16,North,Home & Kitchen,Vacuum Cleaner,New,In-Store,2,131.44,0.15,40.81,223.45,0,Thursday,False
105696,2025-10-16,West,Electronics,Bluetooth Speaker,Returning,Online,4,66.46,0.0,1.89,265.84,0,Thursday,False
105697,2025-10-16,South,Beauty,Face Serum,Returning,In-Store,3,23.86,0.0,35.25,71.58,0,Thursday,False
105698,2025-10-16,East,Beauty,Shampoo,Loyalty,Online,4,12.45,0.15,35.58,42.33,0,Thursday,False
105699,2025-10-16,West,Electronics,Wireless Earbuds,Returning,Online,3,51.57,0.0,38.89,154.71,0,Thursday,False
105700,2025-10-16,West,Beauty,Moisturizer,Returning,Online,2,26.47,0.2,47.08,42.35,0,Thursday,False
105701,2025-10-16,East,Electronics,Smartphone Case,Returning,Online,2,14.61,0.15,12.44,24.84,0,Thursday,False
105702,2025-10-17,North,Electronics,Power Bank,Returning,Online,1,28.52,0.0,23.4,28.52,0,Friday,False
105703,2025-10-17,North,Home & Kitchen,Blender,Returning,Marketplace,3,43.45,0.0,20.59,130.35,0,Friday,False
105704,2025-10-17,North,Apparel,Running Shoes,New,Marketplace,3,77.26,0.0,9.03,231.78,0,Friday,False
105705,2025-10-17,East,Apparel,T-Shirt,New,In-Store,5,20.91,0.0,36.28,104.55,0,Friday,False
105706,2025-10-17,East,Beauty,Lipstick Set,New,Online,4,25.47,0.0,0.0,101.88,1,Friday,False
105707,2025-10-17,South,Apparel,Backpack,Returning,Online,5,48.27,0.0,40.78,241.35,0,Friday,False
105708,2025-10-17,South,Beauty,Face Serum,New,Marketplace,3,27.68,0.0,14.4,83.04,0,Friday,False
105709,2025-10-17,South,Beauty,Shampoo,Returning,Online,3,10.0,0.15,15.89,25.5,0,Friday,False
105710,2025-10-17,West,Home & Kitchen,Coffee Maker,New,In-Store,4,58.11,0.0,32.43,232.44,0,Friday,False
105712,2025-10-17,East,Apparel,T-Shirt,Returning,Online,5,19.63,0.0,35.59,98.15,0,Friday,False
105713,2025-10-17,East,Apparel,Backpack,Returning,Online,4,51.98,0.0,20.31,207.92,0,Friday,False
105714,2025-10-17,South,Beauty,Lipstick Set,New,Marketplace,2,23.2,0.0,34.1,46.4,0,Friday,False
105715,2025-10-17,East,Apparel,T-Shirt,Returning,Marketplace,5,18.09,0.0,47.15,90.45,0,Friday,False
105716,2025-10-17,North,Apparel,Jacket,Returning,Online,1,108.78,0.15,11.17,92.46,0,Friday,False
105717,2025-10-18,South,Beauty,Moisturizer,Returning,Online,5,18.73,0.1,29.69,84.29,0,Saturday,True
105718,2025-10-18,North,Home & Kitchen,Air Fryer,Loyalty,In-Store,2,90.01,0.0,16.6,180.02,0,Saturday,True
105719,2025-10-18,North,Electronics,Power Bank,Returning,Marketplace,5,28.91,0.0,12.96,144.55,0,Saturday,True
105720,2025-10-18,East,Apparel,Backpack,Loyalty,Marketplace,3,47.91,0.0,2.75,143.73,0,Saturday,True
105721,2025-10-18,North,Home & Kitchen,Coffee Maker,Loyalty,Online,2,62.91,0.0,13.55,125.82,0,Saturday,True
105722,2025-10-18,South,Electronics,Wireless Earbuds,New,In-Store,2,41.5,0.2,23.88,66.4,0,Saturday,True
105723,2025-10-18,East,Apparel,Jacket,Returning,Marketplace,2,90.19,0.0,39.81,180.38,0,Saturday,True
105724,2025-10-18,North,Electronics,Wireless Earbuds,Returning,Marketplace,1,50.58,0.0,43.62,50.58,0,Saturday,True
105726,2025-10-18,East,Beauty,Face Serum,New,Online,3,30.37,0.2,10.73,72.89,0,Saturday,True
105727,2025-10-18,North,Electronics,Bluetooth Speaker,Returning,Online,5,60.45,0.0,23.91,302.25,0,Saturday,True
105728,2025-10-18,East,Apparel,Running Shoes,New,In-Store,2,69.87,0.0,8.78,139.74,0,Saturday,True
105731,2025-10-18,North,Beauty,Shampoo,Returning,Marketplace,1,12.21,0.1,17.56,10.99,0,Saturday,True
105733,2025-10-19,South,Home & Kitchen,Blender,Returning,Online,2,38.83,0.0,3.3,77.66,0,Sunday,True
105734,2025-10-19,West,Beauty,Moisturizer,New,Online,4,24.86,0.0,39.02,99.44,0,Sunday,True
105735,2025-10-19,North,Beauty,Shampoo,Returning,Online,3,14.5,0.0,32.62,43.5,0,Sunday,True
105736,2025-10-19,West,Home & Kitchen,Coffee Maker,Returning,In-Store,4,64.07,0.0,15.19,256.28,0,Sunday,True
105737,2025-10-19,North,Apparel,Backpack,New,Marketplace,4,52.48,0.0,41.98,209.92,0,Sunday,True
105738,2025-10-19,South,Apparel,T-Shirt,New,Marketplace,2,19.62,0.0,37.34,39.24,0,Sunday,True
105739,2025-10-19,South,Electronics,Power Bank,Returning,Marketplace,2,21.2,0.0,28.3,42.4,0,Sunday,True
105740,2025-10-19,East,Apparel,T-Shirt,New,In-Store,1,19.2,0.0,13.26,19.2,0,Sunday,True
105741,2025-10-19,West,Home & Kitchen,Blender,Loyalty,Online,3,47.66,0.0,13.33,142.98,0,Sunday,True
105742,2025-10-19,East,Apparel,Running Shoes,New,Marketplace,2,63.64,0.0,29.12,127.28,0,Sunday,True
105743,2025-10-19,East,Apparel,Backpack,Returning,Marketplace,1,52.6,0.0,8.07,52.6,0,Sunday,True
105744,2025-10-20,North,Apparel,T-Shirt,Returning,Online,5,21.5,0.15,21.18,91.38,0,Monday,False
105745,2025-10-20,East,Home & Kitchen,Vacuum Cleaner,Returning,Online,1,131.01,0.0,14.07,131.01,0,Monday,False
105746,2025-10-20,North,Beauty,Lipstick Set,Loyalty,Online,3,27.4,0.0,13.39,82.2,0,Monday,False
105747,2025-10-20,South,Beauty,Lipstick Set,Returning,Online,4,23.02,0.0,45.01,92.08,0,Monday,False
105748,2025-10-20,West,Electronics,Power Bank,Returning,Online,3,28.05,0.0,48.18,84.15,0,Monday,False
105750,2025-10-20,East,Beauty,Face Serum,Loyalty,Marketplace,1,29.25,0.1,40.77,26.32,0,Monday,False
105751,2025-10-20,South,Beauty,Face Serum,Returning,Online,1,27.16,0.1,25.13,24.44,0,Monday,False
105752,2025-10-20,North,Home & Kitchen,Blender,Loyalty,Online,1,44.35,0.0,13.45,44.35,0,Monday,False
105753,2025-10-20,North,Apparel,Running Shoes,New,Online,5,79.67,0.0,34.9,398.35,0,Monday,False
105754,2025-10-21,South,Electronics,Smartphone Case,New,Online,2,13.23,0.0,18.13,26.46,0,Tuesday,False
105755,2025-10-21,North,Apparel,Jacket,Returning,Marketplace,3,98.43,0.0,14.84,295.29,0,Tuesday,False
105757,2025-10-21,East,Electronics,Power Bank,New,In-Store,2,24.02,0.0,47.26,48.04,0,Tuesday,False
105758,2025-10-21,North,Apparel,T-Shirt,Returning,Online,3,21.59,0.15,12.22,55.05,0,Tuesday,False
105759,2025-10-21,North,Home & Kitchen,Coffee Maker,Returning,Online,2,55.75,0.15,37.78,94.78,0,Tuesday,False
105760,2025-10-21,West,Apparel,Jacket,New,Online,2,104.73,0.0,33.94,209.46,0,Tuesday,False
105762,2025-10-21,East,Home & Kitchen,Air Fryer,Returning,Online,5,76.84,0.15,38.65,326.57,0,Tuesday,False
105763,2025-10-21,North,Beauty,Shampoo,Returning,Online,4,13.56,0.0,23.48,54.24,0,Tuesday,False
105764,2025-10-22,North,Electronics,Bluetooth Speaker,New,In-Store,5,64.83,0.0,24.32,324.15,0,Wednesday,False
105765,2025-10-22,West,Electronics,Wireless Earbuds,Returning,In-Store,4,51.2,0.0,24.52,204.8,0,Wednesday,False
105766,2025-10-22,North,Home & Kitchen,Air Fryer,New,Marketplace,4,84.86,0.0,44.16,339.44,0,Wednesday,False
105767,2025-10-22,South,Electronics,Wireless Earbuds,New,Online,5,40.64,0.1,49.25,182.88,0,Wednesday,False
105768,2025-10-23,East,Electronics,Smartphone Case,Returning,In-Store,1,14.22,0.15,44.14,12.09,0,Thursday,False
105769,2025-10-23,South,Home & Kitchen,Air Fryer,Returning,Marketplace,5,74.93,0.0,8.29,374.65,0,Thursday,False
105770,2025-10-23,West,Electronics,Power Bank,New,Online,3,28.64,0.15,46.2,73.03,0,Thursday,False
105771,2025-10-23,East,Beauty,Shampoo,New,Marketplace,2,11.95,0.0,24.54,23.9,0,Thursday,False
105772,2025-10-23,South,Electronics,Wireless Earbuds,Returning,Online,5,38.96,0.1,36.32,175.32,0,Thursday,False
105774,2025-10-23,South,Home & Kitchen,Blender,New,Online,4,35.89,0.0,26.67,143.56,0,Thursday,False
105775,2025-10-23,North,Apparel,Running Shoes,New,Online,4,70.71,0.0,21.32,282.84,0,Thursday,False
105776,2025-10-24,East,Beauty,Shampoo,New,Marketplace,1,11.15,0.0,12.08,11.15,0,Friday,False
105777,2025-10-24,East,Electronics,Smartphone Case,Loyalty,In-Store,3,14.62,0.0,33.96,43.86,0,Friday,False
105778,2025-10-24,East,Electronics,Power Bank,New,In-Store,5,25.45,0.0,10.82,127.25,0,Friday,False
105780,2025-10-24,East,Home & Kitchen,Air Fryer,Returning,Marketplace,3,75.98,0.0,10.99,227.94,0,Friday,False
105781,2025-10-24,North,Home & Kitchen,Air Fryer,Loyalty,In-Store,1,87.51,0.2,27.03,70.01,0,Friday,False
105782,2025-10-24,North,Electronics,Power Bank,Returning,Marketplace,4,27.64,0.0,9.42,110.56,0,Friday,False
105783,2025-10-24,South,Beauty,Face Serum,Loyalty,In-Store,3,25.63,0.0,30.97,76.89,0,Friday,False
105784,2025-10-24,North,Electronics,Wireless Earbuds,Loyalty,Online,1,47.33,0.1,39.36,42.6,0,Friday,False
105785,2025-10-25,South,Beauty,Shampoo,New,Online,3,11.1,0.2,0.61,26.64,0,Saturday,True
105786,2025-10-25,South,Electronics,Wireless Earbuds,New,In-Store,5,39.74,0.0,0.66,198.7,0,Saturday,True
105787,2025-10-25,North,Beauty,Shampoo,Loyalty,Online,5,14.38,0.0,1.96,71.9,0,Saturday,True
105788,2025-10-25,South,Home & Kitchen,Air Fryer,Returning,In-Store,2,68.99,0.0,5.18,137.98,0,Saturday,True
105789,2025-10-25,West,Beauty,Face Serum,Loyalty,Online,2,35.61,0.15,29.0,60.54,0,Saturday,True
105790,2025-10-25,South,Home & Kitchen,Air Fryer,New,In-Store,3,74.85,0.1,5.99,202.1,0,Saturday,True
105791,2025-10-25,North,Electronics,Power Bank,Loyalty,Online,2,26.81,0.15,32.59,45.58,0,Saturday,True
105792,2025-10-25,East,Apparel,T-Shirt,Returning,Online,3,21.05,0.1,42.24,56.84,0,Saturday,True
105793,2025-10-25,North,Beauty,Face Serum,Returning,Marketplace,2,32.48,0.0,17.08,64.96,0,Saturday,True
105794,2025-10-25,West,Apparel,Running Shoes,Returning,Online,2,76.34,0.0,5.23,152.68,0,Saturday,True
105795,2025-10-25,South,Apparel,Running Shoes,Returning,Marketplace,3,66.8,0.15,46.92,170.34,0,Saturday,True
105796,2025-10-25,East,Electronics,Bluetooth Speaker,New,In-Store,2,62.46,0.0,15.72,124.92,0,Saturday,True
105797,2025-10-25,East,Home & Kitchen,Blender,Returning,In-Store,4,37.99,0.2,13.69,121.57,0,Saturday,True
105798,2025-10-25,West,Apparel,Running Shoes,Returning,Marketplace,4,84.92,0.0,9.07,339.68,0,Saturday,True
105799,2025-10-26,West,Electronics,Wireless Earbuds,Returning,In-Store,3,51.68,0.0,0.52,155.04,0,Sunday,True
105800,2025-10-26,West,Apparel,Running Shoes,Returning,In-Store,2,83.32,0.0,36.75,166.64,0,Sunday,True
105801,2025-10-26,North,Beauty,Lipstick Set,New,In-Store,2,28.66,0.15,35.44,389.76,0,Sunday,True
105802,2025-10-26,North,Home & Kitchen,Vacuum Cleaner,Returning,Online,1,145.86,0.2,13.45,116.69,0,Sunday,True
105803,2025-10-26,North,Beauty,Moisturizer,Loyalty,Online,5,23.66,0.0,22.45,118.3,0,Sunday,True
105804,2025-10-26,South,Beauty,Shampoo,Loyalty,Online,4,11.08,0.0,11.04,44.32,0,Sunday,True
105805,2025-10-26,West,Home & Kitchen,Coffee Maker,New,Marketplace,5,65.18,0.15,28.86,277.02,0,Sunday,True
105806,2025-10-26,North,Beauty,Face Serum,Loyalty,Online,4,33.55,0.1,40.55,120.78,0,Sunday,True
105807,2025-10-26,North,Electronics,Bluetooth Speaker,Returning,Marketplace,3,66.1,0.0,49.56,198.3,0,Sunday,True
105808,2025-10-26,East,Electronics,Power Bank,New,Online,5,24.71,0.0,12.24,123.55,0,Sunday,True
105809,2025-10-26,North,Home & Kitchen,Coffee Maker,Returning,Online,5,68.07,0.15,34.0,289.3,0,Sunday,True
105810,2025-10-26,North,Apparel,T-Shirt,Loyalty,Online,3,22.41,0.1,15.29,60.51,0,Sunday,True
105811,2025-10-27,East,Home & Kitchen,Blender,New,In-Store,2,40.64,0.1,41.75,73.15,0,Monday,False
105812,2025-10-27,North,Apparel,T-Shirt,Loyalty,In-Store,5,22.13,0.0,2.23,110.65,0,Monday,False
105813,2025-10-27,South,Electronics,Wireless Earbuds,New,Marketplace,2,41.74,0.15,35.5,70.96,0,Monday,False
105814,2025-10-27,North,Beauty,Shampoo,Loyalty,Marketplace,1,13.33,0.0,35.67,13.33,0,Monday,False
105815,2025-10-27,North,Electronics,Bluetooth Speaker,Loyalty,In-Store,3,63.71,0.15,19.46,162.46,0,Monday,False
105816,2025-10-27,East,Beauty,Moisturizer,Loyalty,Marketplace,2,19.74,0.0,11.5,39.48,0,Monday,False
105817,2025-10-27,North,Apparel,Jacket,New,In-Store,2,107.55,0.0,24.65,215.1,0,Monday,False
105818,2025-10-27,West,Apparel,Backpack,New,Marketplace,5,52.35,0.0,43.13,261.75,0,Monday,False
105819,2025-10-27,North,Beauty,Lipstick Set,New,Marketplace,2,29.72,0.0,17.27,59.44,0,Monday,False
105820,2025-10-28,North,Beauty,Shampoo,Returning,Online,5,14.06,0.0,26.21,70.3,0,Tuesday,False
105821,2025-10-28,North,Home & Kitchen,Air Fryer,New,Online,4,89.69,0.15,15.77,304.95,0,Tuesday,False
105822,2025-10-28,East,Home & Kitchen,Air Fryer,Returning,In-Store,4,91.1,0.2,3.28,291.52,0,Tuesday,False
105823,2025-10-28,East,Beauty,Moisturizer,Returning,Online,3,19.68,0.0,3.56,59.04,0,Tuesday,False
105824,2025-10-28,North,Home & Kitchen,Air Fryer,Returning,In-Store,4,89.88,0.15,7.75,305.59,0,Tuesday,False
105825,2025-10-28,West,Apparel,Running Shoes,Returning,Marketplace,2,79.55,0.0,6.36,159.1,0,Tuesday,False
105826,2025-10-28,East,Apparel,Jacket,Loyalty,Online,2,80.19,0.0,9.06,160.38,0,Tuesday,False
105827,2025-10-28,North,Electronics,Bluetooth Speaker,Loyalty,Online,2,64.61,0.0,34.53,129.22,0,Tuesday,False
105828,2025-10-29,South,Apparel,T-Shirt,Returning,Marketplace,3,18.34,0.0,29.81,55.02,0,Wednesday,False
105829,2025-10-29,East,Apparel,Running Shoes,Loyalty,Online,1,71.63,0.15,45.83,60.89,0,Wednesday,False
105830,2025-10-29,North,Apparel,Jacket,Returning,Marketplace,2,99.37,0.1,23.03,178.87,0,Wednesday,False
105831,2025-10-29,North,Home & Kitchen,Vacuum Cleaner,Returning,Online,2,139.35,0.0,17.48,278.7,0,Wednesday,False
105832,2025-10-29,East,Home & Kitchen,Blender,Loyalty,Marketplace,1,41.9,0.0,5.28,41.9,0,Wednesday,False
105833,2025-10-30,North,Home & Kitchen,Air Fryer,Returning,Online,1,85.5,0.0,11.87,85.5,0,Thursday,False
105834,2025-10-30,North,Apparel,Jacket,New,Marketplace,2,99.13,0.0,11.01,198.26,0,Thursday,False
105835,2025-10-30,West,Electronics,Power Bank,New,In-Store,2,29.6,0.0,42.68,59.2,0,Thursday,False
105836,2025-10-30,South,Beauty,Shampoo,Loyalty,Online,3,9.41,0.0,38.89,28.23,0,Thursday,False
105837,2025-10-30,East,Electronics,Smartphone Case,New,In-Store,2,15.43,0.0,34.72,30.86,0,Thursday,False
105838,2025-10-31,East,Electronics,Wireless Earbuds,Returning,Online,4,46.4,0.0,1.61,185.6,0,Friday,False
105839,2025-10-31,West,Apparel,T-Shirt,Returning,In-Store,2,23.66,0.0,5.47,47.32,0,Friday,False
105840,2025-10-31,East,Home & Kitchen,Air Fryer,Loyalty,Online,1,80.64,0.0,3.36,80.64,0,Friday,False
105841,2025-10-31,North,Beauty,Face Serum,New,Marketplace,5,36.26,0.0,17.13,181.3,0,Friday,False
105842,2025-10-31,North,Electronics,Wireless Earbuds,Returning,Marketplace,1,49.03,0.0,39.3,49.03,0,Friday,False
105843,2025-10-31,East,Apparel,Jacket,Loyalty,Marketplace,3,88.83,0.0,20.08,266.49,0,Friday,False
105844,2025-10-31,East,Electronics,Wireless Earbuds,New,In-Store,4,47.8,0.0,13.36,191.2,0,Friday,False
105845,2025-10-31,East,Electronics,Power Bank,Loyalty,Marketplace,5,25.68,0.0,8.34,128.4,0,Friday,False
105846,2025-11-01,West,Apparel,Running Shoes,Returning,Marketplace,2,80.83,0.1,55.21,145.49,0,Saturday,True
105847,2025-11-01,East,Apparel,Backpack,New,Online,3,49.56,0.0,37.93,148.68,0,Saturday,True
105848,2025-11-01,South,Home & Kitchen,Blender,Loyalty,Online,1,35.52,0.0,40.53,35.52,0,Saturday,True
105849,2025-11-01,North,Beauty,Moisturizer,New,Marketplace,5,23.95,0.0,20.01,119.75,0,Saturday,True
105850,2025-11-01,West,Electronics,Wireless Earbuds,New,Online,1,47.21,0.0,43.6,47.21,0,Saturday,True
105851,2025-11-01,West,Electronics,Power Bank,New,Online,4,27.69,0.0,30.73,110.76,0,Saturday,True
105852,2025-11-01,South,Electronics,Wireless Earbuds,New,Online,5,38.27,0.0,55.74,191.35,0,Saturday,True
105853,2025-11-01,North,Beauty,Shampoo,Loyalty,In-Store,4,13.32,0.1,34.67,47.95,0,Saturday,True
105854,2025-11-01,West,Electronics,Bluetooth Speaker,New,Online,1,66.57,0.0,43.61,66.57,0,Saturday,True
105855,2025-11-01,East,Electronics,Wireless Earbuds,Returning,In-Store,4,48.54,0.1,32.25,174.74,0,Saturday,True
105856,2025-11-01,East,Apparel,T-Shirt,Loyalty,Marketplace,1,19.62,0.1,67.64,17.66,0,Saturday,True
105857,2025-11-01,East,Beauty,Face Serum,Returning,In-Store,5,28.65,0.0,10.58,143.25,0,Saturday,True
105858,2025-11-01,West,Home & Kitchen,Vacuum Cleaner,Loyalty,In-Store,2,144.18,0.2,25.31,230.69,0,Saturday,True
105859,2025-11-01,North,Beauty,Moisturizer,Loyalty,Marketplace,2,24.0,0.0,51.79,48.0,0,Saturday,True
105860,2025-11-01,South,Home & Kitchen,Air Fryer,New,Online,4,61.75,0.0,47.86,247.0,0,Saturday,True
105861,2025-11-01,South,Home & Kitchen,Vacuum Cleaner,New,Online,1,106.17,0.0,8.81,106.17,0,Saturday,True
105862,2025-11-01,South,Electronics,Power Bank,Loyalty,In-Store,3,22.45,0.0,38.43,67.35,0,Saturday,True
105863,2025-11-01,East,Home & Kitchen,Blender,New,Online,5,38.02,0.0,62.18,190.1,0,Saturday,True
105864,2025-11-01,South,Home & Kitchen,Vacuum Cleaner,New,Online,3,105.34,0.0,43.71,316.02,0,Saturday,True
105867,2025-11-02,North,Apparel,Backpack,New,Online,4,56.72,0.0,14.5,226.88,0,Sunday,True
105868,2025-11-02,South,Home & Kitchen,Coffee Maker,Returning,Online,2,51.19,0.0,23.62,102.38,0,Sunday,True
105869,2025-11-02,West,Apparel,T-Shirt,Loyalty,Online,3,22.91,0.0,49.72,68.73,0,Sunday,True
105871,2025-11-02,North,Electronics,Power Bank,Returning,Online,5,29.89,0.0,69.43,149.45,0,Sunday,True
105872,2025-11-02,North,Apparel,Jacket,Returning,Online,3,100.04,0.0,38.87,300.12,0,Sunday,True
105873,2025-11-02,North,Beauty,Moisturizer,New,In-Store,3,20.99,0.1,57.79,56.67,0,Sunday,True
105874,2025-11-02,North,Home & Kitchen,Coffee Maker,Returning,Online,5,60.67,0.0,51.5,303.35,0,Sunday,True
105875,2025-11-02,East,Beauty,Moisturizer,Returning,Marketplace,1,23.86,0.0,42.23,23.86,0,Sunday,True
105876,2025-11-02,North,Home & Kitchen,Vacuum Cleaner,Returning,Online,1,125.25,0.0,0.0,125.25,1,Sunday,True
105877,2025-11-02,North,Electronics,Power Bank,New,Marketplace,2,27.5,0.0,48.02,55.0,0,Sunday,True
105878,2025-11-02,North,Electronics,Wireless Earbuds,Returning,Online,5,50.48,0.0,38.64,252.4,0,Sunday,True
105879,2025-11-02,South,Beauty,Face Serum,New,Marketplace,2,26.0,0.0,17.11,52.0,0,Sunday,True
105880,2025-11-02,West,Home & Kitchen,Blender,Loyalty,Marketplace,1,45.79,0.0,26.12,45.79,0,Sunday,True
105881,2025-11-02,West,Electronics,Power Bank,Returning,Marketplace,2,30.41,0.0,55.07,60.82,0,Sunday,True
105882,2025-11-02,South,Apparel,Jacket,Returning,Marketplace,5,79.66,0.0,17.48,398.3,0,Sunday,True
105883,2025-11-02,West,Beauty,Lipstick Set,Returning,Online,4,29.36,0.0,23.53,117.44,0,Sunday,True
105884,2025-11-02,East,Electronics,Wireless Earbuds,New,In-Store,1,42.53,0.15,12.46,36.15,0,Sunday,True
105885,2025-11-03,South,Electronics,Smartphone Case,New,Marketplace,1,13.04,0.0,42.98,13.04,0,Monday,False
105886,2025-11-03,South,Beauty,Lipstick Set,Returning,Online,4,22.02,0.0,12.83,88.08,0,Monday,False
105887,2025-11-03,North,Home & Kitchen,Blender,Loyalty,Online,4,43.08,0.15,20.47,146.47,0,Monday,False
105888,2025-11-03,South,Electronics,Power Bank,Returning,Online,5,24.46,0.0,60.78,122.3,0,Monday,False
105889,2025-11-03,West,Apparel,Backpack,Loyalty,In-Store,3,55.83,0.0,66.47,167.49,0,Monday,False
105890,2025-11-03,West,Electronics,Bluetooth Speaker,Loyalty,In-Store,3,63.55,0.0,53.59,190.65,0,Monday,False
105891,2025-11-03,South,Electronics,Power Bank,Loyalty,In-Store,1,21.68,0.0,9.72,21.68,0,Monday,False
105892,2025-11-03,North,Electronics,Bluetooth Speaker,New,Online,5,62.72,0.0,28.72,313.6,0,Monday,False
105893,2025-11-03,South,Beauty,Face Serum,Returning,In-Store,1,30.14,0.0,39.91,30.14,0,Monday,False
105894,2025-11-03,West,Electronics,Power Bank,Returning,Marketplace,5,31.68,0.0,52.68,158.4,0,Monday,False
105895,2025-11-03,North,Electronics,Bluetooth Speaker,Returning,Marketplace,1,66.56,0.0,12.41,66.56,0,Monday,False
105896,2025-11-03,East,Beauty,Moisturizer,New,In-Store,1,22.19,0.0,0.0,22.19,1,Monday,False
105897,2025-11-03,East,Electronics,Wireless Earbuds,New,Online,5,45.66,0.2,39.7,182.64,0,Monday,False
105898,2025-11-04,North,Beauty,Moisturizer,Returning,Marketplace,4,24.48,0.15,16.34,83.23,0,Tuesday,False
105899,2025-11-04,South,Beauty,Moisturizer,Loyalty,Online,2,19.55,0.0,8.73,39.1,0,Tuesday,False
105900,2025-11-04,South,Apparel,Running Shoes,Loyalty,In-Store,5,61.07,0.0,37.53,305.35,0,Tuesday,False
105901,2025-11-04,West,Electronics,Wireless Earbuds,New,Online,3,48.93,0.15,58.62,124.77,0,Tuesday,False
105903,2025-11-04,North,Beauty,Face Serum,New,Online,1,32.69,0.0,40.28,32.69,0,Tuesday,False
105904,2025-11-04,West,Beauty,Shampoo,Loyalty,In-Store,1,12.82,0.0,68.22,12.82,0,Tuesday,False
105905,2025-11-04,North,Beauty,Moisturizer,Returning,Marketplace,4,20.78,0.0,39.22,83.12,0,Tuesday,False
105906,2025-11-04,North,Electronics,Power Bank,Loyalty,Marketplace,2,28.45,0.0,0.44,56.9,0,Tuesday,False
105907,2025-11-04,North,Beauty,Shampoo,New,Marketplace,4,13.05,0.0,50.95,52.2,0,Tuesday,False
105908,2025-11-05,East,Beauty,Lipstick Set,Loyalty,Online,3,22.88,0.0,58.56,68.64,0,Wednesday,False
105909,2025-11-05,West,Electronics,Smartphone Case,New,Online,1,18.07,0.0,63.43,18.07,0,Wednesday,False
105910,2025-11-05,East,Home & Kitchen,Coffee Maker,New,In-Store,4,53.61,0.0,4.32,214.44,0,Wednesday,False
105911,2025-11-05,East,Beauty,Moisturizer,New,Online,1,21.1,0.2,61.92,16.88,0,Wednesday,False
105912,2025-11-05,North,Home & Kitchen,Air Fryer,Returning,Online,1,82.01,0.0,68.52,82.01,0,Wednesday,False
105913,2025-11-05,East,Electronics,Smartphone Case,Loyalty,Marketplace,4,14.05,0.0,25.41,56.2,0,Wednesday,False
105914,2025-11-05,East,Beauty,Moisturizer,Returning,Marketplace,1,23.76,0.0,25.77,23.76,0,Wednesday,False
105915,2025-11-05,East,Electronics,Bluetooth Speaker,Loyalty,Marketplace,3,57.49,0.0,26.63,172.47,0,Wednesday,False
105916,2025-11-05,East,Electronics,Smartphone Case,Returning,Marketplace,2,14.63,0.0,68.49,29.26,0,Wednesday,False
105917,2025-11-06,North,Apparel,Backpack,New,Online,4,55.48,0.0,54.51,221.92,0,Thursday,False
105918,2025-11-06,West,Home & Kitchen,Blender,Returning,Marketplace,1,48.11,0.0,19.58,48.11,0,Thursday,False
105919,2025-11-06,South,Electronics,Bluetooth Speaker,New,Marketplace,4,50.7,0.0,38.27,202.8,0,Thursday,False
105920,2025-11-06,East,Beauty,Face Serum,New,Online,2,30.92,0.0,43.7,61.84,0,Thursday,False
105921,2025-11-06,North,Beauty,Face Serum,Returning,Marketplace,1,34.19,0.15,40.47,29.06,0,Thursday,False
105922,2025-11-06,South,Beauty,Moisturizer,Loyalty,Marketplace,1,21.11,0.0,4.96,21.11,0,Thursday,False
105923,2025-11-06,East,Home & Kitchen,Vacuum Cleaner,New,Online,2,120.59,0.0,68.75,241.18,0,Thursday,False
105924,2025-11-07,North,Apparel,T-Shirt,Loyalty,Marketplace,4,22.24,0.1,39.43,80.06,0,Friday,False
105925,2025-11-07,East,Beauty,Face Serum,New,Online,3,29.75,0.0,68.25,89.25,0,Friday,False
105926,2025-11-07,North,Home & Kitchen,Coffee Maker,New,Online,4,62.32,0.0,38.5,249.28,0,Friday,False
105927,2025-11-07,South,Apparel,Jacket,New,Online,2,83.36,0.0,24.36,166.72,0,Friday,False
105928,2025-11-07,South,Beauty,Lipstick Set,Returning,In-Store,4,21.58,0.0,56.8,86.32,0,Friday,False
105929,2025-11-07,West,Apparel,T-Shirt,New,In-Store,1,23.84,0.0,27.87,23.84,0,Friday,False
105930,2025-11-07,North,Electronics,Power Bank,Returning,In-Store,5,28.07,0.0,48.81,140.35,0,Friday,False
105931,2025-11-07,East,Apparel,Backpack,Returning,Online,4,52.59,0.0,17.04,210.36,0,Friday,False
105932,2025-11-07,West,Electronics,Bluetooth Speaker,New,In-Store,3,68.74,0.0,16.29,206.22,0,Friday,False
105933,2025-11-07,North,Beauty,Moisturizer,Returning,Online,1,23.34,0.1,17.02,21.01,0,Friday,False
105934,2025-11-07,North,Beauty,Lipstick Set,Returning,Online,3,24.76,0.2,18.44,59.42,0,Friday,False
105935,2025-11-08,North,Beauty,Moisturizer,New,Marketplace,1,26.87,0.0,0.0,26.87,1,Saturday,True
105936,2025-11-08,North,Apparel,Jacket,Loyalty,Online,1,97.11,0.15,2.34,82.54,0,Saturday,True
105937,2025-11-08,East,Beauty,Shampoo,New,In-Store,1,11.33,0.0,4.89,11.33,0,Saturday,True
105938,2025-11-08,North,Home & Kitchen,Coffee Maker,Returning,Online,2,62.14,0.0,23.23,124.28,0,Saturday,True
105939,2025-11-08,South,Home & Kitchen,Coffee Maker,New,Online,4,47.51,0.0,52.65,190.04,0,Saturday,True
105940,2025-11-08,South,Beauty,Lipstick Set,Returning,In-Store,1,20.76,0.0,23.54,20.76,0,Saturday,True
105941,2025-11-08,South,Beauty,Shampoo,Loyalty,Online,4,11.26,0.0,47.3,45.04,0,Saturday,True
105943,2025-11-08,East,Beauty,Face Serum,Loyalty,Online,3,27.8,0.15,10.31,70.89,0,Saturday,True
105944,2025-11-09,North,Home & Kitchen,Air Fryer,New,Marketplace,2,86.78,0.0,61.01,173.56,0,Sunday,True
105945,2025-11-09,West,Apparel,Running Shoes,New,Marketplace,4,73.82,0.0,55.08,295.28,0,Sunday,True
105946,2025-11-09,West,Home & Kitchen,Blender,New,Online,2,46.08,0.1,55.46,82.94,0,Sunday,True
105947,2025-11-09,West,Electronics,Bluetooth Speaker,Returning,Online,2,74.31,0.15,23.62,126.33,0,Sunday,True
105948,2025-11-09,South,Apparel,Jacket,New,In-Store,2,84.39,0.1,40.65,151.9,0,Sunday,True
105949,2025-11-09,North,Beauty,Lipstick Set,New,In-Store,2,26.84,0.0,64.42,53.68,0,Sunday,True
105950,2025-11-09,South,Home & Kitchen,Coffee Maker,Returning,Online,5,52.65,0.0,30.58,263.25,0,Sunday,True
105951,2025-11-09,East,Electronics,Wireless Earbuds,Returning,Marketplace,1,49.32,0.0,44.66,49.32,0,Sunday,True
105952,2025-11-09,East,Apparel,Running Shoes,New,In-Store,4,71.43,0.0,5.97,285.72,0,Sunday,True
105953,2025-11-09,South,Apparel,Jacket,Returning,Marketplace,1,81.55,0.0,16.71,81.55,0,Sunday,True
105954,2025-11-09,South,Home & Kitchen,Coffee Maker,Returning,In-Store,3,52.59,0.0,64.92,157.77,0,Sunday,True
105955,2025-11-09,East,Beauty,Face Serum,New,Online,5,30.24,0.1,42.7,136.08,0,Sunday,True
105956,2025-11-09,East,Home & Kitchen,Blender,New,Marketplace,3,41.87,0.0,28.74,125.61,0,Sunday,True
105958,2025-11-09,North,Electronics,Smartphone Case,Returning,Online,5,14.76,0.0,0.0,73.8,1,Sunday,True
105959,2025-11-09,East,Beauty,Lipstick Set,New,In-Store,4,25.21,0.0,2.5,100.84,0,Sunday,True
105960,2025-11-09,North,Electronics,Power Bank,Loyalty,Online,2,28.39,0.0,50.66,56.78,0,Sunday,True
105961,2025-11-10,North,Home & Kitchen,Blender,New,Online,3,46.94,0.0,65.27,140.82,0,Monday,False
105962,2025-11-10,East,Electronics,Wireless Earbuds,Returning,In-Store,2,46.63,0.0,53.22,93.26,0,Monday,False
105963,2025-11-10,East,Electronics,Wireless Earbuds,Returning,In-Store,4,44.49,0.1,57.05,160.16,0,Monday,False
105964,2025-11-10,East,Home & Kitchen,Air Fryer,Loyalty,Online,4,78.52,0.0,45.65,314.08,0,Monday,False
105965,2025-11-10,East,Apparel,Running Shoes,Loyalty,Online,2,66.39,0.0,67.11,132.78,0,Monday,False
105966,2025-11-10,South,Apparel,T-Shirt,Returning,Online,1,17.48,0.0,14.44,17.48,0,Monday,False
105967,2025-11-10,West,Apparel,Backpack,Returning,In-Store,4,53.22,0.0,39.57,212.88,0,Monday,False
105968,2025-11-10,North,Electronics,Bluetooth Speaker,New,Online,1,69.13,0.0,26.76,69.13,0,Monday,False
105969,2025-11-10,North,Apparel,Backpack,New,Online,5,52.95,0.0,1.77,264.75,0,Monday,False
105970,2025-11-11,West,Electronics,Smartphone Case,Returning,In-Store,5,16.28,0.0,16.74,81.4,0,Tuesday,False
105971,2025-11-11,North,Beauty,Shampoo,Returning,Online,4,13.41,0.0,13.5,53.64,0,Tuesday,False
105972,2025-11-11,West,Electronics,Smartphone Case,New,Online,5,18.96,0.1,2.49,85.32,0,Tuesday,False
105973,2025-11-11,South,Beauty,Lipstick Set,Returning,Online,5,22.53,0.1,34.13,101.38,0,Tuesday,False
105974,2025-11-11,North,Beauty,Moisturizer,Returning,Marketplace,3,24.74,0.0,21.36,74.22,0,Tuesday,False
105975,2025-11-11,East,Electronics,Power Bank,Returning,Online,4,25.04,0.0,50.57,100.16,0,Tuesday,False
105976,2025-11-11,East,Home & Kitchen,Coffee Maker,Returning,In-Store,4,55.72,0.0,10.5,222.88,0,Tuesday,False
105977,2025-11-11,East,Electronics,Bluetooth Speaker,Returning,In-Store,4,57.44,0.0,40.88,229.76,0,Tuesday,False
105978,2025-11-11,South,Home & Kitchen,Air Fryer,Loyalty,Online,4,65.95,0.0,25.51,263.8,0,Tuesday,False
105979,2025-11-11,East,Electronics,Wireless Earbuds,Returning,Online,5,44.65,0.0,50.63,223.25,0,Tuesday,False
105980,2025-11-11,South,Electronics,Smartphone Case,Loyalty,In-Store,2,12.68,0.0,35.26,25.36,0,Tuesday,False
105981,2025-11-11,West,Apparel,Running Shoes,Returning,Online,4,77.2,0.0,63.1,308.8,0,Tuesday,False
105982,2025-11-12,South,Apparel,Running Shoes,New,In-Store,1,69.82,0.0,0.0,69.82,1,Wednesday,False
105983,2025-11-12,East,Home & Kitchen,Blender,Returning,Online,1,38.83,0.0,56.62,38.83,0,Wednesday,False
105984,2025-11-12,East,Apparel,Backpack,New,Online,5,50.68,0.0,14.54,253.4,0,Wednesday,False
105985,2025-11-12,East,Apparel,T-Shirt,Returning,Marketplace,4,19.2,0.0,53.68,76.8,0,Wednesday,False
105987,2025-11-12,North,Beauty,Face Serum,Returning,Online,3,32.6,0.0,69.34,97.8,0,Wednesday,False
105988,2025-11-12,South,Apparel,Running Shoes,Loyalty,Online,1,58.42,0.0,7.6,58.42,0,Wednesday,False
105989,2025-11-12,East,Beauty,Face Serum,Loyalty,Online,5,29.25,0.0,29.19,146.25,0,Wednesday,False
105990,2025-11-12,South,Electronics,Smartphone Case,New,Marketplace,5,12.63,0.0,57.89,63.15,0,Wednesday,False
105991,2025-11-12,South,Apparel,T-Shirt,Returning,Marketplace,3,19.95,0.0,69.49,59.85,0,Wednesday,False
105992,2025-11-12,North,Electronics,Power Bank,New,Online,1,27.78,0.0,47.57,27.78,0,Wednesday,False
105993,2025-11-12,East,Beauty,Moisturizer,New,Online,1,21.55,0.0,48.49,21.55,0,Wednesday,False
105994,2025-11-13,West,Apparel,Running Shoes,Loyalty,Online,4,80.51,0.0,38.76,322.04,0,Thursday,False
105995,2025-11-13,East,Apparel,Backpack,New,Online,1,49.37,0.0,35.91,49.37,0,Thursday,False
105996,2025-11-13,East,Electronics,Power Bank,Loyalty,In-Store,2,23.3,0.0,60.32,46.6,0,Thursday,False
105997,2025-11-13,East,Home & Kitchen,Blender,Loyalty,Online,5,40.36,0.0,1.58,201.8,0,Thursday,False
105998,2025-11-13,South,Beauty,Moisturizer,Returning,In-Store,5,18.88,0.2,2.69,75.52,0,Thursday,False
105999,2025-11-13,South,Beauty,Shampoo,Returning,In-Store,5,10.27,0.2,52.9,41.08,0,Thursday,False
106000,2025-11-13,West,Apparel,Jacket,Returning,Online,1,98.09,0.0,37.32,98.09,0,Thursday,False
106001,2025-11-13,North,Home & Kitchen,Blender,Loyalty,Online,1,40.92,0.15,17.9,34.78,0,Thursday,False
106002,2025-11-13,South,Electronics,Wireless Earbuds,New,Online,2,38.81,0.0,67.48,77.62,0,Thursday,False
106003,2025-11-13,South,Home & Kitchen,Blender,New,In-Store,3,35.27,0.0,32.09,105.81,0,Thursday,False
106005,2025-11-13,South,Beauty,Face Serum,Loyalty,Marketplace,1,27.41,0.1,30.34,24.67,0,Thursday,False
106006,2025-11-13,East,Beauty,Lipstick Set,Returning,Marketplace,4,24.53,0.0,7.65,98.12,0,Thursday,False
106007,2025-11-13,North,Beauty,Shampoo,Returning,Marketplace,4,12.86,0.0,59.22,51.44,0,Thursday,False
106008,2025-11-13,East,Apparel,Backpack,Loyalty,Online,2,50.48,0.0,45.64,100.96,0,Thursday,False
106009,2025-11-13,East,Beauty,Lipstick Set,New,In-Store,2,26.0,0.0,42.13,52.0,0,Thursday,False
106010,2025-11-13,North,Beauty,Face Serum,Loyalty,Online,3,34.35,0.0,25.59,103.05,0,Thursday,False
106011,2025-11-13,East,Home & Kitchen,Coffee Maker,Returning,Online,5,50.99,0.0,62.92,254.95,0,Thursday,False
106012,2025-11-13,East,Beauty,Shampoo,Loyalty,Online,1,11.82,0.15,48.68,10.05,0,Thursday,False
106013,2025-11-13,South,Home & Kitchen,Blender,Returning,In-Store,1,34.58,0.0,42.96,34.58,0,Thursday,False
106014,2025-11-13,South,Electronics,Wireless Earbuds,Returning,Online,4,40.49,0.0,24.08,161.96,0,Thursday,False
106015,2025-11-14,South,Electronics,Smartphone Case,Returning,Marketplace,1,12.41,0.0,19.82,12.41,0,Friday,False
106016,2025-11-14,South,Beauty,Shampoo,Returning,Online,1,11.05,0.0,59.22,11.05,0,Friday,False
106017,2025-11-14,West,Electronics,Wireless Earbuds,Loyalty,Online,2,52.45,0.0,34.56,104.9,0,Friday,False
106018,2025-11-14,South,Home & Kitchen,Coffee Maker,Loyalty,Online,1,45.8,0.0,33.29,45.8,0,Friday,False
106019,2025-11-14,South,Electronics,Bluetooth Speaker,New,Online,5,47.91,0.0,0.34,239.55,0,Friday,False
106020,2025-11-14,South,Apparel,Jacket,Returning,Online,3,79.69,0.0,0.07,239.07,0,Friday,False
106021,2025-11-14,South,Home & Kitchen,Coffee Maker,New,In-Store,2,51.22,0.0,48.87,102.44,0,Friday,False
106022,2025-11-14,South,Apparel,Jacket,New,Online,4,81.77,0.0,43.81,327.08,0,Friday,False
106023,2025-11-14,South,Beauty,Face Serum,Returning,Online,2,28.62,0.0,34.53,57.24,0,Friday,False
106024,2025-11-14,East,Electronics,Wireless Earbuds,Returning,Online,4,47.74,0.0,52.9,190.96,0,Friday,False
106025,2025-11-14,North,Home & Kitchen,Blender,Returning,Online,1,43.06,0.0,18.6,43.06,0,Friday,False
106026,2025-11-14,West,Electronics,Wireless Earbuds,Returning,Online,1,53.48,0.0,57.42,53.48,0,Friday,False
106027,2025-11-15,South,Beauty,Face Serum,Returning,Online,2,27.16,0.0,63.15,54.32,0,Saturday,True
106028,2025-11-15,East,Apparel,Jacket,Returning,Marketplace,2,82.48,0.0,25.42,164.96,0,Saturday,True
106029,2025-11-15,South,Beauty,Face Serum,Returning,Online,5,27.29,0.0,18.36,136.45,0,Saturday,True
106030,2025-11-15,South,Beauty,Shampoo,Loyalty,Online,2,10.66,0.0,29.28,21.32,0,Saturday,True
106031,2025-11-15,South,Home & Kitchen,Vacuum Cleaner,New,Online,2,115.39,0.0,11.11,230.78,0,Saturday,True
106032,2025-11-15,North,Home & Kitchen,Blender,Returning,Online,5,42.05,0.0,19.01,210.25,0,Saturday,True
106033,2025-11-15,East,Home & Kitchen,Blender,Returning,Online,4,38.19,0.0,55.8,152.76,0,Saturday,True
106034,2025-11-15,South,Apparel,Backpack,New,Online,2,44.0,0.0,32.47,88.0,0,Saturday,True
106035,2025-11-15,South,Apparel,T-Shirt,Loyalty,Online,3,16.96,0.0,28.08,50.88,0,Saturday,True
106036,2025-11-15,West,Home & Kitchen,Air Fryer,New,In-Store,4,92.73,0.0,20.24,370.92,0,Saturday,True
106037,2025-11-15,South,Electronics,Bluetooth Speaker,New,Online,1,54.37,0.0,15.12,54.37,0,Saturday,True
106038,2025-11-15,East,Beauty,Moisturizer,Loyalty,Marketplace,4,22.82,0.0,46.21,91.28,0,Saturday,True
106039,2025-11-16,West,Home & Kitchen,Blender,Loyalty,In-Store,3,45.86,0.0,43.99,137.58,0,Sunday,True
106040,2025-11-16,North,Home & Kitchen,Vacuum Cleaner,Returning,Online,1,139.83,0.0,40.02,139.83,0,Sunday,True
106041,2025-11-16,East,Electronics,Smartphone Case,Loyalty,Marketplace,5,14.22,0.0,38.37,71.1,0,Sunday,True
106042,2025-11-16,West,Electronics,Power Bank,Returning,In-Store,2,28.4,0.2,53.69,45.44,0,Sunday,True
106043,2025-11-16,South,Apparel,Running Shoes,New,Online,1,63.08,0.1,10.09,56.77,0,Sunday,True
106044,2025-11-16,West,Beauty,Lipstick Set,Loyalty,Online,2,30.75,0.2,38.22,49.2,0,Sunday,True
106045,2025-11-16,East,Beauty,Moisturizer,New,Online,1,23.18,0.0,15.48,23.18,0,Sunday,True
106046,2025-11-16,South,Electronics,Wireless Earbuds,Returning,In-Store,1,36.28,0.0,68.97,36.28,0,Sunday,True
106047,2025-11-16,North,Electronics,Bluetooth Speaker,New,In-Store,5,70.35,0.15,26.21,298.99,0,Sunday,True
106048,2025-11-16,West,Electronics,Wireless Earbuds,Returning,In-Store,2,51.0,0.0,68.7,102.0,0,Sunday,True
106049,2025-11-16,North,Home & Kitchen,Air Fryer,New,Online,2,92.58,0.0,22.72,185.16,0,Sunday,True
106050,2025-11-16,West,Apparel,Backpack,Returning,Marketplace,1,60.64,0.2,65.2,48.51,0,Sunday,True
106051,2025-11-16,West,Electronics,Power Bank,Returning,Marketplace,1,25.42,0.0,62.5,25.42,0,Sunday,True
106052,2025-11-16,North,Beauty,Shampoo,Loyalty,In-Store,2,12.34,0.0,44.1,24.68,0,Sunday,True
106053,2025-11-17,South,Apparel,Running Shoes,New,Online,1,66.52,0.0,6.29,66.52,0,Monday,False
106054,2025-11-17,North,Electronics,Power Bank,New,Online,5,24.52,0.0,50.34,122.6,0,Monday,False
106055,2025-11-17,North,Beauty,Moisturizer,Loyalty,Online,5,24.81,0.0,5.83,124.05,0,Monday,False
106056,2025-11-17,North,Electronics,Smartphone Case,Loyalty,Online,4,15.81,0.0,0.65,63.24,0,Monday,False
106057,2025-11-17,South,Beauty,Face Serum,Loyalty,Marketplace,3,27.86,0.0,9.38,83.58,0,Monday,False
106058,2025-11-17,West,Home & Kitchen,Blender,Returning,Online,4,46.02,0.0,28.33,184.08,0,Monday,False
106059,2025-11-17,South,Home & Kitchen,Coffee Maker,Loyalty,Online,1,52.45,0.0,25.59,52.45,0,Monday,False
106060,2025-11-17,North,Beauty,Lipstick Set,New,Online,5,27.73,0.0,0.35,138.65,0,Monday,False
106062,2025-11-17,South,Home & Kitchen,Coffee Maker,Returning,Online,4,52.83,0.1,25.49,190.19,0,Monday,False
106063,2025-11-18,South,Beauty,Lipstick Set,Loyalty,In-Store,4,21.19,0.0,7.25,84.76,0,Tuesday,False
106064,2025-11-18,East,Apparel,T-Shirt,New,Marketplace,5,20.31,0.0,50.49,101.55,0,Tuesday,False
106065,2025-11-18,West,Beauty,Lipstick Set,Loyalty,Online,1,28.64,0.0,68.79,28.64,0,Tuesday,False
106066,2025-11-18,East,Beauty,Lipstick Set,Loyalty,Online,3,24.23,0.0,69.12,72.69,0,Tuesday,False
106067,2025-11-18,West,Electronics,Bluetooth Speaker,Loyalty,Marketplace,5,68.09,0.0,7.41,340.45,0,Tuesday,False
106068,2025-11-18,North,Apparel,Running Shoes,New,Online,4,84.17,0.2,44.24,269.34,0,Tuesday,False
106069,2025-11-18,East,Apparel,Running Shoes,Returning,Online,5,63.43,0.0,52.69,317.15,0,Tuesday,False
106070,2025-11-19,South,Home & Kitchen,Coffee Maker,Loyalty,Online,3,52.29,0.0,22.39,156.87,0,Wednesday,False
106071,2025-11-19,East,Home & Kitchen,Air Fryer,New,In-Store,5,79.29,0.0,31.49,396.45,0,Wednesday,False
106072,2025-11-19,East,Apparel,Backpack,New,Online,1,50.83,0.2,31.45,40.66,0,Wednesday,False
106073,2025-11-19,South,Beauty,Lipstick Set,Returning,Marketplace,2,21.9,0.0,24.39,43.8,0,Wednesday,False
106075,2025-11-19,West,Beauty,Face Serum,Returning,Online,3,38.65,0.15,4.46,98.56,0,Wednesday,False
106076,2025-11-19,North,Apparel,Running Shoes,Returning,Online,5,74.9,0.1,0.9,337.05,0,Wednesday,False
106077,2025-11-19,South,Home & Kitchen,Coffee Maker,New,Online,1,53.85,0.0,54.21,53.85,0,Wednesday,False
106079,2025-11-19,North,Electronics,Wireless Earbuds,Returning,In-Store,5,51.21,0.0,24.37,256.05,0,Wednesday,False
106080,2025-11-19,North,Electronics,Wireless Earbuds,Loyalty,Online,2,47.98,0.0,0.0,95.96,1,Wednesday,False
106081,2025-11-19,South,Beauty,Face Serum,Returning,Marketplace,2,27.37,0.0,23.04,54.74,0,Wednesday,False
106082,2025-11-20,East,Beauty,Face Serum,New,Online,4,30.61,0.0,39.76,122.44,0,Thursday,False
106083,2025-11-20,North,Beauty,Lipstick Set,Returning,Marketplace,4,25.98,0.1,52.42,93.53,0,Thursday,False
106084,2025-11-20,South,Electronics,Bluetooth Speaker,New,In-Store,2,50.1,0.0,14.05,100.2,0,Thursday,False
106085,2025-11-20,South,Beauty,Moisturizer,Returning,Marketplace,5,20.32,0.0,7.46,101.6,0,Thursday,False
106086,2025-11-20,South,Apparel,Running Shoes,Loyalty,Online,3,64.43,0.2,33.77,154.63,0,Thursday,False
106087,2025-11-20,West,Electronics,Bluetooth Speaker,New,Marketplace,4,66.81,0.0,25.47,267.24,0,Thursday,False
106088,2025-11-20,South,Electronics,Power Bank,Loyalty,Online,2,25.27,0.0,31.55,50.54,0,Thursday,False
106090,2025-11-20,East,Electronics,Power Bank,Returning,Online,3,23.85,0.0,18.07,71.55,0,Thursday,False
106091,2025-11-20,North,Beauty,Face Serum,New,Online,2,33.77,0.0,20.52,67.54,0,Thursday,False
106092,2025-11-21,East,Apparel,Running Shoes,Returning,Marketplace,1,69.94,0.1,40.13,62.95,0,Friday,False
106094,2025-11-21,South,Apparel,Running Shoes,Loyalty,Online,4,55.92,0.0,39.21,223.68,0,Friday,False
106095,2025-11-21,North,Electronics,Power Bank,Returning,Online,1,28.79,0.0,18.05,28.79,0,Friday,False
106096,2025-11-21,South,Beauty,Face Serum,New,Online,5,25.14,0.1,63.5,113.13,0,Friday,False
106097,2025-11-21,North,Home & Kitchen,Air Fryer,New,Online,1,96.36,0.0,59.43,96.36,0,Friday,False
106098,2025-11-21,South,Apparel,Backpack,Returning,Online,5,45.67,0.15,2.94,194.1,0,Friday,False
106099,2025-11-21,East,Home & Kitchen,Coffee Maker,Returning,In-Store,4,51.82,0.0,59.38,207.28,0,Friday,False
106100,2025-11-21,North,Beauty,Lipstick Set,Returning,Online,4,27.98,0.0,22.51,111.92,0,Friday,False
106101,2025-11-21,North,Apparel,Running Shoes,Returning,In-Store,5,75.06,0.2,10.37,300.24,0,Friday,False
106102,2025-11-22,East,Beauty,Moisturizer,Returning,Online,5,21.05,0.0,4.42,105.25,0,Saturday,True
106103,2025-11-22,North,Electronics,Wireless Earbuds,New,Marketplace,4,50.27,0.15,55.08,170.92,0,Saturday,True
106104,2025-11-22,West,Home & Kitchen,Coffee Maker,Loyalty,Online,4,62.94,0.0,6.9,251.76,0,Saturday,True
106105,2025-11-22,East,Home & Kitchen,Vacuum Cleaner,New,In-Store,2,117.44,0.0,68.8,234.88,0,Saturday,True
106106,2025-11-22,North,Apparel,Backpack,Loyalty,In-Store,5,51.05,0.0,9.08,255.25,0,Saturday,True
106107,2025-11-22,East,Electronics,Bluetooth Speaker,Returning,Online,3,61.74,0.1,64.91,166.7,0,Saturday,True
106108,2025-11-22,South,Electronics,Bluetooth Speaker,New,Marketplace,5,59.06,0.2,67.87,236.24,0,Saturday,True
106109,2025-11-22,West,Electronics,Smartphone Case,New,Online,1,17.8,0.0,69.62,17.8,0,Saturday,True
106110,2025-11-22,South,Apparel,Jacket,Returning,Online,4,85.07,0.0,28.17,340.28,0,Saturday,True
106111,2025-11-22,North,Home & Kitchen,Air Fryer,Returning,Marketplace,1,81.48,0.0,18.47,81.48,0,Saturday,True
106112,2025-11-22,West,Home & Kitchen,Air Fryer,New,Marketplace,1,97.49,0.0,23.59,97.49,0,Saturday,True
106113,2025-11-22,North,Home & Kitchen,Coffee Maker,Loyalty,Marketplace,4,57.35,0.0,29.99,229.4,0,Saturday,True
106114,2025-11-22,North,Apparel,Backpack,Loyalty,In-Store,4,56.32,0.0,35.57,225.28,0,Saturday,True
106115,2025-11-22,East,Apparel,Running Shoes,Returning,Marketplace,3,64.26,0.0,30.5,192.78,0,Saturday,True
106116,2025-11-23,West,Apparel,Running Shoes,Loyalty,Marketplace,2,78.28,0.2,38.26,125.25,0,Sunday,True
106118,2025-11-23,North,Beauty,Shampoo,Returning,Marketplace,3,12.42,0.0,3.01,37.26,0,Sunday,True
106119,2025-11-23,North,Electronics,Power Bank,Loyalty,In-Store,5,25.4,0.0,1.09,127.0,0,Sunday,True
106120,2025-11-23,North,Home & Kitchen,Vacuum Cleaner,New,Online,3,130.9,0.0,15.05,392.7,0,Sunday,True
106121,2025-11-23,West,Apparel,T-Shirt,Returning,In-Store,3,23.36,0.0,10.99,70.08,0,Sunday,True
106122,2025-11-23,West,Home & Kitchen,Coffee Maker,Returning,Online,1,60.43,0.2,18.44,48.34,0,Sunday,True
106123,2025-11-23,South,Beauty,Shampoo,New,Online,5,10.39,0.0,61.12,51.95,0,Sunday,True
106124,2025-11-23,South,Apparel,Backpack,Loyalty,Marketplace,3,44.52,0.0,54.03,133.56,0,Sunday,True
106125,2025-11-23,South,Home & Kitchen,Coffee Maker,Loyalty,In-Store,4,52.39,0.0,68.46,209.56,0,Sunday,True
106126,2025-11-23,West,Apparel,T-Shirt,Returning,Online,4,24.14,0.0,55.35,96.56,0,Sunday,True
106127,2025-11-23,East,Home & Kitchen,Coffee Maker,New,Marketplace,2,51.92,0.0,53.25,103.84,0,Sunday,True
106128,2025-11-23,South,Beauty,Shampoo,Loyalty,Online,3,10.67,0.15,28.31,27.21,0,Sunday,True
106129,2025-11-23,South,Home & Kitchen,Air Fryer,Returning,Online,2,72.54,0.1,55.79,130.57,0,Sunday,True
106130,2025-11-23,North,Beauty,Lipstick Set,Returning,Online,4,25.56,0.1,44.99,92.02,0,Sunday,True
106131,2025-11-23,South,Home & Kitchen,Coffee Maker,New,Online,1,47.1,0.0,17.26,47.1,0,Sunday,True
106132,2025-11-23,North,Beauty,Moisturizer,Returning,Online,5,25.58,0.0,58.25,127.9,0,Sunday,True
106133,2025-11-23,North,Electronics,Bluetooth Speaker,Returning,In-Store,3,65.74,0.0,15.36,197.22,0,Sunday,True
106134,2025-11-23,West,Home & Kitchen,Coffee Maker,New,Online,5,62.47,0.0,36.69,312.35,0,Sunday,True
106135,2025-11-23,South,Beauty,Shampoo,Returning,Online,2,11.37,0.0,61.86,22.74,0,Sunday,True
106136,2025-11-23,South,Apparel,Running Shoes,New,Marketplace,5,67.09,0.0,26.18,335.45,0,Sunday,True
106137,2025-11-23,East,Apparel,T-Shirt,Loyalty,In-Store,4,21.06,0.2,20.06,67.39,0,Sunday,True
106138,2025-11-23,East,Beauty,Shampoo,New,Marketplace,5,11.87,0.0,58.48,59.35,0,Sunday,True
106139,2025-11-23,West,Apparel,Running Shoes,Loyalty,Marketplace,4,82.76,0.0,50.49,331.04,0,Sunday,True
106140,2025-11-23,South,Apparel,Jacket,Returning,Online,3,79.37,0.0,46.32,238.11,0,Sunday,True
106141,2025-11-23,South,Beauty,Moisturizer,Returning,Marketplace,1,17.65,0.0,27.69,17.65,0,Sunday,True
106142,2025-11-23,West,Home & Kitchen,Air Fryer,New,In-Store,4,96.96,0.0,45.75,387.84,0,Sunday,True
106143,2025-11-23,East,Beauty,Lipstick Set,Returning,Marketplace,1,27.43,0.15,55.54,23.32,0,Sunday,True
106144,2025-11-23,West,Home & Kitchen,Vacuum Cleaner,New,Online,1,134.03,0.0,18.08,134.03,0,Sunday,True
106145,2025-11-24,West,Beauty,Lipstick Set,Returning,In-Store,4,28.61,0.0,3.08,114.44,0,Monday,False
106146,2025-11-24,West,Home & Kitchen,Coffee Maker,New,Marketplace,2,62.12,0.0,23.65,124.24,0,Monday,False
106147,2025-11-24,East,Home & Kitchen,Air Fryer,New,Marketplace,5,78.81,0.1,53.13,354.65,0,Monday,False
106148,2025-11-24,West,Beauty,Face Serum,New,Online,2,37.4,0.0,33.79,74.8,0,Monday,False
106150,2025-11-24,North,Beauty,Face Serum,New,Online,4,33.54,0.0,53.79,134.16,0,Monday,False
106151,2025-11-24,West,Beauty,Lipstick Set,Loyalty,Online,5,27.48,0.1,67.01,123.66,0,Monday,False
106152,2025-11-24,West,Apparel,Running Shoes,Returning,Online,4,86.76,0.0,13.54,347.04,0,Monday,False
106153,2025-11-24,West,Beauty,Lipstick Set,Loyalty,Marketplace,2,29.84,0.0,31.67,59.68,0,Monday,False
106154,2025-11-25,South,Electronics,Smartphone Case,Returning,Online,1,13.09,0.0,34.47,13.09,0,Tuesday,False
106155,2025-11-25,East,Electronics,Bluetooth Speaker,Returning,Marketplace,1,65.05,0.15,30.76,55.29,0,Tuesday,False
106156,2025-11-25,North,Home & Kitchen,Blender,Loyalty,Online,4,45.3,0.0,50.16,181.2,0,Tuesday,False
106158,2025-11-25,North,Apparel,Backpack,Returning,Online,4,54.88,0.0,2.53,219.52,0,Tuesday,False
106159,2025-11-25,East,Home & Kitchen,Coffee Maker,New,In-Store,3,53.75,0.0,27.61,161.25,0,Tuesday,False
106160,2025-11-25,West,Apparel,T-Shirt,Loyalty,Online,5,21.16,0.0,45.67,105.8,0,Tuesday,False
106161,2025-11-25,East,Home & Kitchen,Air Fryer,Loyalty,Online,1,73.49,0.1,13.7,66.14,0,Tuesday,False
106162,2025-11-25,East,Electronics,Power Bank,Loyalty,Online,5,25.33,0.15,62.68,107.65,0,Tuesday,False
106163,2025-11-25,South,Apparel,Running Shoes,Returning,Online,2,66.5,0.2,3.04,106.4,0,Tuesday,False
106164,2025-11-25,South,Home & Kitchen,Blender,Returning,Marketplace,5,36.94,0.0,50.04,184.7,0,Tuesday,False
106165,2025-11-25,West,Beauty,Moisturizer,New,Online,2,25.93,0.0,7.45,51.86,0,Tuesday,False
106166,2025-11-26,South,Beauty,Face Serum,Returning,Online,3,28.95,0.0,23.09,86.85,0,Wednesday,False
106167,2025-11-26,West,Apparel,Jacket,New,Marketplace,2,105.3,0.0,18.93,210.6,0,Wednesday,False
106168,2025-11-26,South,Apparel,Backpack,Loyalty,Online,2,43.77,0.15,33.64,74.41,0,Wednesday,False
106169,2025-11-26,East,Electronics,Bluetooth Speaker,Returning,Marketplace,2,58.11,0.0,12.65,116.22,0,Wednesday,False
106170,2025-11-26,West,Beauty,Moisturizer,New,In-Store,5,26.52,0.0,45.2,132.6,0,Wednesday,False
106171,2025-11-26,East,Beauty,Face Serum,Returning,In-Store,1,30.89,0.0,57.58,30.89,0,Wednesday,False
106172,2025-11-26,North,Electronics,Bluetooth Speaker,Returning,Online,3,67.81,0.0,63.95,203.43,0,Wednesday,False
106173,2025-11-26,North,Beauty,Moisturizer,Loyalty,In-Store,1,23.8,0.2,57.01,19.04,0,Wednesday,False
106174,2025-11-26,South,Apparel,Backpack,Returning,Marketplace,4,47.52,0.15,47.82,161.57,0,Wednesday,False
106175,2025-11-26,North,Home & Kitchen,Vacuum Cleaner,New,Online,1,120.54,0.0,39.76,120.54,0,Wednesday,False
106176,2025-11-27,North,Apparel,Running Shoes,Returning,In-Store,2,72.47,0.15,61.55,123.2,0,Thursday,False
106177,2025-11-27,East,Electronics,Smartphone Case,New,In-Store,3,14.71,0.0,20.4,44.13,0,Thursday,False
106178,2025-11-27,West,Electronics,Power Bank,Returning,Online,2,28.25,0.0,24.78,56.5,0,Thursday,False
106179,2025-11-27,South,Electronics,Smartphone Case,Returning,Online,5,13.59,0.0,8.22,67.95,0,Thursday,False
106180,2025-11-27,North,Apparel,Jacket,Returning,Online,2,99.48,0.0,33.28,198.96,0,Thursday,False
106181,2025-11-27,North,Home & Kitchen,Blender,New,Online,5,40.45,0.0,69.5,202.25,0,Thursday,False
106182,2025-11-27,West,Electronics,Power Bank,Returning,Marketplace,5,27.74,0.2,56.63,110.96,0,Thursday,False
106183,2025-11-27,East,Home & Kitchen,Coffee Maker,Returning,Marketplace,2,54.18,0.0,45.33,108.36,0,Thursday,False
106185,2025-11-27,East,Apparel,Jacket,New,Online,3,84.59,0.15,38.29,215.7,0,Thursday,False
106186,2025-11-28,West,Beauty,Face Serum,Loyalty,Online,2,34.46,0.0,46.66,68.92,0,Friday,False
106187,2025-11-28,West,Home & Kitchen,Air Fryer,Returning,Online,1,100.08,0.0,23.17,100.08,0,Friday,False
106188,2025-11-28,East,Electronics,Smartphone Case,Returning,Online,3,14.83,0.0,68.21,44.49,0,Friday,False
106189,2025-11-28,North,Home & Kitchen,Vacuum Cleaner,New,In-Store,1,133.98,0.0,49.61,133.98,0,Friday,False
106190,2025-11-28,East,Beauty,Moisturizer,New,Online,4,22.06,0.0,8.41,88.24,0,Friday,False
106191,2025-11-28,West,Apparel,T-Shirt,Returning,Online,3,22.42,0.2,56.15,53.81,0,Friday,False
106192,2025-11-28,East,Electronics,Bluetooth Speaker,New,Marketplace,1,56.32,0.0,64.71,56.32,0,Friday,False
106193,2025-11-28,West,Home & Kitchen,Blender,Returning,Online,5,46.38,0.0,30.86,231.9,0,Friday,False
106195,2025-11-28,West,Beauty,Lipstick Set,New,Marketplace,3,28.39,0.0,7.81,85.17,0,Friday,False
106196,2025-11-28,West,Beauty,Shampoo,Returning,Online,2,14.15,0.0,33.83,28.3,0,Friday,False
106197,2025-11-28,East,Electronics,Smartphone Case,Loyalty,Online,2,16.21,0.0,55.06,32.42,0,Friday,False
106198,2025-11-28,South,Electronics,Bluetooth Speaker,Loyalty,Online,4,55.49,0.0,3.83,221.96,0,Friday,False
106199,2025-11-28,North,Electronics,Smartphone Case,New,Online,5,15.22,0.1,15.25,68.49,0,Friday,False
106200,2025-11-28,East,Home & Kitchen,Coffee Maker,Returning,In-Store,4,56.52,0.0,67.9,226.08,0,Friday,False
106201,2025-11-28,East,Home & Kitchen,Vacuum Cleaner,Returning,Marketplace,3,121.15,0.0,32.12,363.45,0,Friday,False
106202,2025-11-28,East,Home & Kitchen,Coffee Maker,Returning,In-Store,1,63.96,0.0,17.18,63.96,0,Friday,False
106203,2025-11-28,North,Electronics,Bluetooth Speaker,New,Online,3,65.63,0.0,63.87,196.89,0,Friday,False
106204,2025-11-29,South,Beauty,Shampoo,Returning,In-Store,2,10.59,0.0,28.86,21.18,0,Saturday,True
106205,2025-11-29,North,Apparel,T-Shirt,Loyalty,Online,5,23.03,0.0,63.33,115.15,0,Saturday,True
106206,2025-11-29,East,Beauty,Moisturizer,Returning,Online,2,22.67,0.2,26.32,36.27,0,Saturday,True
106207,2025-11-29,North,Beauty,Moisturizer,Loyalty,Online,5,22.54,0.0,33.14,112.7,0,Saturday,True
106209,2025-11-29,East,Home & Kitchen,Blender,Returning,In-Store,3,41.69,0.2,43.25,100.06,0,Saturday,True
106210,2025-11-29,North,Beauty,Shampoo,New,Marketplace,5,13.41,0.0,36.26,67.05,0,Saturday,True
106211,2025-11-29,West,Apparel,Running Shoes,Returning,Online,1,76.38,0.0,42.71,76.38,0,Saturday,True
106212,2025-11-29,North,Electronics,Power Bank,Loyalty,Online,3,28.17,0.0,45.9,84.51,0,Saturday,True
106213,2025-11-29,East,Apparel,Backpack,New,Online,1,47.53,0.0,16.19,47.53,0,Saturday,True
106214,2025-11-29,North,Beauty,Face Serum,Loyalty,Marketplace,3,31.46,0.1,3.97,84.94,0,Saturday,True
106215,2025-11-30,North,Home & Kitchen,Coffee Maker,Returning,Marketplace,1,60.72,0.15,45.51,51.61,0,Sunday,True
106217,2025-11-30,East,Apparel,Backpack,Loyalty,In-Store,5,49.78,0.0,0.0,248.9,1,Sunday,True
106218,2025-11-30,North,Beauty,Shampoo,Returning,In-Store,3,12.01,0.1,30.15,32.43,0,Sunday,True
106219,2025-11-30,West,Home & Kitchen,Vacuum Cleaner,Loyalty,In-Store,3,122.41,0.0,65.09,367.23,0,Sunday,True
106220,2025-11-30,East,Electronics,Bluetooth Speaker,New,In-Store,3,59.48,0.0,69.22,178.44,0,Sunday,True
106221,2025-11-30,East,Home & Kitchen,Blender,Loyalty,In-Store,5,37.15,0.0,20.16,185.75,0,Sunday,True
106222,2025-11-30,North,Electronics,Power Bank,New,In-Store,4,26.95,0.0,61.26,107.8,0,Sunday,True
106223,2025-11-30,East,Home & Kitchen,Blender,Loyalty,Online,4,37.0,0.1,61.43,133.2,0,Sunday,True
106224,2025-11-30,East,Electronics,Wireless Earbuds,Loyalty,In-Store,3,43.77,0.0,0.0,131.31,1,Sunday,True
106225,2025-11-30,East,Home & Kitchen,Coffee Maker,Loyalty,In-Store,4,54.28,0.0,68.11,217.12,0,Sunday,True
106226,2025-11-30,West,Apparel,Backpack,Loyalty,Marketplace,4,59.93,0.0,47.25,239.72,0,Sunday,True
106227,2025-11-30,North,Apparel,Backpack,Loyalty,In-Store,2,51.28,0.0,48.15,102.56,0,Sunday,True
106228,2025-11-30,North,Electronics,Bluetooth Speaker,New,Online,5,60.84,0.15,43.19,258.57,0,Sunday,True
106229,2025-11-30,West,Home & Kitchen,Blender,New,Online,2,47.33,0.0,17.82,94.66,0,Sunday,True
106230,2025-11-30,North,Apparel,T-Shirt,New,Online,4,22.23,0.0,51.86,88.92,0,Sunday,True
106231,2025-11-30,North,Apparel,Backpack,New,In-Store,5,53.83,0.0,2.7,269.15,0,Sunday,True
106233,2025-11-30,West,Beauty,Shampoo,New,Marketplace,1,14.51,0.0,38.44,14.51,0,Sunday,True
106234,2025-11-30,West,Beauty,Face Serum,Loyalty,In-Store,4,32.76,0.0,20.88,131.04,0,Sunday,True
106235,2025-11-30,West,Electronics,Smartphone Case,Returning,Online,3,17.42,0.15,44.18,44.42,0,Sunday,True
106236,2025-11-30,West,Apparel,Running Shoes,New,In-Store,1,84.95,0.0,67.54,84.95,0,Sunday,True
106237,2025-11-30,North,Beauty,Moisturizer,Returning,Marketplace,2,25.34,0.0,9.26,50.68,0,Sunday,True
106238,2025-11-30,East,Beauty,Moisturizer,Returning,Online,4,22.63,0.1,41.93,81.47,0,Sunday,True
106239,2025-12-01,East,Apparel,Jacket,Returning,Online,2,87.73,0.0,3.9,175.46,0,Monday,False
106240,2025-12-01,North,Apparel,Backpack,New,In-Store,2,58.32,0.0,1.64,116.64,0,Monday,False
106241,2025-12-01,North,Home & Kitchen,Air Fryer,Returning,In-Store,4,85.13,0.0,25.73,340.52,0,Monday,False
106242,2025-12-01,South,Beauty,Lipstick Set,Returning,In-Store,5,23.13,0.0,46.62,115.65,0,Monday,False
106243,2025-12-01,South,Electronics,Smartphone Case,Returning,Marketplace,5,13.17,0.15,41.06,55.97,0,Monday,False
106244,2025-12-01,West,Beauty,Lipstick Set,Returning,Marketplace,2,27.71,0.0,43.99,55.42,0,Monday,False
106245,2025-12-01,East,Apparel,Backpack,New,In-Store,3,46.36,0.0,14.3,139.08,0,Monday,False
106246,2025-12-01,East,Home & Kitchen,Blender,New,In-Store,5,37.29,0.0,14.56,186.45,0,Monday,False
106247,2025-12-01,North,Apparel,Backpack,Returning,Online,5,55.86,0.0,26.51,279.3,0,Monday,False
106248,2025-12-01,East,Apparel,Jacket,Returning,In-Store,4,91.39,0.0,48.77,365.56,0,Monday,False
106249,2025-12-02,West,Electronics,Wireless Earbuds,New,Online,5,51.68,0.0,68.69,258.4,0,Tuesday,False
106250,2025-12-02,West,Electronics,Wireless Earbuds,Returning,Online,1,49.29,0.0,45.95,49.29,0,Tuesday,False
106251,2025-12-02,East,Apparel,Running Shoes,Returning,In-Store,5,61.05,0.0,52.89,305.25,0,Tuesday,False
106252,2025-12-02,North,Beauty,Face Serum,Returning,Online,1,35.5,0.15,28.29,30.18,0,Tuesday,False
106253,2025-12-02,South,Apparel,T-Shirt,Returning,In-Store,2,16.75,0.0,57.52,33.5,0,Tuesday,False
106254,2025-12-02,West,Beauty,Moisturizer,Returning,Online,2,25.54,0.0,65.77,51.08,0,Tuesday,False
106255,2025-12-02,East,Home & Kitchen,Blender,Loyalty,Online,1,39.26,0.1,41.83,35.33,0,Tuesday,False
106256,2025-12-02,North,Beauty,Moisturizer,Returning,Marketplace,3,26.65,0.0,9.13,79.95,0,Tuesday,False
106257,2025-12-02,East,Electronics,Smartphone Case,New,Online,2,15.1,0.0,23.64,30.2,0,Tuesday,False
106258,2025-12-02,North,Electronics,Bluetooth Speaker,New,Online,1,58.99,0.0,52.93,58.99,0,Tuesday,False
106259,2025-12-02,North,Beauty,Moisturizer,New,Online,5,23.3,0.15,38.82,99.02,0,Tuesday,False
106260,2025-12-03,North,Electronics,Power Bank,Loyalty,In-Store,5,27.88,0.1,35.57,125.46,0,Wednesday,False
106261,2025-12-03,South,Electronics,Smartphone Case,Returning,Online,2,13.91,0.0,37.84,27.82,0,Wednesday,False
106262,2025-12-03,North,Apparel,Backpack,Returning,In-Store,2,53.9,0.0,68.74,107.8,0,Wednesday,False
106263,2025-12-03,East,Beauty,Lipstick Set,Returning,Online,4,27.27,0.0,42.26,109.08,0,Wednesday,False
106264,2025-12-03,North,Electronics,Power Bank,Returning,Online,3,25.06,0.0,30.53,75.18,0,Wednesday,False
106266,2025-12-03,South,Apparel,Jacket,Returning,Online,1,86.52,0.1,17.18,77.87,0,Wednesday,False
106267,2025-12-03,East,Beauty,Shampoo,Returning,Online,5,12.13,0.0,57.14,60.65,0,Wednesday,False
106268,2025-12-03,West,Home & Kitchen,Air Fryer,Returning,Online,3,91.7,0.15,67.05,233.84,0,Wednesday,False
106269,2025-12-03,West,Home & Kitchen,Coffee Maker,New,Online,3,63.47,0.0,64.52,190.41,0,Wednesday,False
106270,2025-12-03,South,Beauty,Lipstick Set,New,Marketplace,3,22.52,0.0,28.92,67.56,0,Wednesday,False
106271,2025-12-03,North,Beauty,Moisturizer,Returning,Online,4,25.39,0.0,22.28,101.56,0,Wednesday,False
106272,2025-12-03,East,Apparel,T-Shirt,New,In-Store,3,20.86,0.1,34.71,56.32,0,Wednesday,False
106273,2025-12-03,North,Electronics,Smartphone Case,Returning,Online,2,17.91,0.0,11.7,35.82,0,Wednesday,False
106274,2025-12-04,North,Apparel,Backpack,Returning,In-Store,3,54.12,0.0,57.97,162.36,0,Thursday,False
106275,2025-12-04,South,Beauty,Moisturizer,Returning,Online,5,19.62,0.0,32.37,98.1,0,Thursday,False
106276,2025-12-04,West,Apparel,Backpack,Returning,Online,1,62.72,0.1,36.7,56.45,0,Thursday,False
106277,2025-12-04,North,Electronics,Wireless Earbuds,Returning,Marketplace,3,53.48,0.0,22.93,160.44,0,Thursday,False
106278,2025-12-04,East,Beauty,Shampoo,Loyalty,Marketplace,2,12.43,0.0,9.36,24.86,0,Thursday,False
106279,2025-12-04,South,Beauty,Face Serum,Loyalty,Online,3,27.46,0.0,50.51,82.38,0,Thursday,False
106280,2025-12-04,North,Electronics,Bluetooth Speaker,Returning,Online,2,75.64,0.0,25.81,151.28,0,Thursday,False
106281,2025-12-04,South,Apparel,T-Shirt,New,Online,3,18.16,0.2,68.08,43.58,0,Thursday,False
106282,2025-12-05,North,Home & Kitchen,Blender,Returning,In-Store,1,42.69,0.0,41.32,42.69,0,Friday,False
106283,2025-12-05,West,Electronics,Bluetooth Speaker,Returning,Online,5,64.12,0.0,51.59,320.6,0,Friday,False
106284,2025-12-05,South,Beauty,Shampoo,New,Online,4,11.01,0.1,8.61,39.64,0,Friday,False
106285,2025-12-05,West,Electronics,Wireless Earbuds,Returning,In-Store,5,51.54,0.0,11.61,257.7,0,Friday,False
106286,2025-12-05,North,Beauty,Shampoo,New,Online,4,12.85,0.0,19.81,51.4,0,Friday,False
106287,2025-12-05,South,Beauty,Moisturizer,Loyalty,Marketplace,2,20.0,0.1,35.1,36.0,0,Friday,False
106288,2025-12-05,South,Home & Kitchen,Blender,Returning,Online,2,39.83,0.0,45.6,79.66,0,Friday,False
106289,2025-12-05,North,Home & Kitchen,Coffee Maker,New,In-Store,3,56.84,0.2,61.75,136.42,0,Friday,False
106290,2025-12-05,East,Beauty,Face Serum,New,Online,4,27.5,0.0,8.42,110.0,0,Friday,False
106291,2025-12-05,North,Home & Kitchen,Air Fryer,New,Online,1,94.15,0.0,55.39,94.15,0,Friday,False
106292,2025-12-05,North,Home & Kitchen,Coffee Maker,Loyalty,Online,2,62.83,0.0,33.49,125.66,0,Friday,False
106293,2025-12-05,South,Beauty,Shampoo,Returning,Online,1,11.64,0.0,31.22,11.64,0,Friday,False
106294,2025-12-06,West,Electronics,Power Bank,New,Online,5,29.62,0.0,44.82,148.1,0,Saturday,True
106295,2025-12-06,East,Beauty,Shampoo,Returning,Online,3,12.31,0.0,2.26,36.93,0,Saturday,True
106296,2025-12-06,West,Apparel,Running Shoes,Returning,Online,2,79.11,0.0,17.18,158.22,0,Saturday,True
106297,2025-12-06,West,Electronics,Power Bank,New,Online,1,29.57,0.0,17.71,29.57,0,Saturday,True
106298,2025-12-06,North,Electronics,Wireless Earbuds,Returning,In-Store,2,50.77,0.0,58.3,101.54,0,Saturday,True
106299,2025-12-06,North,Electronics,Wireless Earbuds,Returning,Marketplace,4,47.82,0.0,67.7,191.28,0,Saturday,True
106300,2025-12-06,East,Electronics,Smartphone Case,Loyalty,Online,3,15.83,0.0,17.6,47.49,0,Saturday,True
106301,2025-12-06,West,Home & Kitchen,Vacuum Cleaner,Returning,In-Store,3,131.38,0.0,7.09,394.14,0,Saturday,True
106302,2025-12-06,West,Beauty,Lipstick Set,Returning,Marketplace,2,28.5,0.0,8.58,57.0,0,Saturday,True
106303,2025-12-06,West,Electronics,Power Bank,Returning,Marketplace,3,28.51,0.0,6.54,85.53,0,Saturday,True
106304,2025-12-06,East,Beauty,Lipstick Set,Loyalty,In-Store,4,25.88,0.15,15.35,87.99,0,Saturday,True
106305,2025-12-06,South,Electronics,Power Bank,New,In-Store,1,23.49,0.0,45.26,23.49,0,Saturday,True
106306,2025-12-06,North,Apparel,Backpack,Loyalty,In-Store,5,62.69,0.0,5.06,313.45,0,Saturday,True
106307,2025-12-06,West,Beauty,Lipstick Set,Loyalty,Online,2,28.48,0.1,0.54,51.26,0,Saturday,True
106308,2025-12-06,East,Home & Kitchen,Vacuum Cleaner,Loyalty,Marketplace,1,134.78,0.0,27.37,134.78,0,Saturday,True
106309,2025-12-06,South,Electronics,Bluetooth Speaker,Returning,Online,4,55.5,0.1,63.03,199.8,0,Saturday,True
106310,2025-12-06,West,Home & Kitchen,Vacuum Cleaner,Returning,Marketplace,2,132.88,0.0,67.68,265.76,0,Saturday,True
106311,2025-12-06,South,Home & Kitchen,Air Fryer,Returning,Online,5,71.16,0.0,47.49,355.8,0,Saturday,True
106313,2025-12-07,South,Home & Kitchen,Vacuum Cleaner,Returning,Marketplace,3,108.65,0.1,30.44,293.36,0,Sunday,True
106314,2025-12-07,East,Beauty,Lipstick Set,Returning,Online,5,25.61,0.0,27.53,128.05,0,Sunday,True
106315,2025-12-07,East,Beauty,Shampoo,New,Online,4,12.32,0.0,19.45,49.28,0,Sunday,True
106316,2025-12-07,North,Home & Kitchen,Vacuum Cleaner,New,In-Store,3,133.62,0.0,7.88,400.86,0,Sunday,True
106317,2025-12-07,West,Apparel,T-Shirt,Returning,Marketplace,1,23.75,0.0,33.26,23.75,0,Sunday,True
106318,2025-12-07,South,Electronics,Power Bank,New,Marketplace,3,19.95,0.0,59.73,59.85,0,Sunday,True
106319,2025-12-07,South,Apparel,T-Shirt,New,In-Store,4,16.33,0.0,28.52,65.32,0,Sunday,True
106320,2025-12-07,South,Home & Kitchen,Air Fryer,New,In-Store,2,73.46,0.0,55.8,146.92,0,Sunday,True
106321,2025-12-07,South,Home & Kitchen,Blender,Returning,Online,3,36.82,0.0,11.78,110.46,0,Sunday,True
106322,2025-12-07,East,Electronics,Bluetooth Speaker,Returning,Online,2,62.53,0.0,15.59,125.06,0,Sunday,True
106323,2025-12-07,North,Apparel,Backpack,Returning,In-Store,5,51.17,0.0,8.51,255.85,0,Sunday,True
106324,2025-12-07,North,Home & Kitchen,Air Fryer,Returning,Marketplace,1,88.79,0.0,45.33,88.79,0,Sunday,True
106325,2025-12-07,West,Electronics,Wireless Earbuds,New,Online,5,48.18,0.1,18.32,216.81,0,Sunday,True
106326,2025-12-07,West,Electronics,Wireless Earbuds,New,Marketplace,4,50.59,0.1,29.43,182.12,0,Sunday,True
106327,2025-12-08,East,Beauty,Moisturizer,Loyalty,In-Store,4,21.76,0.0,20.57,87.04,0,Monday,False
106328,2025-12-08,East,Electronics,Smartphone Case,Loyalty,Marketplace,3,15.88,0.0,53.79,47.64,0,Monday,False
106329,2025-12-08,North,Electronics,Smartphone Case,Loyalty,Online,1,16.69,0.0,57.96,16.69,0,Monday,False
106330,2025-12-08,East,Beauty,Lipstick Set,New,Online,1,26.19,0.0,38.25,26.19,0,Monday,False
106331,2025-12-08,South,Apparel,T-Shirt,Loyalty,In-Store,2,18.29,0.0,55.06,36.58,0,Monday,False
106332,2025-12-08,West,Apparel,Backpack,Returning,In-Store,1,56.9,0.0,2.7,56.9,0,Monday,False
106333,2025-12-08,South,Home & Kitchen,Blender,Returning,Online,2,38.43,0.0,0.17,76.86,0,Monday,False
106334,2025-12-08,South,Beauty,Shampoo,New,Marketplace,2,10.71,0.0,11.17,21.42,0,Monday,False
106335,2025-12-08,North,Home & Kitchen,Blender,New,In-Store,2,44.05,0.0,36.57,88.1,0,Monday,False
106336,2025-12-09,East,Electronics,Smartphone Case,New,Online,1,14.4,0.0,66.35,14.4,0,Tuesday,False
106337,2025-12-09,North,Beauty,Lipstick Set,New,Online,4,28.37,0.0,12.1,113.48,0,Tuesday,False
106338,2025-12-09,West,Electronics,Smartphone Case,New,Online,2,18.86,0.0,50.84,37.72,0,Tuesday,False
106339,2025-12-09,West,Apparel,Jacket,Returning,Online,1,101.24,0.1,68.02,91.12,0,Tuesday,False
106340,2025-12-10,South,Apparel,Backpack,Loyalty,Marketplace,5,43.28,0.0,2.43,216.4,0,Wednesday,False
106341,2025-12-10,West,Beauty,Shampoo,New,Marketplace,5,13.18,0.0,29.74,65.9,0,Wednesday,False
106342,2025-12-10,East,Beauty,Lipstick Set,Loyalty,Online,2,25.64,0.0,50.14,51.28,0,Wednesday,False
106343,2025-12-10,East,Beauty,Shampoo,New,Online,2,12.44,0.0,42.73,24.88,0,Wednesday,False
106344,2025-12-10,West,Apparel,Jacket,New,Online,2,106.06,0.0,18.82,212.12,0,Wednesday,False
106345,2025-12-10,East,Apparel,Jacket,New,Online,4,87.06,0.1,37.74,313.42,0,Wednesday,False
106346,2025-12-10,North,Electronics,Smartphone Case,New,Marketplace,2,16.06,0.0,60.3,32.12,0,Wednesday,False
106347,2025-12-10,South,Electronics,Smartphone Case,New,Online,1,12.44,0.1,35.69,11.2,0,Wednesday,False
106348,2025-12-10,North,Electronics,Power Bank,Returning,Marketplace,3,25.78,0.0,53.12,77.34,0,Wednesday,False
106349,2025-12-11,East,Electronics,Wireless Earbuds,New,Online,4,44.47,0.0,2.08,177.88,0,Thursday,False
106350,2025-12-11,North,Electronics,Wireless Earbuds,Loyalty,Online,2,49.77,0.0,48.21,99.54,0,Thursday,False
106351,2025-12-11,South,Electronics,Power Bank,Returning,Online,5,23.57,0.0,37.2,117.85,0,Thursday,False
106352,2025-12-11,South,Apparel,Backpack,Returning,Marketplace,4,44.54,0.15,51.25,151.44,0,Thursday,False
106353,2025-12-11,East,Beauty,Moisturizer,Returning,Online,1,23.29,0.0,53.82,23.29,0,Thursday,False
106354,2025-12-11,West,Apparel,Backpack,Returning,Online,3,62.69,0.0,69.43,188.07,0,Thursday,False
106355,2025-12-11,South,Electronics,Power Bank,New,Marketplace,1,22.33,0.2,20.2,17.86,0,Thursday,False
106356,2025-12-11,North,Apparel,Jacket,Returning,Marketplace,3,98.93,0.0,42.23,296.79,0,Thursday,False
106357,2025-12-11,East,Apparel,Running Shoes,Returning,Online,5,73.51,0.15,54.08,312.42,0,Thursday,False
106358,2025-12-11,South,Electronics,Smartphone Case,New,In-Store,5,14.35,0.15,14.37,60.99,0,Thursday,False
106359,2025-12-11,South,Apparel,T-Shirt,Returning,Marketplace,1,17.84,0.0,10.91,17.84,0,Thursday,False
106360,2025-12-12,South,Electronics,Smartphone Case,Loyalty,Online,4,14.0,0.0,0.07,56.0,0,Friday,False
106361,2025-12-12,East,Apparel,Jacket,New,Online,1,88.96,0.0,40.8,88.96,0,Friday,False
106362,2025-12-12,East,Electronics,Wireless Earbuds,Returning,Marketplace,5,48.16,0.0,66.86,240.8,0,Friday,False
106363,2025-12-12,East,Electronics,Power Bank,Returning,Online,4,23.87,0.0,50.47,95.48,0,Friday,False
106364,2025-12-12,South,Home & Kitchen,Blender,New,Online,2,34.61,0.0,0.0,69.22,1,Friday,False
106365,2025-12-12,East,Electronics,Smartphone Case,Loyalty,Online,3,13.95,0.0,65.2,41.85,0,Friday,False
106366,2025-12-12,East,Home & Kitchen,Coffee Maker,Loyalty,In-Store,2,52.49,0.0,48.25,104.98,0,Friday,False
106367,2025-12-12,West,Beauty,Shampoo,Returning,Online,2,14.03,0.1,11.94,25.25,0,Friday,False
106368,2025-12-12,East,Beauty,Moisturizer,New,Online,1,21.39,0.0,46.32,21.39,0,Friday,False
106369,2025-12-12,East,Apparel,Backpack,Returning,Marketplace,5,51.71,0.0,44.38,258.55,0,Friday,False
106370,2025-12-12,South,Beauty,Shampoo,Loyalty,In-Store,2,10.47,0.0,34.81,20.94,0,Friday,False
106371,2025-12-12,North,Apparel,T-Shirt,Returning,Online,3,20.98,0.1,64.93,56.65,0,Friday,False
106372,2025-12-12,West,Apparel,Running Shoes,New,Online,1,78.25,0.0,7.68,78.25,0,Friday,False
106373,2025-12-13,East,Home & Kitchen,Air Fryer,New,Marketplace,5,76.65,0.0,49.32,383.25,0,Saturday,True
106374,2025-12-13,West,Home & Kitchen,Blender,New,Online,2,49.25,0.0,15.12,98.5,0,Saturday,True
106375,2025-12-13,West,Beauty,Face Serum,Loyalty,Online,3,35.84,0.0,24.75,107.52,0,Saturday,True
106376,2025-12-13,West,Apparel,Running Shoes,New,In-Store,1,83.07,0.0,55.9,83.07,0,Saturday,True
106377,2025-12-13,West,Beauty,Moisturizer,Loyalty,Online,5,25.71,0.0,28.06,128.55,0,Saturday,True
106378,2025-12-13,East,Beauty,Face Serum,New,Online,4,29.06,0.0,8.96,116.24,0,Saturday,True
106379,2025-12-13,North,Home & Kitchen,Air Fryer,Returning,In-Store,2,87.83,0.0,13.12,175.66,0,Saturday,True
106380,2025-12-13,North,Electronics,Power Bank,New,Online,5,28.29,0.0,60.69,141.45,0,Saturday,True
106381,2025-12-13,West,Home & Kitchen,Air Fryer,Loyalty,Online,2,87.25,0.0,62.53,174.5,0,Saturday,True
106382,2025-12-13,East,Beauty,Shampoo,Returning,Online,4,12.01,0.0,35.44,48.04,0,Saturday,True
106383,2025-12-13,East,Beauty,Face Serum,New,Online,5,31.13,0.0,46.43,155.65,0,Saturday,True
106385,2025-12-13,North,Beauty,Lipstick Set,Returning,In-Store,5,27.23,0.15,1.67,115.73,0,Saturday,True
106386,2025-12-13,North,Apparel,Running Shoes,New,Online,5,73.9,0.0,1.79,369.5,0,Saturday,True
106387,2025-12-13,South,Beauty,Lipstick Set,Returning,Online,3,23.51,0.1,5.66,63.48,0,Saturday,True
106388,2025-12-13,East,Beauty,Face Serum,New,In-Store,4,30.61,0.15,9.41,104.07,0,Saturday,True
106389,2025-12-13,East,Beauty,Face Serum,New,Online,4,31.99,0.0,53.77,127.96,0,Saturday,True
106390,2025-12-13,South,Apparel,T-Shirt,New,Online,1,19.19,0.1,46.26,17.27,0,Saturday,True
106391,2025-12-13,West,Apparel,Running Shoes,New,Marketplace,2,81.51,0.0,62.24,163.02,0,Saturday,True
106392,2025-12-13,North,Home & Kitchen,Air Fryer,New,Online,3,79.98,0.15,63.78,203.95,0,Saturday,True
106393,2025-12-14,East,Beauty,Face Serum,Returning,Online,4,29.24,0.0,52.66,116.96,0,Sunday,True
106394,2025-12-14,South,Home & Kitchen,Vacuum Cleaner,Returning,Online,1,110.82,0.0,19.23,110.82,0,Sunday,True
106395,2025-12-14,South,Home & Kitchen,Coffee Maker,New,Marketplace,4,53.16,0.0,29.53,212.64,0,Sunday,True
106396,2025-12-14,South,Beauty,Lipstick Set,New,In-Store,3,20.11,0.0,28.04,60.33,0,Sunday,True
106397,2025-12-14,West,Home & Kitchen,Air Fryer,Returning,Marketplace,1,88.49,0.1,69.49,79.64,0,Sunday,True
106398,2025-12-14,South,Beauty,Shampoo,Loyalty,In-Store,1,10.41,0.0,28.47,10.41,0,Sunday,True
106399,2025-12-14,South,Beauty,Moisturizer,New,Online,3,18.86,0.0,0.0,56.58,1,Sunday,True
106400,2025-12-14,South,Beauty,Shampoo,New,Online,2,9.97,0.1,52.41,17.95,0,Sunday,True
106401,2025-12-14,West,Apparel,Backpack,Returning,Online,3,62.41,0.0,63.54,187.23,0,Sunday,True
106402,2025-12-14,North,Beauty,Face Serum,Loyalty,In-Store,1,32.4,0.0,3.29,32.4,0,Sunday,True
106403,2025-12-14,West,Apparel,T-Shirt,Loyalty,Online,2,22.16,0.15,0.0,37.67,1,Sunday,True
106404,2025-12-14,West,Beauty,Lipstick Set,Loyalty,Online,2,27.58,0.0,68.28,55.16,0,Sunday,True
106405,2025-12-14,North,Home & Kitchen,Vacuum Cleaner,Returning,Online,3,132.34,0.0,30.51,397.02,0,Sunday,True
106406,2025-12-14,North,Apparel,Jacket,Returning,Online,2,96.91,0.1,27.54,174.44,0,Sunday,True
106407,2025-12-14,North,Home & Kitchen,Air Fryer,New,Online,4,85.77,0.1,43.16,308.77,0,Sunday,True
106408,2025-12-14,South,Home & Kitchen,Air Fryer,New,Online,5,67.5,0.0,16.51,337.5,0,Sunday,True
106409,2025-12-14,West,Electronics,Smartphone Case,Loyalty,Online,2,18.03,0.15,2.21,30.65,0,Sunday,True
106410,2025-12-14,West,Electronics,Wireless Earbuds,Returning,Online,2,51.46,0.0,23.6,102.92,0,Sunday,True
106411,2025-12-14,West,Apparel,Backpack,New,Marketplace,2,58.02,0.0,60.54,116.04,0,Sunday,True
106412,2025-12-14,West,Home & Kitchen,Coffee Maker,New,Marketplace,3,63.95,0.0,41.64,191.85,0,Sunday,True
106413,2025-12-14,East,Beauty,Shampoo,New,In-Store,3,12.64,0.0,33.59,37.92,0,Sunday,True
106414,2025-12-14,East,Electronics,Smartphone Case,Returning,In-Store,1,14.99,0.0,35.78,14.99,0,Sunday,True
106415,2025-12-15,South,Home & Kitchen,Blender,New,Online,2,39.23,0.0,63.87,78.46,0,Monday,False
106416,2025-12-15,East,Electronics,Wireless Earbuds,New,Online,3,45.05,0.0,42.73,135.15,0,Monday,False
106417,2025-12-15,South,Apparel,T-Shirt,Returning,Marketplace,4,16.21,0.0,26.22,64.84,0,Monday,False
106418,2025-12-15,East,Electronics,Bluetooth Speaker,Returning,Online,5,66.73,0.0,69.26,333.65,0,Monday,False
106419,2025-12-15,West,Apparel,Backpack,Returning,Online,4,50.21,0.0,35.78,200.84,0,Monday,False
106420,2025-12-15,East,Beauty,Shampoo,Returning,In-Store,3,11.78,0.0,52.74,35.34,0,Monday,False
106422,2025-12-15,North,Electronics,Wireless Earbuds,Loyalty,Online,1,53.95,0.0,65.26,53.95,0,Monday,False
106423,2025-12-15,North,Beauty,Shampoo,New,Online,2,13.4,0.0,69.88,26.8,0,Monday,False
106424,2025-12-15,East,Electronics,Smartphone Case,New,Online,3,15.5,0.1,36.07,41.85,0,Monday,False
106425,2025-12-15,South,Home & Kitchen,Blender,Returning,Online,5,37.05,0.0,23.35,185.25,0,Monday,False
106426,2025-12-15,East,Apparel,T-Shirt,Returning,Marketplace,4,20.7,0.0,49.88,82.8,0,Monday,False
106427,2025-12-15,North,Apparel,T-Shirt,New,Online,5,20.22,0.2,52.59,80.88,0,Monday,False
106428,2025-12-15,East,Apparel,T-Shirt,Returning,Online,3,20.79,0.0,32.97,62.37,0,Monday,False
106429,2025-12-15,North,Apparel,Jacket,New,In-Store,1,98.92,0.0,15.41,98.92,0,Monday,False
106430,2025-12-15,West,Apparel,Running Shoes,New,In-Store,1,86.87,0.0,44.35,86.87,0,Monday,False
106431,2025-12-15,South,Beauty,Lipstick Set,New,Online,4,21.44,0.0,67.21,85.76,0,Monday,False
106432,2025-12-16,West,Apparel,Backpack,New,In-Store,1,54.74,0.0,49.14,54.74,0,Tuesday,False
106434,2025-12-16,East,Beauty,Moisturizer,New,Marketplace,4,20.46,0.0,50.19,81.84,0,Tuesday,False
106435,2025-12-16,North,Beauty,Lipstick Set,Returning,Online,3,27.93,0.15,62.29,71.22,0,Tuesday,False
106436,2025-12-16,East,Electronics,Smartphone Case,Returning,Marketplace,5,15.0,0.1,8.76,67.5,0,Tuesday,False
106437,2025-12-16,South,Home & Kitchen,Air Fryer,Loyalty,Online,5,71.54,0.15,27.55,304.04,0,Tuesday,False
106438,2025-12-16,South,Home & Kitchen,Air Fryer,New,In-Store,5,77.44,0.0,48.84,387.2,0,Tuesday,False
106439,2025-12-16,West,Beauty,Lipstick Set,Returning,In-Store,2,30.39,0.0,41.21,60.78,0,Tuesday,False
106440,2025-12-16,East,Home & Kitchen,Air Fryer,Returning,In-Store,3,87.37,0.0,47.35,262.11,0,Tuesday,False
106441,2025-12-16,North,Home & Kitchen,Coffee Maker,Returning,Marketplace,4,62.13,0.0,61.63,248.52,0,Tuesday,False
106442,2025-12-16,East,Apparel,Jacket,Returning,Online,4,91.05,0.15,62.82,309.57,0,Tuesday,False
106443,2025-12-16,East,Apparel,T-Shirt,Returning,Marketplace,3,20.53,0.0,48.73,61.59,0,Tuesday,False
106444,2025-12-16,South,Home & Kitchen,Coffee Maker,New,Online,4,48.26,0.0,5.05,193.04,0,Tuesday,False
106445,2025-12-16,North,Electronics,Bluetooth Speaker,Returning,Online,2,63.55,0.0,17.55,127.1,0,Tuesday,False
106446,2025-12-16,West,Beauty,Lipstick Set,Returning,Marketplace,5,29.06,0.0,69.5,145.3,0,Tuesday,False
106447,2025-12-16,East,Beauty,Face Serum,Returning,In-Store,4,29.36,0.2,65.54,93.95,0,Tuesday,False
106448,2025-12-16,South,Electronics,Bluetooth Speaker,Returning,In-Store,5,60.37,0.0,32.62,301.85,0,Tuesday,False
106449,2025-12-16,North,Apparel,T-Shirt,Returning,Online,3,22.77,0.1,1.23,61.48,0,Tuesday,False
106450,2025-12-16,East,Apparel,Jacket,Returning,In-Store,3,94.08,0.1,33.14,254.02,0,Tuesday,False
106451,2025-12-17,West,Apparel,T-Shirt,New,In-Store,2,23.46,0.0,56.46,46.92,0,Wednesday,False
106452,2025-12-17,East,Beauty,Lipstick Set,New,Online,2,25.52,0.0,55.92,51.04,0,Wednesday,False
106453,2025-12-17,North,Home & Kitchen,Vacuum Cleaner,Returning,Online,2,134.75,0.0,47.86,269.5,0,Wednesday,False
106454,2025-12-17,North,Electronics,Smartphone Case,New,Online,3,17.32,0.0,20.02,51.96,0,Wednesday,False
106455,2025-12-17,East,Electronics,Power Bank,Loyalty,In-Store,2,26.06,0.1,59.03,46.91,0,Wednesday,False
106456,2025-12-17,West,Electronics,Smartphone Case,Loyalty,Online,4,18.07,0.0,2.15,72.28,0,Wednesday,False
106457,2025-12-17,South,Home & Kitchen,Air Fryer,Returning,Online,1,72.88,0.0,40.53,72.88,0,Wednesday,False
106459,2025-12-17,North,Home & Kitchen,Coffee Maker,Returning,Marketplace,1,58.78,0.1,45.26,52.9,0,Wednesday,False
106460,2025-12-18,South,Beauty,Lipstick Set,Loyalty,In-Store,4,22.09,0.0,24.38,88.36,0,Thursday,False
106461,2025-12-18,South,Beauty,Shampoo,New,Online,1,10.58,0.0,14.26,10.58,0,Thursday,False
106462,2025-12-18,West,Electronics,Wireless Earbuds,New,Online,1,50.98,0.0,28.29,50.98,0,Thursday,False
106463,2025-12-18,North,Beauty,Face Serum,New,In-Store,1,33.22,0.2,46.11,26.58,0,Thursday,False
106464,2025-12-18,West,Home & Kitchen,Coffee Maker,New,Online,4,63.26,0.1,43.76,227.74,0,Thursday,False
106465,2025-12-18,East,Electronics,Bluetooth Speaker,New,Online,1,61.6,0.15,54.58,52.36,0,Thursday,False
106466,2025-12-18,West,Electronics,Wireless Earbuds,Loyalty,Online,4,52.7,0.0,49.97,210.8,0,Thursday,False
106468,2025-12-18,North,Apparel,T-Shirt,New,Marketplace,1,21.84,0.0,14.58,21.84,0,Thursday,False
106469,2025-12-18,South,Apparel,Backpack,Returning,Online,4,50.14,0.0,43.52,200.56,0,Thursday,False
106470,2025-12-18,East,Apparel,Backpack,Returning,Online,2,52.79,0.0,59.44,105.58,0,Thursday,False
106471,2025-12-18,South,Apparel,T-Shirt,New,Online,5,16.63,0.0,64.36,83.15,0,Thursday,False
106472,2025-12-18,North,Apparel,Running Shoes,New,Online,5,77.88,0.0,62.84,389.4,0,Thursday,False
106473,2025-12-18,East,Electronics,Power Bank,Returning,In-Store,5,26.2,0.1,58.34,117.9,0,Thursday,False
106474,2025-12-18,North,Electronics,Smartphone Case,Returning,In-Store,4,15.96,0.15,17.24,54.26,0,Thursday,False
106475,2025-12-18,South,Beauty,Shampoo,New,In-Store,3,10.8,0.15,16.08,27.54,0,Thursday,False
106476,2025-12-18,West,Electronics,Bluetooth Speaker,Returning,Online,5,65.37,0.0,42.46,326.85,0,Thursday,False
106477,2025-12-18,West,Apparel,Running Shoes,Loyalty,Marketplace,1,79.3,0.0,43.77,79.3,0,Thursday,False
106478,2025-12-18,East,Home & Kitchen,Air Fryer,New,Online,4,78.55,0.0,31.49,314.2,0,Thursday,False
106479,2025-12-19,North,Home & Kitchen,Blender,Returning,Marketplace,5,47.5,0.1,45.92,213.75,0,Friday,False
106480,2025-12-19,South,Apparel,T-Shirt,Returning,In-Store,2,17.37,0.1,58.83,31.27,0,Friday,False
106481,2025-12-19,East,Home & Kitchen,Vacuum Cleaner,New,Online,2,114.66,0.15,22.64,194.92,0,Friday,False
106482,2025-12-19,South,Home & Kitchen,Coffee Maker,Returning,In-Store,4,47.74,0.0,0.8,190.96,0,Friday,False
106483,2025-12-19,North,Apparel,Running Shoes,New,Online,5,74.73,0.0,39.53,373.65,0,Friday,False
106484,2025-12-19,North,Home & Kitchen,Blender,Returning,Online,3,41.2,0.15,20.81,105.06,0,Friday,False
106485,2025-12-19,West,Apparel,Backpack,Returning,In-Store,4,54.69,0.0,50.31,218.76,0,Friday,False
106486,2025-12-19,North,Home & Kitchen,Vacuum Cleaner,Returning,In-Store,3,125.98,0.0,17.31,377.94,0,Friday,False
106487,2025-12-19,East,Electronics,Power Bank,New,In-Store,5,25.88,0.15,24.74,109.99,0,Friday,False
106488,2025-12-19,North,Beauty,Shampoo,New,Marketplace,4,12.11,0.15,35.28,41.17,0,Friday,False
106489,2025-12-20,East,Beauty,Shampoo,Loyalty,Online,4,12.11,0.1,31.48,43.6,0,Saturday,True
106490,2025-12-20,North,Beauty,Face Serum,Returning,In-Store,5,32.8,0.0,54.74,164.0,0,Saturday,True
106491,2025-12-20,West,Beauty,Moisturizer,Loyalty,Marketplace,3,24.89,0.15,69.49,63.47,0,Saturday,True
106492,2025-12-20,East,Beauty,Face Serum,Returning,Online,2,29.89,0.0,37.05,59.78,0,Saturday,True
106493,2025-12-20,South,Beauty,Lipstick Set,New,In-Store,3,22.94,0.15,15.51,58.5,0,Saturday,True
106494,2025-12-20,South,Home & Kitchen,Air Fryer,New,Marketplace,5,74.4,0.0,45.79,372.0,0,Saturday,True
106495,2025-12-20,North,Apparel,Backpack,New,Online,1,54.27,0.0,5.63,54.27,0,Saturday,True
106496,2025-12-20,South,Beauty,Lipstick Set,Loyalty,In-Store,3,22.82,0.0,9.03,68.46,0,Saturday,True
106497,2025-12-20,North,Apparel,Jacket,Returning,Marketplace,1,98.18,0.0,3.58,98.18,0,Saturday,True
106498,2025-12-20,East,Home & Kitchen,Blender,New,Marketplace,4,40.86,0.1,19.54,147.1,0,Saturday,True
106499,2025-12-20,West,Home & Kitchen,Blender,Returning,Online,5,44.14,0.0,53.05,220.7,0,Saturday,True
106500,2025-12-20,West,Electronics,Wireless Earbuds,Loyalty,Online,3,51.59,0.0,1.91,154.77,0,Saturday,True
106501,2025-12-20,North,Home & Kitchen,Coffee Maker,New,Online,1,57.23,0.1,49.37,51.51,0,Saturday,True
106502,2025-12-20,East,Electronics,Bluetooth Speaker,New,In-Store,3,55.71,0.0,7.0,167.13,0,Saturday,True
106503,2025-12-21,East,Apparel,Running Shoes,Returning,Online,2,69.11,0.0,12.72,138.22,0,Sunday,True
106504,2025-12-21,East,Electronics,Smartphone Case,Returning,Online,5,14.21,0.0,21.39,71.05,0,Sunday,True
106505,2025-12-21,East,Electronics,Power Bank,Loyalty,Marketplace,5,25.11,0.0,53.73,125.55,0,Sunday,True
106506,2025-12-21,South,Electronics,Bluetooth Speaker,Loyalty,Online,2,52.18,0.15,22.0,88.71,0,Sunday,True
106507,2025-12-21,East,Apparel,Running Shoes,Returning,Marketplace,4,70.51,0.0,39.54,282.04,0,Sunday,True
106508,2025-12-21,East,Home & Kitchen,Vacuum Cleaner,Returning,Online,3,122.97,0.0,41.4,368.91,0,Sunday,True
106509,2025-12-21,North,Apparel,Backpack,Returning,Online,3,55.3,0.0,23.77,165.9,0,Sunday,True
106510,2025-12-21,East,Home & Kitchen,Blender,New,Online,5,41.41,0.0,29.71,207.05,0,Sunday,True
106511,2025-12-21,North,Electronics,Bluetooth Speaker,New,Online,1,67.98,0.0,16.29,67.98,0,Sunday,True
106512,2025-12-21,North,Apparel,Running Shoes,Loyalty,Online,4,78.31,0.0,57.42,313.24,0,Sunday,True
106513,2025-12-21,North,Beauty,Face Serum,Returning,In-Store,3,34.29,0.0,50.18,102.87,0,Sunday,True
106515,2025-12-21,South,Apparel,Running Shoes,Returning,Online,4,64.93,0.0,56.25,259.72,0,Sunday,True
106516,2025-12-21,North,Beauty,Face Serum,Returning,Online,4,30.96,0.0,57.52,123.84,0,Sunday,True
106517,2025-12-22,East,Apparel,Jacket,Returning,Marketplace,1,87.16,0.2,60.51,69.73,0,Monday,False
106518,2025-12-22,North,Home & Kitchen,Blender,Returning,Online,1,45.04,0.0,32.75,45.04,0,Monday,False
106519,2025-12-22,North,Electronics,Bluetooth Speaker,Returning,Online,5,67.93,0.0,12.69,339.65,0,Monday,False
106520,2025-12-22,East,Home & Kitchen,Coffee Maker,Returning,Online,1,52.37,0.0,16.36,52.37,0,Monday,False
106521,2025-12-22,North,Electronics,Power Bank,Loyalty,In-Store,2,29.37,0.0,37.28,58.74,0,Monday,False
106522,2025-12-22,East,Apparel,Running Shoes,New,Marketplace,2,73.04,0.15,4.63,124.17,0,Monday,False
106523,2025-12-22,South,Beauty,Shampoo,New,Online,5,10.58,0.0,28.33,52.9,0,Monday,False
106525,2025-12-22,West,Beauty,Face Serum,New,Online,2,36.14,0.0,44.07,72.28,0,Monday,False
106526,2025-12-22,West,Home & Kitchen,Air Fryer,Returning,Online,2,97.69,0.0,13.6,195.38,0,Monday,False
106527,2025-12-22,West,Beauty,Moisturizer,New,Marketplace,4,25.15,0.15,38.93,85.51,0,Monday,False
106528,2025-12-22,East,Apparel,Jacket,New,Marketplace,2,89.37,0.0,16.79,178.74,0,Monday,False
106529,2025-12-22,East,Electronics,Bluetooth Speaker,Returning,Online,2,61.43,0.0,50.48,122.86,0,Monday,False
106530,2025-12-22,South,Electronics,Bluetooth Speaker,Loyalty,Online,4,49.61,0.0,13.07,198.44,0,Monday,False
106531,2025-12-22,South,Apparel,Running Shoes,Returning,Online,4,70.39,0.0,25.39,281.56,0,Monday,False
106532,2025-12-23,West,Beauty,Moisturizer,Loyalty,In-Store,2,25.68,0.0,5.2,51.36,0,Tuesday,False
106533,2025-12-23,South,Beauty,Lipstick Set,Loyalty,Marketplace,2,21.51,0.15,26.18,36.57,0,Tuesday,False
106534,2025-12-23,South,Electronics,Smartphone Case,Returning,Online,1,13.97,0.15,62.52,11.87,0,Tuesday,False
106535,2025-12-23,South,Electronics,Power Bank,Returning,Online,4,22.48,0.0,14.44,89.92,0,Tuesday,False
106536,2025-12-23,North,Electronics,Wireless Earbuds,Returning,Online,1,52.08,0.0,27.93,52.08,0,Tuesday,False
106537,2025-12-23,North,Home & Kitchen,Air Fryer,New,In-Store,3,86.07,0.15,40.44,219.48,0,Tuesday,False
106538,2025-12-23,South,Apparel,Backpack,New,In-Store,5,46.78,0.0,21.57,233.9,0,Tuesday,False
106539,2025-12-23,North,Electronics,Smartphone Case,Returning,In-Store,1,17.46,0.0,59.57,17.46,0,Tuesday,False
106540,2025-12-23,North,Electronics,Smartphone Case,Loyalty,Online,3,15.4,0.0,50.2,46.2,0,Tuesday,False
106541,2025-12-23,South,Beauty,Moisturizer,New,Marketplace,2,20.0,0.0,35.38,40.0,0,Tuesday,False
106542,2025-12-23,South,Home & Kitchen,Vacuum Cleaner,Loyalty,In-Store,3,109.88,0.0,13.18,329.64,0,Tuesday,False
106543,2025-12-23,East,Electronics,Smartphone Case,Returning,In-Store,4,16.39,0.1,25.66,59.0,0,Tuesday,False
106544,2025-12-23,North,Beauty,Shampoo,New,Online,4,13.22,0.0,41.44,52.88,0,Tuesday,False
106545,2025-12-23,North,Home & Kitchen,Coffee Maker,New,Online,4,60.47,0.0,60.29,241.88,0,Tuesday,False
106546,2025-12-23,North,Beauty,Moisturizer,Returning,In-Store,5,23.77,0.0,10.12,118.85,0,Tuesday,False
106547,2025-12-23,North,Electronics,Wireless Earbuds,Returning,Online,1,49.77,0.0,26.83,49.77,0,Tuesday,False
106548,2025-12-23,West,Electronics,Power Bank,Returning,In-Store,3,25.51,0.1,55.31,68.88,0,Tuesday,False
106549,2025-12-23,East,Beauty,Shampoo,Returning,In-Store,3,12.08,0.0,15.87,36.24,0,Tuesday,False
106550,2025-12-23,North,Electronics,Wireless Earbuds,Loyalty,Online,1,45.74,0.15,51.86,38.88,0,Tuesday,False
106551,2025-12-24,East,Electronics,Bluetooth Speaker,New,Marketplace,1,57.52,0.0,68.1,57.52,0,Wednesday,False
106552,2025-12-24,East,Beauty,Shampoo,New,In-Store,1,11.86,0.0,61.18,11.86,0,Wednesday,False
106553,2025-12-24,North,Beauty,Shampoo,Loyalty,Online,2,12.69,0.15,7.82,21.57,0,Wednesday,False
106554,2025-12-24,West,Beauty,Moisturizer,New,Marketplace,1,26.05,0.0,46.34,26.05,0,Wednesday,False
106555,2025-12-24,West,Electronics,Bluetooth Speaker,New,Online,2,69.0,0.0,63.97,138.0,0,Wednesday,False
106556,2025-12-24,West,Beauty,Face Serum,Loyalty,Online,5,34.97,0.1,54.4,157.36,0,Wednesday,False
106557,2025-12-24,East,Electronics,Bluetooth Speaker,Returning,In-Store,1,63.72,0.0,44.94,63.72,0,Wednesday,False
106558,2025-12-24,East,Apparel,T-Shirt,Returning,Online,3,20.03,0.0,15.43,60.09,0,Wednesday,False
106559,2025-12-24,East,Beauty,Lipstick Set,Returning,Online,5,22.5,0.0,61.88,112.5,0,Wednesday,False
106560,2025-12-24,West,Home & Kitchen,Blender,Returning,Online,3,51.45,0.0,37.11,154.35,0,Wednesday,False
106561,2025-12-24,North,Electronics,Smartphone Case,New,In-Store,5,16.63,0.1,28.95,74.83,0,Wednesday,False
106562,2025-12-25,East,Electronics,Smartphone Case,Returning,Online,1,14.52,0.1,14.29,13.07,0,Thursday,False
106563,2025-12-25,West,Home & Kitchen,Blender,Loyalty,Marketplace,5,43.78,0.15,61.57,186.06,0,Thursday,False
106564,2025-12-25,East,Beauty,Lipstick Set,Returning,Marketplace,4,25.68,0.0,5.79,102.72,0,Thursday,False
106565,2025-12-25,South,Home & Kitchen,Coffee Maker,New,In-Store,3,50.28,0.0,56.53,150.84,0,Thursday,False
106566,2025-12-25,North,Beauty,Moisturizer,New,In-Store,1,23.33,0.0,14.86,23.33,0,Thursday,False
106567,2025-12-25,South,Electronics,Bluetooth Speaker,New,Marketplace,1,55.33,0.15,20.81,47.03,0,Thursday,False
106568,2025-12-25,West,Beauty,Lipstick Set,Loyalty,In-Store,1,29.83,0.0,63.9,29.83,0,Thursday,False
106569,2025-12-25,West,Beauty,Lipstick Set,Loyalty,Online,2,29.42,0.1,10.78,52.96,0,Thursday,False
106570,2025-12-25,West,Electronics,Power Bank,Returning,Online,5,28.77,0.0,11.62,143.85,0,Thursday,False
106571,2025-12-25,North,Electronics,Wireless Earbuds,Returning,In-Store,1,49.86,0.1,7.28,44.87,0,Thursday,False
106572,2025-12-25,South,Apparel,Jacket,New,Marketplace,2,78.4,0.0,32.94,156.8,0,Thursday,False
106573,2025-12-26,South,Beauty,Face Serum,Loyalty,Marketplace,5,31.09,0.0,24.75,155.45,0,Friday,False
106574,2025-12-26,East,Beauty,Face Serum,New,In-Store,2,30.08,0.15,24.78,51.14,0,Friday,False
106575,2025-12-26,West,Apparel,Running Shoes,Loyalty,Online,4,74.98,0.0,67.24,299.92,0,Friday,False
106576,2025-12-26,East,Beauty,Moisturizer,Loyalty,Online,1,20.15,0.0,1.05,20.15,0,Friday,False
106577,2025-12-26,East,Electronics,Wireless Earbuds,Returning,In-Store,1,48.74,0.1,58.47,43.87,0,Friday,False
106578,2025-12-26,East,Home & Kitchen,Coffee Maker,Returning,In-Store,2,56.24,0.0,1.71,112.48,0,Friday,False
106579,2025-12-26,South,Apparel,T-Shirt,New,Marketplace,1,18.48,0.0,34.17,18.48,0,Friday,False
106580,2025-12-26,North,Home & Kitchen,Blender,Returning,Online,2,44.34,0.1,50.34,79.81,0,Friday,False
106581,2025-12-26,East,Electronics,Smartphone Case,Returning,Online,5,15.9,0.0,66.3,79.5,0,Friday,False
106582,2025-12-26,North,Apparel,Backpack,Loyalty,In-Store,3,57.72,0.0,26.8,173.16,0,Friday,False
106584,2025-12-26,East,Home & Kitchen,Coffee Maker,Returning,Marketplace,3,54.96,0.0,14.64,164.88,0,Friday,False
106585,2025-12-26,North,Home & Kitchen,Air Fryer,Loyalty,Online,1,88.79,0.0,54.05,88.79,0,Friday,False
106586,2025-12-26,North,Apparel,Backpack,New,Marketplace,5,53.71,0.15,45.43,228.27,0,Friday,False
106588,2025-12-27,North,Electronics,Wireless Earbuds,Loyalty,Online,2,51.36,0.1,3.37,92.45,0,Saturday,True
106589,2025-12-27,East,Beauty,Moisturizer,New,Online,2,20.97,0.0,1.57,41.94,0,Saturday,True
106590,2025-12-27,South,Home & Kitchen,Air Fryer,Returning,Online,4,76.22,0.0,57.98,304.88,0,Saturday,True
106591,2025-12-27,West,Apparel,T-Shirt,New,In-Store,2,22.58,0.0,39.77,45.16,0,Saturday,True
106592,2025-12-27,North,Home & Kitchen,Blender,Loyalty,Online,2,44.41,0.0,67.54,88.82,0,Saturday,True
106593,2025-12-27,West,Electronics,Wireless Earbuds,New,In-Store,3,49.24,0.0,63.84,147.72,0,Saturday,True
106595,2025-12-27,North,Beauty,Face Serum,New,Online,3,32.29,0.0,65.79,96.87,0,Saturday,True
106596,2025-12-27,West,Beauty,Face Serum,New,Marketplace,4,33.18,0.0,34.87,132.72,0,Saturday,True
106597,2025-12-27,West,Electronics,Bluetooth Speaker,New,Online,5,72.25,0.0,28.88,361.25,0,Saturday,True
106598,2025-12-27,East,Electronics,Smartphone Case,Loyalty,In-Store,1,13.52,0.15,29.53,11.49,0,Saturday,True
106599,2025-12-27,North,Beauty,Moisturizer,Loyalty,Online,1,24.31,0.0,36.9,24.31,0,Saturday,True
106600,2025-12-27,East,Beauty,Lipstick Set,Loyalty,Marketplace,3,26.29,0.1,0.0,70.98,1,Saturday,True
106601,2025-12-27,West,Home & Kitchen,Vacuum Cleaner,New,Online,3,126.24,0.0,9.09,378.72,0,Saturday,True
106602,2025-12-27,South,Home & Kitchen,Blender,New,Online,1,35.24,0.0,5.64,35.24,0,Saturday,True
106603,2025-12-27,East,Apparel,Backpack,Loyalty,Online,1,50.86,0.0,24.95,50.86,0,Saturday,True
106604,2025-12-27,East,Apparel,T-Shirt,Loyalty,Online,5,18.66,0.0,0.58,93.3,0,Saturday,True
106605,2025-12-27,South,Beauty,Shampoo,New,Online,5,10.68,0.0,26.91,53.4,0,Saturday,True
106606,2025-12-27,West,Home & Kitchen,Coffee Maker,New,Marketplace,1,67.55,0.0,61.12,67.55,0,Saturday,True
106607,2025-12-27,West,Apparel,Running Shoes,Returning,Marketplace,1,79.51,0.0,28.47,79.51,0,Saturday,True
106608,2025-12-27,North,Beauty,Moisturizer,New,In-Store,3,22.27,0.0,61.71,66.81,0,Saturday,True
106610,2025-12-28,South,Apparel,T-Shirt,New,In-Store,1,17.61,0.0,12.66,17.61,0,Sunday,True
106611,2025-12-28,North,Beauty,Lipstick Set,New,Marketplace,2,24.7,0.0,16.39,49.4,0,Sunday,True
106612,2025-12-28,West,Apparel,T-Shirt,Returning,In-Store,3,21.62,0.0,57.67,64.86,0,Sunday,True
106613,2025-12-28,South,Electronics,Wireless Earbuds,Returning,In-Store,1,40.86,0.0,67.57,40.86,0,Sunday,True
106614,2025-12-28,South,Beauty,Moisturizer,Returning,Online,4,19.72,0.0,56.68,78.88,0,Sunday,True
106616,2025-12-28,South,Electronics,Wireless Earbuds,Loyalty,In-Store,1,38.7,0.0,24.82,38.7,0,Sunday,True
106617,2025-12-28,East,Electronics,Smartphone Case,Returning,In-Store,2,13.94,0.0,7.6,27.88,0,Sunday,True
106618,2025-12-28,East,Home & Kitchen,Air Fryer,Loyalty,Online,3,81.49,0.0,44.61,244.47,0,Sunday,True
106619,2025-12-28,North,Beauty,Shampoo,Returning,Marketplace,3,13.77,0.2,4.77,33.05,0,Sunday,True
106620,2025-12-28,East,Electronics,Wireless Earbuds,New,In-Store,4,47.77,0.0,31.7,191.08,0,Sunday,True
106622,2025-12-28,South,Beauty,Face Serum,New,Online,5,26.9,0.0,38.65,134.5,0,Sunday,True
106623,2025-12-28,East,Electronics,Bluetooth Speaker,New,In-Store,5,63.34,0.1,57.56,285.03,0,Sunday,True
106624,2025-12-28,East,Apparel,Jacket,New,Online,3,98.81,0.0,62.58,296.43,0,Sunday,True
106625,2025-12-29,West,Electronics,Power Bank,Returning,In-Store,1,30.05,0.15,68.8,25.54,0,Monday,False
106626,2025-12-29,South,Apparel,Backpack,Returning,In-Store,1,41.95,0.1,41.15,37.76,0,Monday,False
106627,2025-12-29,South,Home & Kitchen,Blender,Returning,Marketplace,5,37.95,0.0,5.87,189.75,0,Monday,False
106628,2025-12-29,South,Beauty,Face Serum,Loyalty,Marketplace,3,26.0,0.0,46.3,78.0,0,Monday,False
106629,2025-12-29,South,Beauty,Lipstick Set,Loyalty,In-Store,3,21.94,0.15,65.47,55.95,0,Monday,False
106630,2025-12-29,East,Home & Kitchen,Air Fryer,New,Online,5,80.91,0.15,45.16,343.87,0,Monday,False
106631,2025-12-29,North,Apparel,Jacket,Returning,Online,2,100.83,0.15,15.9,171.41,0,Monday,False
106632,2025-12-29,South,Home & Kitchen,Vacuum Cleaner,New,In-Store,1,108.7,0.1,63.74,97.83,0,Monday,False
106633,2025-12-29,North,Home & Kitchen,Blender,New,In-Store,5,44.18,0.0,2.96,220.9,0,Monday,False
106634,2025-12-29,North,Electronics,Power Bank,Returning,Online,2,28.04,0.0,46.12,56.08,0,Monday,False
106635,2025-12-29,East,Apparel,T-Shirt,New,Online,2,20.81,0.0,32.34,41.62,0,Monday,False
106636,2025-12-30,South,Electronics,Smartphone Case,Returning,Online,1,13.75,0.15,58.65,11.69,0,Tuesday,False
106637,2025-12-30,North,Beauty,Shampoo,Returning,Marketplace,4,13.01,0.15,23.48,44.23,0,Tuesday,False
106638,2025-12-30,South,Beauty,Shampoo,New,Online,3,10.94,0.1,52.41,29.54,0,Tuesday,False
106639,2025-12-30,West,Electronics,Bluetooth Speaker,Returning,Marketplace,3,66.73,0.15,16.65,170.16,0,Tuesday,False
106640,2025-12-30,North,Apparel,Running Shoes,Returning,Online,3,81.51,0.0,24.4,244.53,0,Tuesday,False
106641,2025-12-30,North,Apparel,Jacket,Loyalty,Marketplace,4,99.71,0.0,3.81,398.84,0,Tuesday,False
106642,2025-12-30,North,Home & Kitchen,Air Fryer,New,Marketplace,1,93.14,0.0,8.63,93.14,0,Tuesday,False
106643,2025-12-30,North,Beauty,Lipstick Set,New,Marketplace,3,28.73,0.15,10.92,73.26,0,Tuesday,False
106644,2025-12-30,West,Home & Kitchen,Coffee Maker,New,In-Store,5,67.97,0.1,19.15,305.86,0,Tuesday,False
